benchmark_split,official_source,image_id,label,class_name,image_path,mask_path
train,train,10000,0,Normal,C:\Users\james\OneDrive - Lancaster University\Documents\Projects\MARS-Summer-Research\data\raw\KolektorSDD2\train\10000.png,C:\Users\james\OneDrive - Lancaster University\Documents\Projects\MARS-Summer-Research\data\raw\KolektorSDD2\train\10000_GT.png
train,train,10002,0,Normal,C:\Users\james\OneDrive - Lancaster University\Documents\Projects\MARS-Summer-Research\data\raw\KolektorSDD2\train\10002.png,C:\Users\james\OneDrive - Lancaster University\Documents\Projects\MARS-Summer-Research\data\raw\KolektorSDD2\train\10002_GT.png
train,train,10003,0,Normal,C:\Users\james\OneDrive - Lancaster University\Documents\Projects\MARS-Summer-Research\data\raw\KolektorSDD2\train\10003.png,C:\Users\james\OneDrive - Lancaster University\Documents\Projects\MARS-Summer-Research\data\raw\KolektorSDD2\train\10003_GT.png
train,train,10004,0,Normal,C:\Users\james\OneDrive - Lancaster University\Documents\Projects\MARS-Summer-Research\data\raw\KolektorSDD2\train\10004.png,C:\Users\james\OneDrive - Lancaster University\Documents\Projects\MARS-Summer-Research\data\raw\KolektorSDD2\train\10004_GT.png
train,train,10005,0,Normal,C:\Users\james\OneDrive - Lancaster University\Documents\Projects\MARS-Summer-Research\data\raw\KolektorSDD2\train\10005.png,C:\Users\james\OneDrive - Lancaster University\Documents\Projects\MARS-Summer-Research\data\raw\KolektorSDD2\train\10005_GT.png
train,train,10006,0,Normal,C:\Users\james\OneDrive - Lancaster University\Documents\Projects\MARS-Summer-Research\data\raw\KolektorSDD2\train\10006.png,C:\Users\james\OneDrive - Lancaster University\Documents\Projects\MARS-Summer-Research\data\raw\KolektorSDD2\train\10006_GT.png
train,train,10007,0,Normal,C:\Users\james\OneDrive - Lancaster University\Documents\Projects\MARS-Summer-Research\data\raw\KolektorSDD2\train\10007.png,C:\Users\james\OneDrive - Lancaster University\Documents\Projects\MARS-Summer-Research\data\raw\KolektorSDD2\train\10007_GT.png
train,train,10009,0,Normal,C:\Users\james\OneDrive - Lancaster University\Documents\Projects\MARS-Summer-Research\data\raw\KolektorSDD2\train\10009.png,C:\Users\james\OneDrive - Lancaster University\Documents\Projects\MARS-Summer-Research\data\raw\KolektorSDD2\train\10009_GT.png
train,train,10010,0,Normal,C:\Users\james\OneDrive - Lancaster University\Documents\Projects\MARS-Summer-Research\data\raw\KolektorSDD2\train\10010.png,C:\Users\james\OneDrive - Lancaster University\Documents\Projects\MARS-Summer-Research\data\raw\KolektorSDD2\train\10010_GT.png
train,train,10011,0,Normal,C:\Users\james\OneDrive - Lancaster University\Documents\Projects\MARS-Summer-Research\data\raw\KolektorSDD2\train\10011.png,C:\Users\james\OneDrive - Lancaster University\Documents\Projects\MARS-Summer-Research\data\raw\KolektorSDD2\train\10011_GT.png
train,train,10012,0,Normal,C:\Users\james\OneDrive - Lancaster University\Documents\Projects\MARS-Summer-Research\data\raw\KolektorSDD2\train\10012.png,C:\Users\james\OneDrive - Lancaster University\Documents\Projects\MARS-Summer-Research\data\raw\KolektorSDD2\train\10012_GT.png
train,train,10013,0,Normal,C:\Users\james\OneDrive - Lancaster University\Documents\Projects\MARS-Summer-Research\data\raw\KolektorSDD2\train\10013.png,C:\Users\james\OneDrive - Lancaster University\Documents\Projects\MARS-Summer-Research\data\raw\KolektorSDD2\train\10013_GT.png
train,train,10015,0,Normal,C:\Users\james\OneDrive - Lancaster University\Documents\Projects\MARS-Summer-Research\data\raw\KolektorSDD2\train\10015.png,C:\Users\james\OneDrive - Lancaster University\Documents\Projects\MARS-Summer-Research\data\raw\KolektorSDD2\train\10015_GT.png
train,train,10017,0,Normal,C:\Users\james\OneDrive - Lancaster University\Documents\Projects\MARS-Summer-Research\data\raw\KolektorSDD2\train\10017.png,C:\Users\james\OneDrive - Lancaster University\Documents\Projects\MARS-Summer-Research\data\raw\KolektorSDD2\train\10017_GT.png
train,train,10018,0,Normal,C:\Users\james\OneDrive - Lancaster University\Documents\Projects\MARS-Summer-Research\data\raw\KolektorSDD2\train\10018.png,C:\Users\james\OneDrive - Lancaster University\Documents\Projects\MARS-Summer-Research\data\raw\KolektorSDD2\train\10018_GT.png
train,train,10019,0,Normal,C:\Users\james\OneDrive - Lancaster University\Documents\Projects\MARS-Summer-Research\data\raw\KolektorSDD2\train\10019.png,C:\Users\james\OneDrive - Lancaster University\Documents\Projects\MARS-Summer-Research\data\raw\KolektorSDD2\train\10019_GT.png
train,train,10020,0,Normal,C:\Users\james\OneDrive - Lancaster University\Documents\Projects\MARS-Summer-Research\data\raw\KolektorSDD2\train\10020.png,C:\Users\james\OneDrive - Lancaster University\Documents\Projects\MARS-Summer-Research\data\raw\KolektorSDD2\train\10020_GT.png
train,train,10023,0,Normal,C:\Users\james\OneDrive - Lancaster University\Documents\Projects\MARS-Summer-Research\data\raw\KolektorSDD2\train\10023.png,C:\Users\james\OneDrive - Lancaster University\Documents\Projects\MARS-Summer-Research\data\raw\KolektorSDD2\train\10023_GT.png
train,train,10024,0,Normal,C:\Users\james\OneDrive - Lancaster University\Documents\Projects\MARS-Summer-Research\data\raw\KolektorSDD2\train\10024.png,C:\Users\james\OneDrive - Lancaster University\Documents\Projects\MARS-Summer-Research\data\raw\KolektorSDD2\train\10024_GT.png
train,train,10025,0,Normal,C:\Users\james\OneDrive - Lancaster University\Documents\Projects\MARS-Summer-Research\data\raw\KolektorSDD2\train\10025.png,C:\Users\james\OneDrive - Lancaster University\Documents\Projects\MARS-Summer-Research\data\raw\KolektorSDD2\train\10025_GT.png
train,train,10026,0,Normal,C:\Users\james\OneDrive - Lancaster University\Documents\Projects\MARS-Summer-Research\data\raw\KolektorSDD2\train\10026.png,C:\Users\james\OneDrive - Lancaster University\Documents\Projects\MARS-Summer-Research\data\raw\KolektorSDD2\train\10026_GT.png
train,train,10028,1,Defective,C:\Users\james\OneDrive - Lancaster University\Documents\Projects\MARS-Summer-Research\data\raw\KolektorSDD2\train\10028.png,C:\Users\james\OneDrive - Lancaster University\Documents\Projects\MARS-Summer-Research\data\raw\KolektorSDD2\train\10028_GT.png
train,train,10029,0,Normal,C:\Users\james\OneDrive - Lancaster University\Documents\Projects\MARS-Summer-Research\data\raw\KolektorSDD2\train\10029.png,C:\Users\james\OneDrive - Lancaster University\Documents\Projects\MARS-Summer-Research\data\raw\KolektorSDD2\train\10029_GT.png
train,train,10030,0,Normal,C:\Users\james\OneDrive - Lancaster University\Documents\Projects\MARS-Summer-Research\data\raw\KolektorSDD2\train\10030.png,C:\Users\james\OneDrive - Lancaster University\Documents\Projects\MARS-Summer-Research\data\raw\KolektorSDD2\train\10030_GT.png
train,train,10031,0,Normal,C:\Users\james\OneDrive - Lancaster University\Documents\Projects\MARS-Summer-Research\data\raw\KolektorSDD2\train\10031.png,C:\Users\james\OneDrive - Lancaster University\Documents\Projects\MARS-Summer-Research\data\raw\KolektorSDD2\train\10031_GT.png
train,train,10032,0,Normal,C:\Users\james\OneDrive - Lancaster University\Documents\Projects\MARS-Summer-Research\data\raw\KolektorSDD2\train\10032.png,C:\Users\james\OneDrive - Lancaster University\Documents\Projects\MARS-Summer-Research\data\raw\KolektorSDD2\train\10032_GT.png
train,train,10033,0,Normal,C:\Users\james\OneDrive - Lancaster University\Documents\Projects\MARS-Summer-Research\data\raw\KolektorSDD2\train\10033.png,C:\Users\james\OneDrive - Lancaster University\Documents\Projects\MARS-Summer-Research\data\raw\KolektorSDD2\train\10033_GT.png
train,train,10034,0,Normal,C:\Users\james\OneDrive - Lancaster University\Documents\Projects\MARS-Summer-Research\data\raw\KolektorSDD2\train\10034.png,C:\Users\james\OneDrive - Lancaster University\Documents\Projects\MARS-Summer-Research\data\raw\KolektorSDD2\train\10034_GT.png
train,train,10035,0,Normal,C:\Users\james\OneDrive - Lancaster University\Documents\Projects\MARS-Summer-Research\data\raw\KolektorSDD2\train\10035.png,C:\Users\james\OneDrive - Lancaster University\Documents\Projects\MARS-Summer-Research\data\raw\KolektorSDD2\train\10035_GT.png
train,train,10037,0,Normal,C:\Users\james\OneDrive - Lancaster University\Documents\Projects\MARS-Summer-Research\data\raw\KolektorSDD2\train\10037.png,C:\Users\james\OneDrive - Lancaster University\Documents\Projects\MARS-Summer-Research\data\raw\KolektorSDD2\train\10037_GT.png
train,train,10038,0,Normal,C:\Users\james\OneDrive - Lancaster University\Documents\Projects\MARS-Summer-Research\data\raw\KolektorSDD2\train\10038.png,C:\Users\james\OneDrive - Lancaster University\Documents\Projects\MARS-Summer-Research\data\raw\KolektorSDD2\train\10038_GT.png
train,train,10040,0,Normal,C:\Users\james\OneDrive - Lancaster University\Documents\Projects\MARS-Summer-Research\data\raw\KolektorSDD2\train\10040.png,C:\Users\james\OneDrive - Lancaster University\Documents\Projects\MARS-Summer-Research\data\raw\KolektorSDD2\train\10040_GT.png
train,train,10041,0,Normal,C:\Users\james\OneDrive - Lancaster University\Documents\Projects\MARS-Summer-Research\data\raw\KolektorSDD2\train\10041.png,C:\Users\james\OneDrive - Lancaster University\Documents\Projects\MARS-Summer-Research\data\raw\KolektorSDD2\train\10041_GT.png
train,train,10043,0,Normal,C:\Users\james\OneDrive - Lancaster University\Documents\Projects\MARS-Summer-Research\data\raw\KolektorSDD2\train\10043.png,C:\Users\james\OneDrive - Lancaster University\Documents\Projects\MARS-Summer-Research\data\raw\KolektorSDD2\train\10043_GT.png
train,train,10044,0,Normal,C:\Users\james\OneDrive - Lancaster University\Documents\Projects\MARS-Summer-Research\data\raw\KolektorSDD2\train\10044.png,C:\Users\james\OneDrive - Lancaster University\Documents\Projects\MARS-Summer-Research\data\raw\KolektorSDD2\train\10044_GT.png
train,train,10045,1,Defective,C:\Users\james\OneDrive - Lancaster University\Documents\Projects\MARS-Summer-Research\data\raw\KolektorSDD2\train\10045.png,C:\Users\james\OneDrive - Lancaster University\Documents\Projects\MARS-Summer-Research\data\raw\KolektorSDD2\train\10045_GT.png
train,train,10046,0,Normal,C:\Users\james\OneDrive - Lancaster University\Documents\Projects\MARS-Summer-Research\data\raw\KolektorSDD2\train\10046.png,C:\Users\james\OneDrive - Lancaster University\Documents\Projects\MARS-Summer-Research\data\raw\KolektorSDD2\train\10046_GT.png
train,train,10047,1,Defective,C:\Users\james\OneDrive - Lancaster University\Documents\Projects\MARS-Summer-Research\data\raw\KolektorSDD2\train\10047.png,C:\Users\james\OneDrive - Lancaster University\Documents\Projects\MARS-Summer-Research\data\raw\KolektorSDD2\train\10047_GT.png
train,train,10048,0,Normal,C:\Users\james\OneDrive - Lancaster University\Documents\Projects\MARS-Summer-Research\data\raw\KolektorSDD2\train\10048.png,C:\Users\james\OneDrive - Lancaster University\Documents\Projects\MARS-Summer-Research\data\raw\KolektorSDD2\train\10048_GT.png
train,train,10049,0,Normal,C:\Users\james\OneDrive - Lancaster University\Documents\Projects\MARS-Summer-Research\data\raw\KolektorSDD2\train\10049.png,C:\Users\james\OneDrive - Lancaster University\Documents\Projects\MARS-Summer-Research\data\raw\KolektorSDD2\train\10049_GT.png
train,train,10050,0,Normal,C:\Users\james\OneDrive - Lancaster University\Documents\Projects\MARS-Summer-Research\data\raw\KolektorSDD2\train\10050.png,C:\Users\james\OneDrive - Lancaster University\Documents\Projects\MARS-Summer-Research\data\raw\KolektorSDD2\train\10050_GT.png
train,train,10051,0,Normal,C:\Users\james\OneDrive - Lancaster University\Documents\Projects\MARS-Summer-Research\data\raw\KolektorSDD2\train\10051.png,C:\Users\james\OneDrive - Lancaster University\Documents\Projects\MARS-Summer-Research\data\raw\KolektorSDD2\train\10051_GT.png
train,train,10052,0,Normal,C:\Users\james\OneDrive - Lancaster University\Documents\Projects\MARS-Summer-Research\data\raw\KolektorSDD2\train\10052.png,C:\Users\james\OneDrive - Lancaster University\Documents\Projects\MARS-Summer-Research\data\raw\KolektorSDD2\train\10052_GT.png
train,train,10053,0,Normal,C:\Users\james\OneDrive - Lancaster University\Documents\Projects\MARS-Summer-Research\data\raw\KolektorSDD2\train\10053.png,C:\Users\james\OneDrive - Lancaster University\Documents\Projects\MARS-Summer-Research\data\raw\KolektorSDD2\train\10053_GT.png
train,train,10054,0,Normal,C:\Users\james\OneDrive - Lancaster University\Documents\Projects\MARS-Summer-Research\data\raw\KolektorSDD2\train\10054.png,C:\Users\james\OneDrive - Lancaster University\Documents\Projects\MARS-Summer-Research\data\raw\KolektorSDD2\train\10054_GT.png
train,train,10055,0,Normal,C:\Users\james\OneDrive - Lancaster University\Documents\Projects\MARS-Summer-Research\data\raw\KolektorSDD2\train\10055.png,C:\Users\james\OneDrive - Lancaster University\Documents\Projects\MARS-Summer-Research\data\raw\KolektorSDD2\train\10055_GT.png
train,train,10056,0,Normal,C:\Users\james\OneDrive - Lancaster University\Documents\Projects\MARS-Summer-Research\data\raw\KolektorSDD2\train\10056.png,C:\Users\james\OneDrive - Lancaster University\Documents\Projects\MARS-Summer-Research\data\raw\KolektorSDD2\train\10056_GT.png
train,train,10057,1,Defective,C:\Users\james\OneDrive - Lancaster University\Documents\Projects\MARS-Summer-Research\data\raw\KolektorSDD2\train\10057.png,C:\Users\james\OneDrive - Lancaster University\Documents\Projects\MARS-Summer-Research\data\raw\KolektorSDD2\train\10057_GT.png
train,train,10059,0,Normal,C:\Users\james\OneDrive - Lancaster University\Documents\Projects\MARS-Summer-Research\data\raw\KolektorSDD2\train\10059.png,C:\Users\james\OneDrive - Lancaster University\Documents\Projects\MARS-Summer-Research\data\raw\KolektorSDD2\train\10059_GT.png
train,train,10060,1,Defective,C:\Users\james\OneDrive - Lancaster University\Documents\Projects\MARS-Summer-Research\data\raw\KolektorSDD2\train\10060.png,C:\Users\james\OneDrive - Lancaster University\Documents\Projects\MARS-Summer-Research\data\raw\KolektorSDD2\train\10060_GT.png
train,train,10061,0,Normal,C:\Users\james\OneDrive - Lancaster University\Documents\Projects\MARS-Summer-Research\data\raw\KolektorSDD2\train\10061.png,C:\Users\james\OneDrive - Lancaster University\Documents\Projects\MARS-Summer-Research\data\raw\KolektorSDD2\train\10061_GT.png
train,train,10062,0,Normal,C:\Users\james\OneDrive - Lancaster University\Documents\Projects\MARS-Summer-Research\data\raw\KolektorSDD2\train\10062.png,C:\Users\james\OneDrive - Lancaster University\Documents\Projects\MARS-Summer-Research\data\raw\KolektorSDD2\train\10062_GT.png
train,train,10063,0,Normal,C:\Users\james\OneDrive - Lancaster University\Documents\Projects\MARS-Summer-Research\data\raw\KolektorSDD2\train\10063.png,C:\Users\james\OneDrive - Lancaster University\Documents\Projects\MARS-Summer-Research\data\raw\KolektorSDD2\train\10063_GT.png
train,train,10064,0,Normal,C:\Users\james\OneDrive - Lancaster University\Documents\Projects\MARS-Summer-Research\data\raw\KolektorSDD2\train\10064.png,C:\Users\james\OneDrive - Lancaster University\Documents\Projects\MARS-Summer-Research\data\raw\KolektorSDD2\train\10064_GT.png
train,train,10065,1,Defective,C:\Users\james\OneDrive - Lancaster University\Documents\Projects\MARS-Summer-Research\data\raw\KolektorSDD2\train\10065.png,C:\Users\james\OneDrive - Lancaster University\Documents\Projects\MARS-Summer-Research\data\raw\KolektorSDD2\train\10065_GT.png
train,train,10066,0,Normal,C:\Users\james\OneDrive - Lancaster University\Documents\Projects\MARS-Summer-Research\data\raw\KolektorSDD2\train\10066.png,C:\Users\james\OneDrive - Lancaster University\Documents\Projects\MARS-Summer-Research\data\raw\KolektorSDD2\train\10066_GT.png
train,train,10067,0,Normal,C:\Users\james\OneDrive - Lancaster University\Documents\Projects\MARS-Summer-Research\data\raw\KolektorSDD2\train\10067.png,C:\Users\james\OneDrive - Lancaster University\Documents\Projects\MARS-Summer-Research\data\raw\KolektorSDD2\train\10067_GT.png
train,train,10068,0,Normal,C:\Users\james\OneDrive - Lancaster University\Documents\Projects\MARS-Summer-Research\data\raw\KolektorSDD2\train\10068.png,C:\Users\james\OneDrive - Lancaster University\Documents\Projects\MARS-Summer-Research\data\raw\KolektorSDD2\train\10068_GT.png
train,train,10069,0,Normal,C:\Users\james\OneDrive - Lancaster University\Documents\Projects\MARS-Summer-Research\data\raw\KolektorSDD2\train\10069.png,C:\Users\james\OneDrive - Lancaster University\Documents\Projects\MARS-Summer-Research\data\raw\KolektorSDD2\train\10069_GT.png
train,train,10070,0,Normal,C:\Users\james\OneDrive - Lancaster University\Documents\Projects\MARS-Summer-Research\data\raw\KolektorSDD2\train\10070.png,C:\Users\james\OneDrive - Lancaster University\Documents\Projects\MARS-Summer-Research\data\raw\KolektorSDD2\train\10070_GT.png
train,train,10072,0,Normal,C:\Users\james\OneDrive - Lancaster University\Documents\Projects\MARS-Summer-Research\data\raw\KolektorSDD2\train\10072.png,C:\Users\james\OneDrive - Lancaster University\Documents\Projects\MARS-Summer-Research\data\raw\KolektorSDD2\train\10072_GT.png
train,train,10073,0,Normal,C:\Users\james\OneDrive - Lancaster University\Documents\Projects\MARS-Summer-Research\data\raw\KolektorSDD2\train\10073.png,C:\Users\james\OneDrive - Lancaster University\Documents\Projects\MARS-Summer-Research\data\raw\KolektorSDD2\train\10073_GT.png
train,train,10074,0,Normal,C:\Users\james\OneDrive - Lancaster University\Documents\Projects\MARS-Summer-Research\data\raw\KolektorSDD2\train\10074.png,C:\Users\james\OneDrive - Lancaster University\Documents\Projects\MARS-Summer-Research\data\raw\KolektorSDD2\train\10074_GT.png
train,train,10075,0,Normal,C:\Users\james\OneDrive - Lancaster University\Documents\Projects\MARS-Summer-Research\data\raw\KolektorSDD2\train\10075.png,C:\Users\james\OneDrive - Lancaster University\Documents\Projects\MARS-Summer-Research\data\raw\KolektorSDD2\train\10075_GT.png
train,train,10076,0,Normal,C:\Users\james\OneDrive - Lancaster University\Documents\Projects\MARS-Summer-Research\data\raw\KolektorSDD2\train\10076.png,C:\Users\james\OneDrive - Lancaster University\Documents\Projects\MARS-Summer-Research\data\raw\KolektorSDD2\train\10076_GT.png
train,train,10077,0,Normal,C:\Users\james\OneDrive - Lancaster University\Documents\Projects\MARS-Summer-Research\data\raw\KolektorSDD2\train\10077.png,C:\Users\james\OneDrive - Lancaster University\Documents\Projects\MARS-Summer-Research\data\raw\KolektorSDD2\train\10077_GT.png
train,train,10078,0,Normal,C:\Users\james\OneDrive - Lancaster University\Documents\Projects\MARS-Summer-Research\data\raw\KolektorSDD2\train\10078.png,C:\Users\james\OneDrive - Lancaster University\Documents\Projects\MARS-Summer-Research\data\raw\KolektorSDD2\train\10078_GT.png
train,train,10079,0,Normal,C:\Users\james\OneDrive - Lancaster University\Documents\Projects\MARS-Summer-Research\data\raw\KolektorSDD2\train\10079.png,C:\Users\james\OneDrive - Lancaster University\Documents\Projects\MARS-Summer-Research\data\raw\KolektorSDD2\train\10079_GT.png
train,train,10080,0,Normal,C:\Users\james\OneDrive - Lancaster University\Documents\Projects\MARS-Summer-Research\data\raw\KolektorSDD2\train\10080.png,C:\Users\james\OneDrive - Lancaster University\Documents\Projects\MARS-Summer-Research\data\raw\KolektorSDD2\train\10080_GT.png
train,train,10081,0,Normal,C:\Users\james\OneDrive - Lancaster University\Documents\Projects\MARS-Summer-Research\data\raw\KolektorSDD2\train\10081.png,C:\Users\james\OneDrive - Lancaster University\Documents\Projects\MARS-Summer-Research\data\raw\KolektorSDD2\train\10081_GT.png
train,train,10082,0,Normal,C:\Users\james\OneDrive - Lancaster University\Documents\Projects\MARS-Summer-Research\data\raw\KolektorSDD2\train\10082.png,C:\Users\james\OneDrive - Lancaster University\Documents\Projects\MARS-Summer-Research\data\raw\KolektorSDD2\train\10082_GT.png
train,train,10083,0,Normal,C:\Users\james\OneDrive - Lancaster University\Documents\Projects\MARS-Summer-Research\data\raw\KolektorSDD2\train\10083.png,C:\Users\james\OneDrive - Lancaster University\Documents\Projects\MARS-Summer-Research\data\raw\KolektorSDD2\train\10083_GT.png
train,train,10084,1,Defective,C:\Users\james\OneDrive - Lancaster University\Documents\Projects\MARS-Summer-Research\data\raw\KolektorSDD2\train\10084.png,C:\Users\james\OneDrive - Lancaster University\Documents\Projects\MARS-Summer-Research\data\raw\KolektorSDD2\train\10084_GT.png
train,train,10085,0,Normal,C:\Users\james\OneDrive - Lancaster University\Documents\Projects\MARS-Summer-Research\data\raw\KolektorSDD2\train\10085.png,C:\Users\james\OneDrive - Lancaster University\Documents\Projects\MARS-Summer-Research\data\raw\KolektorSDD2\train\10085_GT.png
train,train,10086,0,Normal,C:\Users\james\OneDrive - Lancaster University\Documents\Projects\MARS-Summer-Research\data\raw\KolektorSDD2\train\10086.png,C:\Users\james\OneDrive - Lancaster University\Documents\Projects\MARS-Summer-Research\data\raw\KolektorSDD2\train\10086_GT.png
train,train,10087,0,Normal,C:\Users\james\OneDrive - Lancaster University\Documents\Projects\MARS-Summer-Research\data\raw\KolektorSDD2\train\10087.png,C:\Users\james\OneDrive - Lancaster University\Documents\Projects\MARS-Summer-Research\data\raw\KolektorSDD2\train\10087_GT.png
train,train,10088,0,Normal,C:\Users\james\OneDrive - Lancaster University\Documents\Projects\MARS-Summer-Research\data\raw\KolektorSDD2\train\10088.png,C:\Users\james\OneDrive - Lancaster University\Documents\Projects\MARS-Summer-Research\data\raw\KolektorSDD2\train\10088_GT.png
train,train,10089,0,Normal,C:\Users\james\OneDrive - Lancaster University\Documents\Projects\MARS-Summer-Research\data\raw\KolektorSDD2\train\10089.png,C:\Users\james\OneDrive - Lancaster University\Documents\Projects\MARS-Summer-Research\data\raw\KolektorSDD2\train\10089_GT.png
train,train,10090,1,Defective,C:\Users\james\OneDrive - Lancaster University\Documents\Projects\MARS-Summer-Research\data\raw\KolektorSDD2\train\10090.png,C:\Users\james\OneDrive - Lancaster University\Documents\Projects\MARS-Summer-Research\data\raw\KolektorSDD2\train\10090_GT.png
train,train,10091,0,Normal,C:\Users\james\OneDrive - Lancaster University\Documents\Projects\MARS-Summer-Research\data\raw\KolektorSDD2\train\10091.png,C:\Users\james\OneDrive - Lancaster University\Documents\Projects\MARS-Summer-Research\data\raw\KolektorSDD2\train\10091_GT.png
train,train,10092,0,Normal,C:\Users\james\OneDrive - Lancaster University\Documents\Projects\MARS-Summer-Research\data\raw\KolektorSDD2\train\10092.png,C:\Users\james\OneDrive - Lancaster University\Documents\Projects\MARS-Summer-Research\data\raw\KolektorSDD2\train\10092_GT.png
train,train,10093,0,Normal,C:\Users\james\OneDrive - Lancaster University\Documents\Projects\MARS-Summer-Research\data\raw\KolektorSDD2\train\10093.png,C:\Users\james\OneDrive - Lancaster University\Documents\Projects\MARS-Summer-Research\data\raw\KolektorSDD2\train\10093_GT.png
train,train,10094,0,Normal,C:\Users\james\OneDrive - Lancaster University\Documents\Projects\MARS-Summer-Research\data\raw\KolektorSDD2\train\10094.png,C:\Users\james\OneDrive - Lancaster University\Documents\Projects\MARS-Summer-Research\data\raw\KolektorSDD2\train\10094_GT.png
train,train,10095,0,Normal,C:\Users\james\OneDrive - Lancaster University\Documents\Projects\MARS-Summer-Research\data\raw\KolektorSDD2\train\10095.png,C:\Users\james\OneDrive - Lancaster University\Documents\Projects\MARS-Summer-Research\data\raw\KolektorSDD2\train\10095_GT.png
train,train,10096,0,Normal,C:\Users\james\OneDrive - Lancaster University\Documents\Projects\MARS-Summer-Research\data\raw\KolektorSDD2\train\10096.png,C:\Users\james\OneDrive - Lancaster University\Documents\Projects\MARS-Summer-Research\data\raw\KolektorSDD2\train\10096_GT.png
train,train,10097,0,Normal,C:\Users\james\OneDrive - Lancaster University\Documents\Projects\MARS-Summer-Research\data\raw\KolektorSDD2\train\10097.png,C:\Users\james\OneDrive - Lancaster University\Documents\Projects\MARS-Summer-Research\data\raw\KolektorSDD2\train\10097_GT.png
train,train,10098,0,Normal,C:\Users\james\OneDrive - Lancaster University\Documents\Projects\MARS-Summer-Research\data\raw\KolektorSDD2\train\10098.png,C:\Users\james\OneDrive - Lancaster University\Documents\Projects\MARS-Summer-Research\data\raw\KolektorSDD2\train\10098_GT.png
train,train,10099,0,Normal,C:\Users\james\OneDrive - Lancaster University\Documents\Projects\MARS-Summer-Research\data\raw\KolektorSDD2\train\10099.png,C:\Users\james\OneDrive - Lancaster University\Documents\Projects\MARS-Summer-Research\data\raw\KolektorSDD2\train\10099_GT.png
train,train,10100,0,Normal,C:\Users\james\OneDrive - Lancaster University\Documents\Projects\MARS-Summer-Research\data\raw\KolektorSDD2\train\10100.png,C:\Users\james\OneDrive - Lancaster University\Documents\Projects\MARS-Summer-Research\data\raw\KolektorSDD2\train\10100_GT.png
train,train,10101,0,Normal,C:\Users\james\OneDrive - Lancaster University\Documents\Projects\MARS-Summer-Research\data\raw\KolektorSDD2\train\10101.png,C:\Users\james\OneDrive - Lancaster University\Documents\Projects\MARS-Summer-Research\data\raw\KolektorSDD2\train\10101_GT.png
train,train,10102,0,Normal,C:\Users\james\OneDrive - Lancaster University\Documents\Projects\MARS-Summer-Research\data\raw\KolektorSDD2\train\10102.png,C:\Users\james\OneDrive - Lancaster University\Documents\Projects\MARS-Summer-Research\data\raw\KolektorSDD2\train\10102_GT.png
train,train,10103,0,Normal,C:\Users\james\OneDrive - Lancaster University\Documents\Projects\MARS-Summer-Research\data\raw\KolektorSDD2\train\10103.png,C:\Users\james\OneDrive - Lancaster University\Documents\Projects\MARS-Summer-Research\data\raw\KolektorSDD2\train\10103_GT.png
train,train,10105,0,Normal,C:\Users\james\OneDrive - Lancaster University\Documents\Projects\MARS-Summer-Research\data\raw\KolektorSDD2\train\10105.png,C:\Users\james\OneDrive - Lancaster University\Documents\Projects\MARS-Summer-Research\data\raw\KolektorSDD2\train\10105_GT.png
train,train,10106,0,Normal,C:\Users\james\OneDrive - Lancaster University\Documents\Projects\MARS-Summer-Research\data\raw\KolektorSDD2\train\10106.png,C:\Users\james\OneDrive - Lancaster University\Documents\Projects\MARS-Summer-Research\data\raw\KolektorSDD2\train\10106_GT.png
train,train,10108,0,Normal,C:\Users\james\OneDrive - Lancaster University\Documents\Projects\MARS-Summer-Research\data\raw\KolektorSDD2\train\10108.png,C:\Users\james\OneDrive - Lancaster University\Documents\Projects\MARS-Summer-Research\data\raw\KolektorSDD2\train\10108_GT.png
train,train,10109,0,Normal,C:\Users\james\OneDrive - Lancaster University\Documents\Projects\MARS-Summer-Research\data\raw\KolektorSDD2\train\10109.png,C:\Users\james\OneDrive - Lancaster University\Documents\Projects\MARS-Summer-Research\data\raw\KolektorSDD2\train\10109_GT.png
train,train,10110,0,Normal,C:\Users\james\OneDrive - Lancaster University\Documents\Projects\MARS-Summer-Research\data\raw\KolektorSDD2\train\10110.png,C:\Users\james\OneDrive - Lancaster University\Documents\Projects\MARS-Summer-Research\data\raw\KolektorSDD2\train\10110_GT.png
train,train,10111,0,Normal,C:\Users\james\OneDrive - Lancaster University\Documents\Projects\MARS-Summer-Research\data\raw\KolektorSDD2\train\10111.png,C:\Users\james\OneDrive - Lancaster University\Documents\Projects\MARS-Summer-Research\data\raw\KolektorSDD2\train\10111_GT.png
train,train,10113,0,Normal,C:\Users\james\OneDrive - Lancaster University\Documents\Projects\MARS-Summer-Research\data\raw\KolektorSDD2\train\10113.png,C:\Users\james\OneDrive - Lancaster University\Documents\Projects\MARS-Summer-Research\data\raw\KolektorSDD2\train\10113_GT.png
train,train,10114,0,Normal,C:\Users\james\OneDrive - Lancaster University\Documents\Projects\MARS-Summer-Research\data\raw\KolektorSDD2\train\10114.png,C:\Users\james\OneDrive - Lancaster University\Documents\Projects\MARS-Summer-Research\data\raw\KolektorSDD2\train\10114_GT.png
train,train,10115,0,Normal,C:\Users\james\OneDrive - Lancaster University\Documents\Projects\MARS-Summer-Research\data\raw\KolektorSDD2\train\10115.png,C:\Users\james\OneDrive - Lancaster University\Documents\Projects\MARS-Summer-Research\data\raw\KolektorSDD2\train\10115_GT.png
train,train,10116,0,Normal,C:\Users\james\OneDrive - Lancaster University\Documents\Projects\MARS-Summer-Research\data\raw\KolektorSDD2\train\10116.png,C:\Users\james\OneDrive - Lancaster University\Documents\Projects\MARS-Summer-Research\data\raw\KolektorSDD2\train\10116_GT.png
train,train,10117,0,Normal,C:\Users\james\OneDrive - Lancaster University\Documents\Projects\MARS-Summer-Research\data\raw\KolektorSDD2\train\10117.png,C:\Users\james\OneDrive - Lancaster University\Documents\Projects\MARS-Summer-Research\data\raw\KolektorSDD2\train\10117_GT.png
train,train,10118,0,Normal,C:\Users\james\OneDrive - Lancaster University\Documents\Projects\MARS-Summer-Research\data\raw\KolektorSDD2\train\10118.png,C:\Users\james\OneDrive - Lancaster University\Documents\Projects\MARS-Summer-Research\data\raw\KolektorSDD2\train\10118_GT.png
train,train,10119,0,Normal,C:\Users\james\OneDrive - Lancaster University\Documents\Projects\MARS-Summer-Research\data\raw\KolektorSDD2\train\10119.png,C:\Users\james\OneDrive - Lancaster University\Documents\Projects\MARS-Summer-Research\data\raw\KolektorSDD2\train\10119_GT.png
train,train,10120,0,Normal,C:\Users\james\OneDrive - Lancaster University\Documents\Projects\MARS-Summer-Research\data\raw\KolektorSDD2\train\10120.png,C:\Users\james\OneDrive - Lancaster University\Documents\Projects\MARS-Summer-Research\data\raw\KolektorSDD2\train\10120_GT.png
train,train,10122,0,Normal,C:\Users\james\OneDrive - Lancaster University\Documents\Projects\MARS-Summer-Research\data\raw\KolektorSDD2\train\10122.png,C:\Users\james\OneDrive - Lancaster University\Documents\Projects\MARS-Summer-Research\data\raw\KolektorSDD2\train\10122_GT.png
train,train,10123,0,Normal,C:\Users\james\OneDrive - Lancaster University\Documents\Projects\MARS-Summer-Research\data\raw\KolektorSDD2\train\10123.png,C:\Users\james\OneDrive - Lancaster University\Documents\Projects\MARS-Summer-Research\data\raw\KolektorSDD2\train\10123_GT.png
train,train,10124,0,Normal,C:\Users\james\OneDrive - Lancaster University\Documents\Projects\MARS-Summer-Research\data\raw\KolektorSDD2\train\10124.png,C:\Users\james\OneDrive - Lancaster University\Documents\Projects\MARS-Summer-Research\data\raw\KolektorSDD2\train\10124_GT.png
train,train,10125,0,Normal,C:\Users\james\OneDrive - Lancaster University\Documents\Projects\MARS-Summer-Research\data\raw\KolektorSDD2\train\10125.png,C:\Users\james\OneDrive - Lancaster University\Documents\Projects\MARS-Summer-Research\data\raw\KolektorSDD2\train\10125_GT.png
train,train,10126,0,Normal,C:\Users\james\OneDrive - Lancaster University\Documents\Projects\MARS-Summer-Research\data\raw\KolektorSDD2\train\10126.png,C:\Users\james\OneDrive - Lancaster University\Documents\Projects\MARS-Summer-Research\data\raw\KolektorSDD2\train\10126_GT.png
train,train,10127,0,Normal,C:\Users\james\OneDrive - Lancaster University\Documents\Projects\MARS-Summer-Research\data\raw\KolektorSDD2\train\10127.png,C:\Users\james\OneDrive - Lancaster University\Documents\Projects\MARS-Summer-Research\data\raw\KolektorSDD2\train\10127_GT.png
train,train,10128,0,Normal,C:\Users\james\OneDrive - Lancaster University\Documents\Projects\MARS-Summer-Research\data\raw\KolektorSDD2\train\10128.png,C:\Users\james\OneDrive - Lancaster University\Documents\Projects\MARS-Summer-Research\data\raw\KolektorSDD2\train\10128_GT.png
train,train,10129,0,Normal,C:\Users\james\OneDrive - Lancaster University\Documents\Projects\MARS-Summer-Research\data\raw\KolektorSDD2\train\10129.png,C:\Users\james\OneDrive - Lancaster University\Documents\Projects\MARS-Summer-Research\data\raw\KolektorSDD2\train\10129_GT.png
train,train,10130,0,Normal,C:\Users\james\OneDrive - Lancaster University\Documents\Projects\MARS-Summer-Research\data\raw\KolektorSDD2\train\10130.png,C:\Users\james\OneDrive - Lancaster University\Documents\Projects\MARS-Summer-Research\data\raw\KolektorSDD2\train\10130_GT.png
train,train,10132,0,Normal,C:\Users\james\OneDrive - Lancaster University\Documents\Projects\MARS-Summer-Research\data\raw\KolektorSDD2\train\10132.png,C:\Users\james\OneDrive - Lancaster University\Documents\Projects\MARS-Summer-Research\data\raw\KolektorSDD2\train\10132_GT.png
train,train,10133,0,Normal,C:\Users\james\OneDrive - Lancaster University\Documents\Projects\MARS-Summer-Research\data\raw\KolektorSDD2\train\10133.png,C:\Users\james\OneDrive - Lancaster University\Documents\Projects\MARS-Summer-Research\data\raw\KolektorSDD2\train\10133_GT.png
train,train,10134,0,Normal,C:\Users\james\OneDrive - Lancaster University\Documents\Projects\MARS-Summer-Research\data\raw\KolektorSDD2\train\10134.png,C:\Users\james\OneDrive - Lancaster University\Documents\Projects\MARS-Summer-Research\data\raw\KolektorSDD2\train\10134_GT.png
train,train,10135,1,Defective,C:\Users\james\OneDrive - Lancaster University\Documents\Projects\MARS-Summer-Research\data\raw\KolektorSDD2\train\10135.png,C:\Users\james\OneDrive - Lancaster University\Documents\Projects\MARS-Summer-Research\data\raw\KolektorSDD2\train\10135_GT.png
train,train,10136,0,Normal,C:\Users\james\OneDrive - Lancaster University\Documents\Projects\MARS-Summer-Research\data\raw\KolektorSDD2\train\10136.png,C:\Users\james\OneDrive - Lancaster University\Documents\Projects\MARS-Summer-Research\data\raw\KolektorSDD2\train\10136_GT.png
train,train,10137,0,Normal,C:\Users\james\OneDrive - Lancaster University\Documents\Projects\MARS-Summer-Research\data\raw\KolektorSDD2\train\10137.png,C:\Users\james\OneDrive - Lancaster University\Documents\Projects\MARS-Summer-Research\data\raw\KolektorSDD2\train\10137_GT.png
train,train,10138,0,Normal,C:\Users\james\OneDrive - Lancaster University\Documents\Projects\MARS-Summer-Research\data\raw\KolektorSDD2\train\10138.png,C:\Users\james\OneDrive - Lancaster University\Documents\Projects\MARS-Summer-Research\data\raw\KolektorSDD2\train\10138_GT.png
train,train,10139,0,Normal,C:\Users\james\OneDrive - Lancaster University\Documents\Projects\MARS-Summer-Research\data\raw\KolektorSDD2\train\10139.png,C:\Users\james\OneDrive - Lancaster University\Documents\Projects\MARS-Summer-Research\data\raw\KolektorSDD2\train\10139_GT.png
train,train,10141,0,Normal,C:\Users\james\OneDrive - Lancaster University\Documents\Projects\MARS-Summer-Research\data\raw\KolektorSDD2\train\10141.png,C:\Users\james\OneDrive - Lancaster University\Documents\Projects\MARS-Summer-Research\data\raw\KolektorSDD2\train\10141_GT.png
train,train,10142,0,Normal,C:\Users\james\OneDrive - Lancaster University\Documents\Projects\MARS-Summer-Research\data\raw\KolektorSDD2\train\10142.png,C:\Users\james\OneDrive - Lancaster University\Documents\Projects\MARS-Summer-Research\data\raw\KolektorSDD2\train\10142_GT.png
train,train,10143,0,Normal,C:\Users\james\OneDrive - Lancaster University\Documents\Projects\MARS-Summer-Research\data\raw\KolektorSDD2\train\10143.png,C:\Users\james\OneDrive - Lancaster University\Documents\Projects\MARS-Summer-Research\data\raw\KolektorSDD2\train\10143_GT.png
train,train,10145,1,Defective,C:\Users\james\OneDrive - Lancaster University\Documents\Projects\MARS-Summer-Research\data\raw\KolektorSDD2\train\10145.png,C:\Users\james\OneDrive - Lancaster University\Documents\Projects\MARS-Summer-Research\data\raw\KolektorSDD2\train\10145_GT.png
train,train,10146,0,Normal,C:\Users\james\OneDrive - Lancaster University\Documents\Projects\MARS-Summer-Research\data\raw\KolektorSDD2\train\10146.png,C:\Users\james\OneDrive - Lancaster University\Documents\Projects\MARS-Summer-Research\data\raw\KolektorSDD2\train\10146_GT.png
train,train,10147,0,Normal,C:\Users\james\OneDrive - Lancaster University\Documents\Projects\MARS-Summer-Research\data\raw\KolektorSDD2\train\10147.png,C:\Users\james\OneDrive - Lancaster University\Documents\Projects\MARS-Summer-Research\data\raw\KolektorSDD2\train\10147_GT.png
train,train,10148,0,Normal,C:\Users\james\OneDrive - Lancaster University\Documents\Projects\MARS-Summer-Research\data\raw\KolektorSDD2\train\10148.png,C:\Users\james\OneDrive - Lancaster University\Documents\Projects\MARS-Summer-Research\data\raw\KolektorSDD2\train\10148_GT.png
train,train,10149,0,Normal,C:\Users\james\OneDrive - Lancaster University\Documents\Projects\MARS-Summer-Research\data\raw\KolektorSDD2\train\10149.png,C:\Users\james\OneDrive - Lancaster University\Documents\Projects\MARS-Summer-Research\data\raw\KolektorSDD2\train\10149_GT.png
train,train,10150,0,Normal,C:\Users\james\OneDrive - Lancaster University\Documents\Projects\MARS-Summer-Research\data\raw\KolektorSDD2\train\10150.png,C:\Users\james\OneDrive - Lancaster University\Documents\Projects\MARS-Summer-Research\data\raw\KolektorSDD2\train\10150_GT.png
train,train,10151,0,Normal,C:\Users\james\OneDrive - Lancaster University\Documents\Projects\MARS-Summer-Research\data\raw\KolektorSDD2\train\10151.png,C:\Users\james\OneDrive - Lancaster University\Documents\Projects\MARS-Summer-Research\data\raw\KolektorSDD2\train\10151_GT.png
train,train,10152,0,Normal,C:\Users\james\OneDrive - Lancaster University\Documents\Projects\MARS-Summer-Research\data\raw\KolektorSDD2\train\10152.png,C:\Users\james\OneDrive - Lancaster University\Documents\Projects\MARS-Summer-Research\data\raw\KolektorSDD2\train\10152_GT.png
train,train,10153,0,Normal,C:\Users\james\OneDrive - Lancaster University\Documents\Projects\MARS-Summer-Research\data\raw\KolektorSDD2\train\10153.png,C:\Users\james\OneDrive - Lancaster University\Documents\Projects\MARS-Summer-Research\data\raw\KolektorSDD2\train\10153_GT.png
train,train,10155,0,Normal,C:\Users\james\OneDrive - Lancaster University\Documents\Projects\MARS-Summer-Research\data\raw\KolektorSDD2\train\10155.png,C:\Users\james\OneDrive - Lancaster University\Documents\Projects\MARS-Summer-Research\data\raw\KolektorSDD2\train\10155_GT.png
train,train,10156,0,Normal,C:\Users\james\OneDrive - Lancaster University\Documents\Projects\MARS-Summer-Research\data\raw\KolektorSDD2\train\10156.png,C:\Users\james\OneDrive - Lancaster University\Documents\Projects\MARS-Summer-Research\data\raw\KolektorSDD2\train\10156_GT.png
train,train,10157,1,Defective,C:\Users\james\OneDrive - Lancaster University\Documents\Projects\MARS-Summer-Research\data\raw\KolektorSDD2\train\10157.png,C:\Users\james\OneDrive - Lancaster University\Documents\Projects\MARS-Summer-Research\data\raw\KolektorSDD2\train\10157_GT.png
train,train,10160,0,Normal,C:\Users\james\OneDrive - Lancaster University\Documents\Projects\MARS-Summer-Research\data\raw\KolektorSDD2\train\10160.png,C:\Users\james\OneDrive - Lancaster University\Documents\Projects\MARS-Summer-Research\data\raw\KolektorSDD2\train\10160_GT.png
train,train,10161,0,Normal,C:\Users\james\OneDrive - Lancaster University\Documents\Projects\MARS-Summer-Research\data\raw\KolektorSDD2\train\10161.png,C:\Users\james\OneDrive - Lancaster University\Documents\Projects\MARS-Summer-Research\data\raw\KolektorSDD2\train\10161_GT.png
train,train,10162,0,Normal,C:\Users\james\OneDrive - Lancaster University\Documents\Projects\MARS-Summer-Research\data\raw\KolektorSDD2\train\10162.png,C:\Users\james\OneDrive - Lancaster University\Documents\Projects\MARS-Summer-Research\data\raw\KolektorSDD2\train\10162_GT.png
train,train,10166,0,Normal,C:\Users\james\OneDrive - Lancaster University\Documents\Projects\MARS-Summer-Research\data\raw\KolektorSDD2\train\10166.png,C:\Users\james\OneDrive - Lancaster University\Documents\Projects\MARS-Summer-Research\data\raw\KolektorSDD2\train\10166_GT.png
train,train,10167,0,Normal,C:\Users\james\OneDrive - Lancaster University\Documents\Projects\MARS-Summer-Research\data\raw\KolektorSDD2\train\10167.png,C:\Users\james\OneDrive - Lancaster University\Documents\Projects\MARS-Summer-Research\data\raw\KolektorSDD2\train\10167_GT.png
train,train,10168,0,Normal,C:\Users\james\OneDrive - Lancaster University\Documents\Projects\MARS-Summer-Research\data\raw\KolektorSDD2\train\10168.png,C:\Users\james\OneDrive - Lancaster University\Documents\Projects\MARS-Summer-Research\data\raw\KolektorSDD2\train\10168_GT.png
train,train,10169,0,Normal,C:\Users\james\OneDrive - Lancaster University\Documents\Projects\MARS-Summer-Research\data\raw\KolektorSDD2\train\10169.png,C:\Users\james\OneDrive - Lancaster University\Documents\Projects\MARS-Summer-Research\data\raw\KolektorSDD2\train\10169_GT.png
train,train,10171,0,Normal,C:\Users\james\OneDrive - Lancaster University\Documents\Projects\MARS-Summer-Research\data\raw\KolektorSDD2\train\10171.png,C:\Users\james\OneDrive - Lancaster University\Documents\Projects\MARS-Summer-Research\data\raw\KolektorSDD2\train\10171_GT.png
train,train,10172,0,Normal,C:\Users\james\OneDrive - Lancaster University\Documents\Projects\MARS-Summer-Research\data\raw\KolektorSDD2\train\10172.png,C:\Users\james\OneDrive - Lancaster University\Documents\Projects\MARS-Summer-Research\data\raw\KolektorSDD2\train\10172_GT.png
train,train,10175,0,Normal,C:\Users\james\OneDrive - Lancaster University\Documents\Projects\MARS-Summer-Research\data\raw\KolektorSDD2\train\10175.png,C:\Users\james\OneDrive - Lancaster University\Documents\Projects\MARS-Summer-Research\data\raw\KolektorSDD2\train\10175_GT.png
train,train,10176,0,Normal,C:\Users\james\OneDrive - Lancaster University\Documents\Projects\MARS-Summer-Research\data\raw\KolektorSDD2\train\10176.png,C:\Users\james\OneDrive - Lancaster University\Documents\Projects\MARS-Summer-Research\data\raw\KolektorSDD2\train\10176_GT.png
train,train,10177,0,Normal,C:\Users\james\OneDrive - Lancaster University\Documents\Projects\MARS-Summer-Research\data\raw\KolektorSDD2\train\10177.png,C:\Users\james\OneDrive - Lancaster University\Documents\Projects\MARS-Summer-Research\data\raw\KolektorSDD2\train\10177_GT.png
train,train,10178,0,Normal,C:\Users\james\OneDrive - Lancaster University\Documents\Projects\MARS-Summer-Research\data\raw\KolektorSDD2\train\10178.png,C:\Users\james\OneDrive - Lancaster University\Documents\Projects\MARS-Summer-Research\data\raw\KolektorSDD2\train\10178_GT.png
train,train,10179,0,Normal,C:\Users\james\OneDrive - Lancaster University\Documents\Projects\MARS-Summer-Research\data\raw\KolektorSDD2\train\10179.png,C:\Users\james\OneDrive - Lancaster University\Documents\Projects\MARS-Summer-Research\data\raw\KolektorSDD2\train\10179_GT.png
train,train,10180,0,Normal,C:\Users\james\OneDrive - Lancaster University\Documents\Projects\MARS-Summer-Research\data\raw\KolektorSDD2\train\10180.png,C:\Users\james\OneDrive - Lancaster University\Documents\Projects\MARS-Summer-Research\data\raw\KolektorSDD2\train\10180_GT.png
train,train,10181,0,Normal,C:\Users\james\OneDrive - Lancaster University\Documents\Projects\MARS-Summer-Research\data\raw\KolektorSDD2\train\10181.png,C:\Users\james\OneDrive - Lancaster University\Documents\Projects\MARS-Summer-Research\data\raw\KolektorSDD2\train\10181_GT.png
train,train,10182,0,Normal,C:\Users\james\OneDrive - Lancaster University\Documents\Projects\MARS-Summer-Research\data\raw\KolektorSDD2\train\10182.png,C:\Users\james\OneDrive - Lancaster University\Documents\Projects\MARS-Summer-Research\data\raw\KolektorSDD2\train\10182_GT.png
train,train,10183,0,Normal,C:\Users\james\OneDrive - Lancaster University\Documents\Projects\MARS-Summer-Research\data\raw\KolektorSDD2\train\10183.png,C:\Users\james\OneDrive - Lancaster University\Documents\Projects\MARS-Summer-Research\data\raw\KolektorSDD2\train\10183_GT.png
train,train,10184,0,Normal,C:\Users\james\OneDrive - Lancaster University\Documents\Projects\MARS-Summer-Research\data\raw\KolektorSDD2\train\10184.png,C:\Users\james\OneDrive - Lancaster University\Documents\Projects\MARS-Summer-Research\data\raw\KolektorSDD2\train\10184_GT.png
train,train,10185,0,Normal,C:\Users\james\OneDrive - Lancaster University\Documents\Projects\MARS-Summer-Research\data\raw\KolektorSDD2\train\10185.png,C:\Users\james\OneDrive - Lancaster University\Documents\Projects\MARS-Summer-Research\data\raw\KolektorSDD2\train\10185_GT.png
train,train,10186,0,Normal,C:\Users\james\OneDrive - Lancaster University\Documents\Projects\MARS-Summer-Research\data\raw\KolektorSDD2\train\10186.png,C:\Users\james\OneDrive - Lancaster University\Documents\Projects\MARS-Summer-Research\data\raw\KolektorSDD2\train\10186_GT.png
train,train,10187,0,Normal,C:\Users\james\OneDrive - Lancaster University\Documents\Projects\MARS-Summer-Research\data\raw\KolektorSDD2\train\10187.png,C:\Users\james\OneDrive - Lancaster University\Documents\Projects\MARS-Summer-Research\data\raw\KolektorSDD2\train\10187_GT.png
train,train,10188,0,Normal,C:\Users\james\OneDrive - Lancaster University\Documents\Projects\MARS-Summer-Research\data\raw\KolektorSDD2\train\10188.png,C:\Users\james\OneDrive - Lancaster University\Documents\Projects\MARS-Summer-Research\data\raw\KolektorSDD2\train\10188_GT.png
train,train,10189,0,Normal,C:\Users\james\OneDrive - Lancaster University\Documents\Projects\MARS-Summer-Research\data\raw\KolektorSDD2\train\10189.png,C:\Users\james\OneDrive - Lancaster University\Documents\Projects\MARS-Summer-Research\data\raw\KolektorSDD2\train\10189_GT.png
train,train,10190,0,Normal,C:\Users\james\OneDrive - Lancaster University\Documents\Projects\MARS-Summer-Research\data\raw\KolektorSDD2\train\10190.png,C:\Users\james\OneDrive - Lancaster University\Documents\Projects\MARS-Summer-Research\data\raw\KolektorSDD2\train\10190_GT.png
train,train,10191,0,Normal,C:\Users\james\OneDrive - Lancaster University\Documents\Projects\MARS-Summer-Research\data\raw\KolektorSDD2\train\10191.png,C:\Users\james\OneDrive - Lancaster University\Documents\Projects\MARS-Summer-Research\data\raw\KolektorSDD2\train\10191_GT.png
train,train,10192,0,Normal,C:\Users\james\OneDrive - Lancaster University\Documents\Projects\MARS-Summer-Research\data\raw\KolektorSDD2\train\10192.png,C:\Users\james\OneDrive - Lancaster University\Documents\Projects\MARS-Summer-Research\data\raw\KolektorSDD2\train\10192_GT.png
train,train,10194,0,Normal,C:\Users\james\OneDrive - Lancaster University\Documents\Projects\MARS-Summer-Research\data\raw\KolektorSDD2\train\10194.png,C:\Users\james\OneDrive - Lancaster University\Documents\Projects\MARS-Summer-Research\data\raw\KolektorSDD2\train\10194_GT.png
train,train,10195,0,Normal,C:\Users\james\OneDrive - Lancaster University\Documents\Projects\MARS-Summer-Research\data\raw\KolektorSDD2\train\10195.png,C:\Users\james\OneDrive - Lancaster University\Documents\Projects\MARS-Summer-Research\data\raw\KolektorSDD2\train\10195_GT.png
train,train,10196,0,Normal,C:\Users\james\OneDrive - Lancaster University\Documents\Projects\MARS-Summer-Research\data\raw\KolektorSDD2\train\10196.png,C:\Users\james\OneDrive - Lancaster University\Documents\Projects\MARS-Summer-Research\data\raw\KolektorSDD2\train\10196_GT.png
train,train,10197,0,Normal,C:\Users\james\OneDrive - Lancaster University\Documents\Projects\MARS-Summer-Research\data\raw\KolektorSDD2\train\10197.png,C:\Users\james\OneDrive - Lancaster University\Documents\Projects\MARS-Summer-Research\data\raw\KolektorSDD2\train\10197_GT.png
train,train,10198,0,Normal,C:\Users\james\OneDrive - Lancaster University\Documents\Projects\MARS-Summer-Research\data\raw\KolektorSDD2\train\10198.png,C:\Users\james\OneDrive - Lancaster University\Documents\Projects\MARS-Summer-Research\data\raw\KolektorSDD2\train\10198_GT.png
train,train,10201,1,Defective,C:\Users\james\OneDrive - Lancaster University\Documents\Projects\MARS-Summer-Research\data\raw\KolektorSDD2\train\10201.png,C:\Users\james\OneDrive - Lancaster University\Documents\Projects\MARS-Summer-Research\data\raw\KolektorSDD2\train\10201_GT.png
train,train,10202,0,Normal,C:\Users\james\OneDrive - Lancaster University\Documents\Projects\MARS-Summer-Research\data\raw\KolektorSDD2\train\10202.png,C:\Users\james\OneDrive - Lancaster University\Documents\Projects\MARS-Summer-Research\data\raw\KolektorSDD2\train\10202_GT.png
train,train,10204,0,Normal,C:\Users\james\OneDrive - Lancaster University\Documents\Projects\MARS-Summer-Research\data\raw\KolektorSDD2\train\10204.png,C:\Users\james\OneDrive - Lancaster University\Documents\Projects\MARS-Summer-Research\data\raw\KolektorSDD2\train\10204_GT.png
train,train,10205,0,Normal,C:\Users\james\OneDrive - Lancaster University\Documents\Projects\MARS-Summer-Research\data\raw\KolektorSDD2\train\10205.png,C:\Users\james\OneDrive - Lancaster University\Documents\Projects\MARS-Summer-Research\data\raw\KolektorSDD2\train\10205_GT.png
train,train,10206,1,Defective,C:\Users\james\OneDrive - Lancaster University\Documents\Projects\MARS-Summer-Research\data\raw\KolektorSDD2\train\10206.png,C:\Users\james\OneDrive - Lancaster University\Documents\Projects\MARS-Summer-Research\data\raw\KolektorSDD2\train\10206_GT.png
train,train,10207,0,Normal,C:\Users\james\OneDrive - Lancaster University\Documents\Projects\MARS-Summer-Research\data\raw\KolektorSDD2\train\10207.png,C:\Users\james\OneDrive - Lancaster University\Documents\Projects\MARS-Summer-Research\data\raw\KolektorSDD2\train\10207_GT.png
train,train,10208,1,Defective,C:\Users\james\OneDrive - Lancaster University\Documents\Projects\MARS-Summer-Research\data\raw\KolektorSDD2\train\10208.png,C:\Users\james\OneDrive - Lancaster University\Documents\Projects\MARS-Summer-Research\data\raw\KolektorSDD2\train\10208_GT.png
train,train,10209,0,Normal,C:\Users\james\OneDrive - Lancaster University\Documents\Projects\MARS-Summer-Research\data\raw\KolektorSDD2\train\10209.png,C:\Users\james\OneDrive - Lancaster University\Documents\Projects\MARS-Summer-Research\data\raw\KolektorSDD2\train\10209_GT.png
train,train,10210,0,Normal,C:\Users\james\OneDrive - Lancaster University\Documents\Projects\MARS-Summer-Research\data\raw\KolektorSDD2\train\10210.png,C:\Users\james\OneDrive - Lancaster University\Documents\Projects\MARS-Summer-Research\data\raw\KolektorSDD2\train\10210_GT.png
train,train,10211,0,Normal,C:\Users\james\OneDrive - Lancaster University\Documents\Projects\MARS-Summer-Research\data\raw\KolektorSDD2\train\10211.png,C:\Users\james\OneDrive - Lancaster University\Documents\Projects\MARS-Summer-Research\data\raw\KolektorSDD2\train\10211_GT.png
train,train,10212,0,Normal,C:\Users\james\OneDrive - Lancaster University\Documents\Projects\MARS-Summer-Research\data\raw\KolektorSDD2\train\10212.png,C:\Users\james\OneDrive - Lancaster University\Documents\Projects\MARS-Summer-Research\data\raw\KolektorSDD2\train\10212_GT.png
train,train,10214,0,Normal,C:\Users\james\OneDrive - Lancaster University\Documents\Projects\MARS-Summer-Research\data\raw\KolektorSDD2\train\10214.png,C:\Users\james\OneDrive - Lancaster University\Documents\Projects\MARS-Summer-Research\data\raw\KolektorSDD2\train\10214_GT.png
train,train,10215,0,Normal,C:\Users\james\OneDrive - Lancaster University\Documents\Projects\MARS-Summer-Research\data\raw\KolektorSDD2\train\10215.png,C:\Users\james\OneDrive - Lancaster University\Documents\Projects\MARS-Summer-Research\data\raw\KolektorSDD2\train\10215_GT.png
train,train,10219,0,Normal,C:\Users\james\OneDrive - Lancaster University\Documents\Projects\MARS-Summer-Research\data\raw\KolektorSDD2\train\10219.png,C:\Users\james\OneDrive - Lancaster University\Documents\Projects\MARS-Summer-Research\data\raw\KolektorSDD2\train\10219_GT.png
train,train,10220,0,Normal,C:\Users\james\OneDrive - Lancaster University\Documents\Projects\MARS-Summer-Research\data\raw\KolektorSDD2\train\10220.png,C:\Users\james\OneDrive - Lancaster University\Documents\Projects\MARS-Summer-Research\data\raw\KolektorSDD2\train\10220_GT.png
train,train,10223,1,Defective,C:\Users\james\OneDrive - Lancaster University\Documents\Projects\MARS-Summer-Research\data\raw\KolektorSDD2\train\10223.png,C:\Users\james\OneDrive - Lancaster University\Documents\Projects\MARS-Summer-Research\data\raw\KolektorSDD2\train\10223_GT.png
train,train,10225,0,Normal,C:\Users\james\OneDrive - Lancaster University\Documents\Projects\MARS-Summer-Research\data\raw\KolektorSDD2\train\10225.png,C:\Users\james\OneDrive - Lancaster University\Documents\Projects\MARS-Summer-Research\data\raw\KolektorSDD2\train\10225_GT.png
train,train,10226,0,Normal,C:\Users\james\OneDrive - Lancaster University\Documents\Projects\MARS-Summer-Research\data\raw\KolektorSDD2\train\10226.png,C:\Users\james\OneDrive - Lancaster University\Documents\Projects\MARS-Summer-Research\data\raw\KolektorSDD2\train\10226_GT.png
train,train,10227,0,Normal,C:\Users\james\OneDrive - Lancaster University\Documents\Projects\MARS-Summer-Research\data\raw\KolektorSDD2\train\10227.png,C:\Users\james\OneDrive - Lancaster University\Documents\Projects\MARS-Summer-Research\data\raw\KolektorSDD2\train\10227_GT.png
train,train,10228,0,Normal,C:\Users\james\OneDrive - Lancaster University\Documents\Projects\MARS-Summer-Research\data\raw\KolektorSDD2\train\10228.png,C:\Users\james\OneDrive - Lancaster University\Documents\Projects\MARS-Summer-Research\data\raw\KolektorSDD2\train\10228_GT.png
train,train,10229,0,Normal,C:\Users\james\OneDrive - Lancaster University\Documents\Projects\MARS-Summer-Research\data\raw\KolektorSDD2\train\10229.png,C:\Users\james\OneDrive - Lancaster University\Documents\Projects\MARS-Summer-Research\data\raw\KolektorSDD2\train\10229_GT.png
train,train,10230,0,Normal,C:\Users\james\OneDrive - Lancaster University\Documents\Projects\MARS-Summer-Research\data\raw\KolektorSDD2\train\10230.png,C:\Users\james\OneDrive - Lancaster University\Documents\Projects\MARS-Summer-Research\data\raw\KolektorSDD2\train\10230_GT.png
train,train,10231,0,Normal,C:\Users\james\OneDrive - Lancaster University\Documents\Projects\MARS-Summer-Research\data\raw\KolektorSDD2\train\10231.png,C:\Users\james\OneDrive - Lancaster University\Documents\Projects\MARS-Summer-Research\data\raw\KolektorSDD2\train\10231_GT.png
train,train,10232,0,Normal,C:\Users\james\OneDrive - Lancaster University\Documents\Projects\MARS-Summer-Research\data\raw\KolektorSDD2\train\10232.png,C:\Users\james\OneDrive - Lancaster University\Documents\Projects\MARS-Summer-Research\data\raw\KolektorSDD2\train\10232_GT.png
train,train,10234,0,Normal,C:\Users\james\OneDrive - Lancaster University\Documents\Projects\MARS-Summer-Research\data\raw\KolektorSDD2\train\10234.png,C:\Users\james\OneDrive - Lancaster University\Documents\Projects\MARS-Summer-Research\data\raw\KolektorSDD2\train\10234_GT.png
train,train,10235,1,Defective,C:\Users\james\OneDrive - Lancaster University\Documents\Projects\MARS-Summer-Research\data\raw\KolektorSDD2\train\10235.png,C:\Users\james\OneDrive - Lancaster University\Documents\Projects\MARS-Summer-Research\data\raw\KolektorSDD2\train\10235_GT.png
train,train,10236,0,Normal,C:\Users\james\OneDrive - Lancaster University\Documents\Projects\MARS-Summer-Research\data\raw\KolektorSDD2\train\10236.png,C:\Users\james\OneDrive - Lancaster University\Documents\Projects\MARS-Summer-Research\data\raw\KolektorSDD2\train\10236_GT.png
train,train,10238,0,Normal,C:\Users\james\OneDrive - Lancaster University\Documents\Projects\MARS-Summer-Research\data\raw\KolektorSDD2\train\10238.png,C:\Users\james\OneDrive - Lancaster University\Documents\Projects\MARS-Summer-Research\data\raw\KolektorSDD2\train\10238_GT.png
train,train,10239,0,Normal,C:\Users\james\OneDrive - Lancaster University\Documents\Projects\MARS-Summer-Research\data\raw\KolektorSDD2\train\10239.png,C:\Users\james\OneDrive - Lancaster University\Documents\Projects\MARS-Summer-Research\data\raw\KolektorSDD2\train\10239_GT.png
train,train,10240,0,Normal,C:\Users\james\OneDrive - Lancaster University\Documents\Projects\MARS-Summer-Research\data\raw\KolektorSDD2\train\10240.png,C:\Users\james\OneDrive - Lancaster University\Documents\Projects\MARS-Summer-Research\data\raw\KolektorSDD2\train\10240_GT.png
train,train,10241,0,Normal,C:\Users\james\OneDrive - Lancaster University\Documents\Projects\MARS-Summer-Research\data\raw\KolektorSDD2\train\10241.png,C:\Users\james\OneDrive - Lancaster University\Documents\Projects\MARS-Summer-Research\data\raw\KolektorSDD2\train\10241_GT.png
train,train,10242,0,Normal,C:\Users\james\OneDrive - Lancaster University\Documents\Projects\MARS-Summer-Research\data\raw\KolektorSDD2\train\10242.png,C:\Users\james\OneDrive - Lancaster University\Documents\Projects\MARS-Summer-Research\data\raw\KolektorSDD2\train\10242_GT.png
train,train,10245,0,Normal,C:\Users\james\OneDrive - Lancaster University\Documents\Projects\MARS-Summer-Research\data\raw\KolektorSDD2\train\10245.png,C:\Users\james\OneDrive - Lancaster University\Documents\Projects\MARS-Summer-Research\data\raw\KolektorSDD2\train\10245_GT.png
train,train,10246,0,Normal,C:\Users\james\OneDrive - Lancaster University\Documents\Projects\MARS-Summer-Research\data\raw\KolektorSDD2\train\10246.png,C:\Users\james\OneDrive - Lancaster University\Documents\Projects\MARS-Summer-Research\data\raw\KolektorSDD2\train\10246_GT.png
train,train,10247,1,Defective,C:\Users\james\OneDrive - Lancaster University\Documents\Projects\MARS-Summer-Research\data\raw\KolektorSDD2\train\10247.png,C:\Users\james\OneDrive - Lancaster University\Documents\Projects\MARS-Summer-Research\data\raw\KolektorSDD2\train\10247_GT.png
train,train,10248,0,Normal,C:\Users\james\OneDrive - Lancaster University\Documents\Projects\MARS-Summer-Research\data\raw\KolektorSDD2\train\10248.png,C:\Users\james\OneDrive - Lancaster University\Documents\Projects\MARS-Summer-Research\data\raw\KolektorSDD2\train\10248_GT.png
train,train,10251,0,Normal,C:\Users\james\OneDrive - Lancaster University\Documents\Projects\MARS-Summer-Research\data\raw\KolektorSDD2\train\10251.png,C:\Users\james\OneDrive - Lancaster University\Documents\Projects\MARS-Summer-Research\data\raw\KolektorSDD2\train\10251_GT.png
train,train,10252,0,Normal,C:\Users\james\OneDrive - Lancaster University\Documents\Projects\MARS-Summer-Research\data\raw\KolektorSDD2\train\10252.png,C:\Users\james\OneDrive - Lancaster University\Documents\Projects\MARS-Summer-Research\data\raw\KolektorSDD2\train\10252_GT.png
train,train,10253,0,Normal,C:\Users\james\OneDrive - Lancaster University\Documents\Projects\MARS-Summer-Research\data\raw\KolektorSDD2\train\10253.png,C:\Users\james\OneDrive - Lancaster University\Documents\Projects\MARS-Summer-Research\data\raw\KolektorSDD2\train\10253_GT.png
train,train,10254,1,Defective,C:\Users\james\OneDrive - Lancaster University\Documents\Projects\MARS-Summer-Research\data\raw\KolektorSDD2\train\10254.png,C:\Users\james\OneDrive - Lancaster University\Documents\Projects\MARS-Summer-Research\data\raw\KolektorSDD2\train\10254_GT.png
train,train,10255,0,Normal,C:\Users\james\OneDrive - Lancaster University\Documents\Projects\MARS-Summer-Research\data\raw\KolektorSDD2\train\10255.png,C:\Users\james\OneDrive - Lancaster University\Documents\Projects\MARS-Summer-Research\data\raw\KolektorSDD2\train\10255_GT.png
train,train,10256,0,Normal,C:\Users\james\OneDrive - Lancaster University\Documents\Projects\MARS-Summer-Research\data\raw\KolektorSDD2\train\10256.png,C:\Users\james\OneDrive - Lancaster University\Documents\Projects\MARS-Summer-Research\data\raw\KolektorSDD2\train\10256_GT.png
train,train,10257,0,Normal,C:\Users\james\OneDrive - Lancaster University\Documents\Projects\MARS-Summer-Research\data\raw\KolektorSDD2\train\10257.png,C:\Users\james\OneDrive - Lancaster University\Documents\Projects\MARS-Summer-Research\data\raw\KolektorSDD2\train\10257_GT.png
train,train,10258,1,Defective,C:\Users\james\OneDrive - Lancaster University\Documents\Projects\MARS-Summer-Research\data\raw\KolektorSDD2\train\10258.png,C:\Users\james\OneDrive - Lancaster University\Documents\Projects\MARS-Summer-Research\data\raw\KolektorSDD2\train\10258_GT.png
train,train,10259,0,Normal,C:\Users\james\OneDrive - Lancaster University\Documents\Projects\MARS-Summer-Research\data\raw\KolektorSDD2\train\10259.png,C:\Users\james\OneDrive - Lancaster University\Documents\Projects\MARS-Summer-Research\data\raw\KolektorSDD2\train\10259_GT.png
train,train,10260,0,Normal,C:\Users\james\OneDrive - Lancaster University\Documents\Projects\MARS-Summer-Research\data\raw\KolektorSDD2\train\10260.png,C:\Users\james\OneDrive - Lancaster University\Documents\Projects\MARS-Summer-Research\data\raw\KolektorSDD2\train\10260_GT.png
train,train,10261,0,Normal,C:\Users\james\OneDrive - Lancaster University\Documents\Projects\MARS-Summer-Research\data\raw\KolektorSDD2\train\10261.png,C:\Users\james\OneDrive - Lancaster University\Documents\Projects\MARS-Summer-Research\data\raw\KolektorSDD2\train\10261_GT.png
train,train,10262,0,Normal,C:\Users\james\OneDrive - Lancaster University\Documents\Projects\MARS-Summer-Research\data\raw\KolektorSDD2\train\10262.png,C:\Users\james\OneDrive - Lancaster University\Documents\Projects\MARS-Summer-Research\data\raw\KolektorSDD2\train\10262_GT.png
train,train,10264,0,Normal,C:\Users\james\OneDrive - Lancaster University\Documents\Projects\MARS-Summer-Research\data\raw\KolektorSDD2\train\10264.png,C:\Users\james\OneDrive - Lancaster University\Documents\Projects\MARS-Summer-Research\data\raw\KolektorSDD2\train\10264_GT.png
train,train,10265,0,Normal,C:\Users\james\OneDrive - Lancaster University\Documents\Projects\MARS-Summer-Research\data\raw\KolektorSDD2\train\10265.png,C:\Users\james\OneDrive - Lancaster University\Documents\Projects\MARS-Summer-Research\data\raw\KolektorSDD2\train\10265_GT.png
train,train,10267,0,Normal,C:\Users\james\OneDrive - Lancaster University\Documents\Projects\MARS-Summer-Research\data\raw\KolektorSDD2\train\10267.png,C:\Users\james\OneDrive - Lancaster University\Documents\Projects\MARS-Summer-Research\data\raw\KolektorSDD2\train\10267_GT.png
train,train,10268,0,Normal,C:\Users\james\OneDrive - Lancaster University\Documents\Projects\MARS-Summer-Research\data\raw\KolektorSDD2\train\10268.png,C:\Users\james\OneDrive - Lancaster University\Documents\Projects\MARS-Summer-Research\data\raw\KolektorSDD2\train\10268_GT.png
train,train,10270,0,Normal,C:\Users\james\OneDrive - Lancaster University\Documents\Projects\MARS-Summer-Research\data\raw\KolektorSDD2\train\10270.png,C:\Users\james\OneDrive - Lancaster University\Documents\Projects\MARS-Summer-Research\data\raw\KolektorSDD2\train\10270_GT.png
train,train,10271,0,Normal,C:\Users\james\OneDrive - Lancaster University\Documents\Projects\MARS-Summer-Research\data\raw\KolektorSDD2\train\10271.png,C:\Users\james\OneDrive - Lancaster University\Documents\Projects\MARS-Summer-Research\data\raw\KolektorSDD2\train\10271_GT.png
train,train,10272,0,Normal,C:\Users\james\OneDrive - Lancaster University\Documents\Projects\MARS-Summer-Research\data\raw\KolektorSDD2\train\10272.png,C:\Users\james\OneDrive - Lancaster University\Documents\Projects\MARS-Summer-Research\data\raw\KolektorSDD2\train\10272_GT.png
train,train,10273,1,Defective,C:\Users\james\OneDrive - Lancaster University\Documents\Projects\MARS-Summer-Research\data\raw\KolektorSDD2\train\10273.png,C:\Users\james\OneDrive - Lancaster University\Documents\Projects\MARS-Summer-Research\data\raw\KolektorSDD2\train\10273_GT.png
train,train,10274,0,Normal,C:\Users\james\OneDrive - Lancaster University\Documents\Projects\MARS-Summer-Research\data\raw\KolektorSDD2\train\10274.png,C:\Users\james\OneDrive - Lancaster University\Documents\Projects\MARS-Summer-Research\data\raw\KolektorSDD2\train\10274_GT.png
train,train,10275,0,Normal,C:\Users\james\OneDrive - Lancaster University\Documents\Projects\MARS-Summer-Research\data\raw\KolektorSDD2\train\10275.png,C:\Users\james\OneDrive - Lancaster University\Documents\Projects\MARS-Summer-Research\data\raw\KolektorSDD2\train\10275_GT.png
train,train,10276,0,Normal,C:\Users\james\OneDrive - Lancaster University\Documents\Projects\MARS-Summer-Research\data\raw\KolektorSDD2\train\10276.png,C:\Users\james\OneDrive - Lancaster University\Documents\Projects\MARS-Summer-Research\data\raw\KolektorSDD2\train\10276_GT.png
train,train,10278,0,Normal,C:\Users\james\OneDrive - Lancaster University\Documents\Projects\MARS-Summer-Research\data\raw\KolektorSDD2\train\10278.png,C:\Users\james\OneDrive - Lancaster University\Documents\Projects\MARS-Summer-Research\data\raw\KolektorSDD2\train\10278_GT.png
train,train,10279,0,Normal,C:\Users\james\OneDrive - Lancaster University\Documents\Projects\MARS-Summer-Research\data\raw\KolektorSDD2\train\10279.png,C:\Users\james\OneDrive - Lancaster University\Documents\Projects\MARS-Summer-Research\data\raw\KolektorSDD2\train\10279_GT.png
train,train,10280,0,Normal,C:\Users\james\OneDrive - Lancaster University\Documents\Projects\MARS-Summer-Research\data\raw\KolektorSDD2\train\10280.png,C:\Users\james\OneDrive - Lancaster University\Documents\Projects\MARS-Summer-Research\data\raw\KolektorSDD2\train\10280_GT.png
train,train,10281,1,Defective,C:\Users\james\OneDrive - Lancaster University\Documents\Projects\MARS-Summer-Research\data\raw\KolektorSDD2\train\10281.png,C:\Users\james\OneDrive - Lancaster University\Documents\Projects\MARS-Summer-Research\data\raw\KolektorSDD2\train\10281_GT.png
train,train,10282,0,Normal,C:\Users\james\OneDrive - Lancaster University\Documents\Projects\MARS-Summer-Research\data\raw\KolektorSDD2\train\10282.png,C:\Users\james\OneDrive - Lancaster University\Documents\Projects\MARS-Summer-Research\data\raw\KolektorSDD2\train\10282_GT.png
train,train,10283,0,Normal,C:\Users\james\OneDrive - Lancaster University\Documents\Projects\MARS-Summer-Research\data\raw\KolektorSDD2\train\10283.png,C:\Users\james\OneDrive - Lancaster University\Documents\Projects\MARS-Summer-Research\data\raw\KolektorSDD2\train\10283_GT.png
train,train,10284,0,Normal,C:\Users\james\OneDrive - Lancaster University\Documents\Projects\MARS-Summer-Research\data\raw\KolektorSDD2\train\10284.png,C:\Users\james\OneDrive - Lancaster University\Documents\Projects\MARS-Summer-Research\data\raw\KolektorSDD2\train\10284_GT.png
train,train,10285,0,Normal,C:\Users\james\OneDrive - Lancaster University\Documents\Projects\MARS-Summer-Research\data\raw\KolektorSDD2\train\10285.png,C:\Users\james\OneDrive - Lancaster University\Documents\Projects\MARS-Summer-Research\data\raw\KolektorSDD2\train\10285_GT.png
train,train,10286,0,Normal,C:\Users\james\OneDrive - Lancaster University\Documents\Projects\MARS-Summer-Research\data\raw\KolektorSDD2\train\10286.png,C:\Users\james\OneDrive - Lancaster University\Documents\Projects\MARS-Summer-Research\data\raw\KolektorSDD2\train\10286_GT.png
train,train,10288,0,Normal,C:\Users\james\OneDrive - Lancaster University\Documents\Projects\MARS-Summer-Research\data\raw\KolektorSDD2\train\10288.png,C:\Users\james\OneDrive - Lancaster University\Documents\Projects\MARS-Summer-Research\data\raw\KolektorSDD2\train\10288_GT.png
train,train,10289,0,Normal,C:\Users\james\OneDrive - Lancaster University\Documents\Projects\MARS-Summer-Research\data\raw\KolektorSDD2\train\10289.png,C:\Users\james\OneDrive - Lancaster University\Documents\Projects\MARS-Summer-Research\data\raw\KolektorSDD2\train\10289_GT.png
train,train,10290,0,Normal,C:\Users\james\OneDrive - Lancaster University\Documents\Projects\MARS-Summer-Research\data\raw\KolektorSDD2\train\10290.png,C:\Users\james\OneDrive - Lancaster University\Documents\Projects\MARS-Summer-Research\data\raw\KolektorSDD2\train\10290_GT.png
train,train,10291,0,Normal,C:\Users\james\OneDrive - Lancaster University\Documents\Projects\MARS-Summer-Research\data\raw\KolektorSDD2\train\10291.png,C:\Users\james\OneDrive - Lancaster University\Documents\Projects\MARS-Summer-Research\data\raw\KolektorSDD2\train\10291_GT.png
train,train,10292,0,Normal,C:\Users\james\OneDrive - Lancaster University\Documents\Projects\MARS-Summer-Research\data\raw\KolektorSDD2\train\10292.png,C:\Users\james\OneDrive - Lancaster University\Documents\Projects\MARS-Summer-Research\data\raw\KolektorSDD2\train\10292_GT.png
train,train,10293,0,Normal,C:\Users\james\OneDrive - Lancaster University\Documents\Projects\MARS-Summer-Research\data\raw\KolektorSDD2\train\10293.png,C:\Users\james\OneDrive - Lancaster University\Documents\Projects\MARS-Summer-Research\data\raw\KolektorSDD2\train\10293_GT.png
train,train,10295,0,Normal,C:\Users\james\OneDrive - Lancaster University\Documents\Projects\MARS-Summer-Research\data\raw\KolektorSDD2\train\10295.png,C:\Users\james\OneDrive - Lancaster University\Documents\Projects\MARS-Summer-Research\data\raw\KolektorSDD2\train\10295_GT.png
train,train,10296,0,Normal,C:\Users\james\OneDrive - Lancaster University\Documents\Projects\MARS-Summer-Research\data\raw\KolektorSDD2\train\10296.png,C:\Users\james\OneDrive - Lancaster University\Documents\Projects\MARS-Summer-Research\data\raw\KolektorSDD2\train\10296_GT.png
train,train,10297,0,Normal,C:\Users\james\OneDrive - Lancaster University\Documents\Projects\MARS-Summer-Research\data\raw\KolektorSDD2\train\10297.png,C:\Users\james\OneDrive - Lancaster University\Documents\Projects\MARS-Summer-Research\data\raw\KolektorSDD2\train\10297_GT.png
train,train,10298,0,Normal,C:\Users\james\OneDrive - Lancaster University\Documents\Projects\MARS-Summer-Research\data\raw\KolektorSDD2\train\10298.png,C:\Users\james\OneDrive - Lancaster University\Documents\Projects\MARS-Summer-Research\data\raw\KolektorSDD2\train\10298_GT.png
train,train,10299,0,Normal,C:\Users\james\OneDrive - Lancaster University\Documents\Projects\MARS-Summer-Research\data\raw\KolektorSDD2\train\10299.png,C:\Users\james\OneDrive - Lancaster University\Documents\Projects\MARS-Summer-Research\data\raw\KolektorSDD2\train\10299_GT.png
train,train,10300,0,Normal,C:\Users\james\OneDrive - Lancaster University\Documents\Projects\MARS-Summer-Research\data\raw\KolektorSDD2\train\10300.png,C:\Users\james\OneDrive - Lancaster University\Documents\Projects\MARS-Summer-Research\data\raw\KolektorSDD2\train\10300_GT.png
train,train,10301,1,Defective,C:\Users\james\OneDrive - Lancaster University\Documents\Projects\MARS-Summer-Research\data\raw\KolektorSDD2\train\10301.png,C:\Users\james\OneDrive - Lancaster University\Documents\Projects\MARS-Summer-Research\data\raw\KolektorSDD2\train\10301_GT.png
train,train,10302,0,Normal,C:\Users\james\OneDrive - Lancaster University\Documents\Projects\MARS-Summer-Research\data\raw\KolektorSDD2\train\10302.png,C:\Users\james\OneDrive - Lancaster University\Documents\Projects\MARS-Summer-Research\data\raw\KolektorSDD2\train\10302_GT.png
train,train,10303,0,Normal,C:\Users\james\OneDrive - Lancaster University\Documents\Projects\MARS-Summer-Research\data\raw\KolektorSDD2\train\10303.png,C:\Users\james\OneDrive - Lancaster University\Documents\Projects\MARS-Summer-Research\data\raw\KolektorSDD2\train\10303_GT.png
train,train,10304,1,Defective,C:\Users\james\OneDrive - Lancaster University\Documents\Projects\MARS-Summer-Research\data\raw\KolektorSDD2\train\10304.png,C:\Users\james\OneDrive - Lancaster University\Documents\Projects\MARS-Summer-Research\data\raw\KolektorSDD2\train\10304_GT.png
train,train,10305,0,Normal,C:\Users\james\OneDrive - Lancaster University\Documents\Projects\MARS-Summer-Research\data\raw\KolektorSDD2\train\10305.png,C:\Users\james\OneDrive - Lancaster University\Documents\Projects\MARS-Summer-Research\data\raw\KolektorSDD2\train\10305_GT.png
train,train,10306,1,Defective,C:\Users\james\OneDrive - Lancaster University\Documents\Projects\MARS-Summer-Research\data\raw\KolektorSDD2\train\10306.png,C:\Users\james\OneDrive - Lancaster University\Documents\Projects\MARS-Summer-Research\data\raw\KolektorSDD2\train\10306_GT.png
train,train,10308,1,Defective,C:\Users\james\OneDrive - Lancaster University\Documents\Projects\MARS-Summer-Research\data\raw\KolektorSDD2\train\10308.png,C:\Users\james\OneDrive - Lancaster University\Documents\Projects\MARS-Summer-Research\data\raw\KolektorSDD2\train\10308_GT.png
train,train,10309,1,Defective,C:\Users\james\OneDrive - Lancaster University\Documents\Projects\MARS-Summer-Research\data\raw\KolektorSDD2\train\10309.png,C:\Users\james\OneDrive - Lancaster University\Documents\Projects\MARS-Summer-Research\data\raw\KolektorSDD2\train\10309_GT.png
train,train,10310,0,Normal,C:\Users\james\OneDrive - Lancaster University\Documents\Projects\MARS-Summer-Research\data\raw\KolektorSDD2\train\10310.png,C:\Users\james\OneDrive - Lancaster University\Documents\Projects\MARS-Summer-Research\data\raw\KolektorSDD2\train\10310_GT.png
train,train,10311,0,Normal,C:\Users\james\OneDrive - Lancaster University\Documents\Projects\MARS-Summer-Research\data\raw\KolektorSDD2\train\10311.png,C:\Users\james\OneDrive - Lancaster University\Documents\Projects\MARS-Summer-Research\data\raw\KolektorSDD2\train\10311_GT.png
train,train,10313,0,Normal,C:\Users\james\OneDrive - Lancaster University\Documents\Projects\MARS-Summer-Research\data\raw\KolektorSDD2\train\10313.png,C:\Users\james\OneDrive - Lancaster University\Documents\Projects\MARS-Summer-Research\data\raw\KolektorSDD2\train\10313_GT.png
train,train,10315,0,Normal,C:\Users\james\OneDrive - Lancaster University\Documents\Projects\MARS-Summer-Research\data\raw\KolektorSDD2\train\10315.png,C:\Users\james\OneDrive - Lancaster University\Documents\Projects\MARS-Summer-Research\data\raw\KolektorSDD2\train\10315_GT.png
train,train,10316,0,Normal,C:\Users\james\OneDrive - Lancaster University\Documents\Projects\MARS-Summer-Research\data\raw\KolektorSDD2\train\10316.png,C:\Users\james\OneDrive - Lancaster University\Documents\Projects\MARS-Summer-Research\data\raw\KolektorSDD2\train\10316_GT.png
train,train,10317,0,Normal,C:\Users\james\OneDrive - Lancaster University\Documents\Projects\MARS-Summer-Research\data\raw\KolektorSDD2\train\10317.png,C:\Users\james\OneDrive - Lancaster University\Documents\Projects\MARS-Summer-Research\data\raw\KolektorSDD2\train\10317_GT.png
train,train,10318,0,Normal,C:\Users\james\OneDrive - Lancaster University\Documents\Projects\MARS-Summer-Research\data\raw\KolektorSDD2\train\10318.png,C:\Users\james\OneDrive - Lancaster University\Documents\Projects\MARS-Summer-Research\data\raw\KolektorSDD2\train\10318_GT.png
train,train,10320,0,Normal,C:\Users\james\OneDrive - Lancaster University\Documents\Projects\MARS-Summer-Research\data\raw\KolektorSDD2\train\10320.png,C:\Users\james\OneDrive - Lancaster University\Documents\Projects\MARS-Summer-Research\data\raw\KolektorSDD2\train\10320_GT.png
train,train,10321,0,Normal,C:\Users\james\OneDrive - Lancaster University\Documents\Projects\MARS-Summer-Research\data\raw\KolektorSDD2\train\10321.png,C:\Users\james\OneDrive - Lancaster University\Documents\Projects\MARS-Summer-Research\data\raw\KolektorSDD2\train\10321_GT.png
train,train,10322,0,Normal,C:\Users\james\OneDrive - Lancaster University\Documents\Projects\MARS-Summer-Research\data\raw\KolektorSDD2\train\10322.png,C:\Users\james\OneDrive - Lancaster University\Documents\Projects\MARS-Summer-Research\data\raw\KolektorSDD2\train\10322_GT.png
train,train,10323,0,Normal,C:\Users\james\OneDrive - Lancaster University\Documents\Projects\MARS-Summer-Research\data\raw\KolektorSDD2\train\10323.png,C:\Users\james\OneDrive - Lancaster University\Documents\Projects\MARS-Summer-Research\data\raw\KolektorSDD2\train\10323_GT.png
train,train,10325,0,Normal,C:\Users\james\OneDrive - Lancaster University\Documents\Projects\MARS-Summer-Research\data\raw\KolektorSDD2\train\10325.png,C:\Users\james\OneDrive - Lancaster University\Documents\Projects\MARS-Summer-Research\data\raw\KolektorSDD2\train\10325_GT.png
train,train,10327,0,Normal,C:\Users\james\OneDrive - Lancaster University\Documents\Projects\MARS-Summer-Research\data\raw\KolektorSDD2\train\10327.png,C:\Users\james\OneDrive - Lancaster University\Documents\Projects\MARS-Summer-Research\data\raw\KolektorSDD2\train\10327_GT.png
train,train,10328,0,Normal,C:\Users\james\OneDrive - Lancaster University\Documents\Projects\MARS-Summer-Research\data\raw\KolektorSDD2\train\10328.png,C:\Users\james\OneDrive - Lancaster University\Documents\Projects\MARS-Summer-Research\data\raw\KolektorSDD2\train\10328_GT.png
train,train,10329,0,Normal,C:\Users\james\OneDrive - Lancaster University\Documents\Projects\MARS-Summer-Research\data\raw\KolektorSDD2\train\10329.png,C:\Users\james\OneDrive - Lancaster University\Documents\Projects\MARS-Summer-Research\data\raw\KolektorSDD2\train\10329_GT.png
train,train,10330,0,Normal,C:\Users\james\OneDrive - Lancaster University\Documents\Projects\MARS-Summer-Research\data\raw\KolektorSDD2\train\10330.png,C:\Users\james\OneDrive - Lancaster University\Documents\Projects\MARS-Summer-Research\data\raw\KolektorSDD2\train\10330_GT.png
train,train,10331,0,Normal,C:\Users\james\OneDrive - Lancaster University\Documents\Projects\MARS-Summer-Research\data\raw\KolektorSDD2\train\10331.png,C:\Users\james\OneDrive - Lancaster University\Documents\Projects\MARS-Summer-Research\data\raw\KolektorSDD2\train\10331_GT.png
train,train,10333,0,Normal,C:\Users\james\OneDrive - Lancaster University\Documents\Projects\MARS-Summer-Research\data\raw\KolektorSDD2\train\10333.png,C:\Users\james\OneDrive - Lancaster University\Documents\Projects\MARS-Summer-Research\data\raw\KolektorSDD2\train\10333_GT.png
train,train,10334,0,Normal,C:\Users\james\OneDrive - Lancaster University\Documents\Projects\MARS-Summer-Research\data\raw\KolektorSDD2\train\10334.png,C:\Users\james\OneDrive - Lancaster University\Documents\Projects\MARS-Summer-Research\data\raw\KolektorSDD2\train\10334_GT.png
train,train,10335,1,Defective,C:\Users\james\OneDrive - Lancaster University\Documents\Projects\MARS-Summer-Research\data\raw\KolektorSDD2\train\10335.png,C:\Users\james\OneDrive - Lancaster University\Documents\Projects\MARS-Summer-Research\data\raw\KolektorSDD2\train\10335_GT.png
train,train,10336,0,Normal,C:\Users\james\OneDrive - Lancaster University\Documents\Projects\MARS-Summer-Research\data\raw\KolektorSDD2\train\10336.png,C:\Users\james\OneDrive - Lancaster University\Documents\Projects\MARS-Summer-Research\data\raw\KolektorSDD2\train\10336_GT.png
train,train,10338,0,Normal,C:\Users\james\OneDrive - Lancaster University\Documents\Projects\MARS-Summer-Research\data\raw\KolektorSDD2\train\10338.png,C:\Users\james\OneDrive - Lancaster University\Documents\Projects\MARS-Summer-Research\data\raw\KolektorSDD2\train\10338_GT.png
train,train,10339,0,Normal,C:\Users\james\OneDrive - Lancaster University\Documents\Projects\MARS-Summer-Research\data\raw\KolektorSDD2\train\10339.png,C:\Users\james\OneDrive - Lancaster University\Documents\Projects\MARS-Summer-Research\data\raw\KolektorSDD2\train\10339_GT.png
train,train,10340,0,Normal,C:\Users\james\OneDrive - Lancaster University\Documents\Projects\MARS-Summer-Research\data\raw\KolektorSDD2\train\10340.png,C:\Users\james\OneDrive - Lancaster University\Documents\Projects\MARS-Summer-Research\data\raw\KolektorSDD2\train\10340_GT.png
train,train,10341,0,Normal,C:\Users\james\OneDrive - Lancaster University\Documents\Projects\MARS-Summer-Research\data\raw\KolektorSDD2\train\10341.png,C:\Users\james\OneDrive - Lancaster University\Documents\Projects\MARS-Summer-Research\data\raw\KolektorSDD2\train\10341_GT.png
train,train,10342,0,Normal,C:\Users\james\OneDrive - Lancaster University\Documents\Projects\MARS-Summer-Research\data\raw\KolektorSDD2\train\10342.png,C:\Users\james\OneDrive - Lancaster University\Documents\Projects\MARS-Summer-Research\data\raw\KolektorSDD2\train\10342_GT.png
train,train,10343,0,Normal,C:\Users\james\OneDrive - Lancaster University\Documents\Projects\MARS-Summer-Research\data\raw\KolektorSDD2\train\10343.png,C:\Users\james\OneDrive - Lancaster University\Documents\Projects\MARS-Summer-Research\data\raw\KolektorSDD2\train\10343_GT.png
train,train,10344,1,Defective,C:\Users\james\OneDrive - Lancaster University\Documents\Projects\MARS-Summer-Research\data\raw\KolektorSDD2\train\10344.png,C:\Users\james\OneDrive - Lancaster University\Documents\Projects\MARS-Summer-Research\data\raw\KolektorSDD2\train\10344_GT.png
train,train,10345,1,Defective,C:\Users\james\OneDrive - Lancaster University\Documents\Projects\MARS-Summer-Research\data\raw\KolektorSDD2\train\10345.png,C:\Users\james\OneDrive - Lancaster University\Documents\Projects\MARS-Summer-Research\data\raw\KolektorSDD2\train\10345_GT.png
train,train,10346,0,Normal,C:\Users\james\OneDrive - Lancaster University\Documents\Projects\MARS-Summer-Research\data\raw\KolektorSDD2\train\10346.png,C:\Users\james\OneDrive - Lancaster University\Documents\Projects\MARS-Summer-Research\data\raw\KolektorSDD2\train\10346_GT.png
train,train,10347,0,Normal,C:\Users\james\OneDrive - Lancaster University\Documents\Projects\MARS-Summer-Research\data\raw\KolektorSDD2\train\10347.png,C:\Users\james\OneDrive - Lancaster University\Documents\Projects\MARS-Summer-Research\data\raw\KolektorSDD2\train\10347_GT.png
train,train,10348,0,Normal,C:\Users\james\OneDrive - Lancaster University\Documents\Projects\MARS-Summer-Research\data\raw\KolektorSDD2\train\10348.png,C:\Users\james\OneDrive - Lancaster University\Documents\Projects\MARS-Summer-Research\data\raw\KolektorSDD2\train\10348_GT.png
train,train,10349,0,Normal,C:\Users\james\OneDrive - Lancaster University\Documents\Projects\MARS-Summer-Research\data\raw\KolektorSDD2\train\10349.png,C:\Users\james\OneDrive - Lancaster University\Documents\Projects\MARS-Summer-Research\data\raw\KolektorSDD2\train\10349_GT.png
train,train,10350,0,Normal,C:\Users\james\OneDrive - Lancaster University\Documents\Projects\MARS-Summer-Research\data\raw\KolektorSDD2\train\10350.png,C:\Users\james\OneDrive - Lancaster University\Documents\Projects\MARS-Summer-Research\data\raw\KolektorSDD2\train\10350_GT.png
train,train,10351,0,Normal,C:\Users\james\OneDrive - Lancaster University\Documents\Projects\MARS-Summer-Research\data\raw\KolektorSDD2\train\10351.png,C:\Users\james\OneDrive - Lancaster University\Documents\Projects\MARS-Summer-Research\data\raw\KolektorSDD2\train\10351_GT.png
train,train,10352,1,Defective,C:\Users\james\OneDrive - Lancaster University\Documents\Projects\MARS-Summer-Research\data\raw\KolektorSDD2\train\10352.png,C:\Users\james\OneDrive - Lancaster University\Documents\Projects\MARS-Summer-Research\data\raw\KolektorSDD2\train\10352_GT.png
train,train,10354,1,Defective,C:\Users\james\OneDrive - Lancaster University\Documents\Projects\MARS-Summer-Research\data\raw\KolektorSDD2\train\10354.png,C:\Users\james\OneDrive - Lancaster University\Documents\Projects\MARS-Summer-Research\data\raw\KolektorSDD2\train\10354_GT.png
train,train,10355,0,Normal,C:\Users\james\OneDrive - Lancaster University\Documents\Projects\MARS-Summer-Research\data\raw\KolektorSDD2\train\10355.png,C:\Users\james\OneDrive - Lancaster University\Documents\Projects\MARS-Summer-Research\data\raw\KolektorSDD2\train\10355_GT.png
train,train,10356,0,Normal,C:\Users\james\OneDrive - Lancaster University\Documents\Projects\MARS-Summer-Research\data\raw\KolektorSDD2\train\10356.png,C:\Users\james\OneDrive - Lancaster University\Documents\Projects\MARS-Summer-Research\data\raw\KolektorSDD2\train\10356_GT.png
train,train,10357,0,Normal,C:\Users\james\OneDrive - Lancaster University\Documents\Projects\MARS-Summer-Research\data\raw\KolektorSDD2\train\10357.png,C:\Users\james\OneDrive - Lancaster University\Documents\Projects\MARS-Summer-Research\data\raw\KolektorSDD2\train\10357_GT.png
train,train,10358,0,Normal,C:\Users\james\OneDrive - Lancaster University\Documents\Projects\MARS-Summer-Research\data\raw\KolektorSDD2\train\10358.png,C:\Users\james\OneDrive - Lancaster University\Documents\Projects\MARS-Summer-Research\data\raw\KolektorSDD2\train\10358_GT.png
train,train,10359,0,Normal,C:\Users\james\OneDrive - Lancaster University\Documents\Projects\MARS-Summer-Research\data\raw\KolektorSDD2\train\10359.png,C:\Users\james\OneDrive - Lancaster University\Documents\Projects\MARS-Summer-Research\data\raw\KolektorSDD2\train\10359_GT.png
train,train,10360,0,Normal,C:\Users\james\OneDrive - Lancaster University\Documents\Projects\MARS-Summer-Research\data\raw\KolektorSDD2\train\10360.png,C:\Users\james\OneDrive - Lancaster University\Documents\Projects\MARS-Summer-Research\data\raw\KolektorSDD2\train\10360_GT.png
train,train,10361,0,Normal,C:\Users\james\OneDrive - Lancaster University\Documents\Projects\MARS-Summer-Research\data\raw\KolektorSDD2\train\10361.png,C:\Users\james\OneDrive - Lancaster University\Documents\Projects\MARS-Summer-Research\data\raw\KolektorSDD2\train\10361_GT.png
train,train,10362,0,Normal,C:\Users\james\OneDrive - Lancaster University\Documents\Projects\MARS-Summer-Research\data\raw\KolektorSDD2\train\10362.png,C:\Users\james\OneDrive - Lancaster University\Documents\Projects\MARS-Summer-Research\data\raw\KolektorSDD2\train\10362_GT.png
train,train,10363,0,Normal,C:\Users\james\OneDrive - Lancaster University\Documents\Projects\MARS-Summer-Research\data\raw\KolektorSDD2\train\10363.png,C:\Users\james\OneDrive - Lancaster University\Documents\Projects\MARS-Summer-Research\data\raw\KolektorSDD2\train\10363_GT.png
train,train,10364,0,Normal,C:\Users\james\OneDrive - Lancaster University\Documents\Projects\MARS-Summer-Research\data\raw\KolektorSDD2\train\10364.png,C:\Users\james\OneDrive - Lancaster University\Documents\Projects\MARS-Summer-Research\data\raw\KolektorSDD2\train\10364_GT.png
train,train,10365,0,Normal,C:\Users\james\OneDrive - Lancaster University\Documents\Projects\MARS-Summer-Research\data\raw\KolektorSDD2\train\10365.png,C:\Users\james\OneDrive - Lancaster University\Documents\Projects\MARS-Summer-Research\data\raw\KolektorSDD2\train\10365_GT.png
train,train,10366,0,Normal,C:\Users\james\OneDrive - Lancaster University\Documents\Projects\MARS-Summer-Research\data\raw\KolektorSDD2\train\10366.png,C:\Users\james\OneDrive - Lancaster University\Documents\Projects\MARS-Summer-Research\data\raw\KolektorSDD2\train\10366_GT.png
train,train,10367,1,Defective,C:\Users\james\OneDrive - Lancaster University\Documents\Projects\MARS-Summer-Research\data\raw\KolektorSDD2\train\10367.png,C:\Users\james\OneDrive - Lancaster University\Documents\Projects\MARS-Summer-Research\data\raw\KolektorSDD2\train\10367_GT.png
train,train,10369,0,Normal,C:\Users\james\OneDrive - Lancaster University\Documents\Projects\MARS-Summer-Research\data\raw\KolektorSDD2\train\10369.png,C:\Users\james\OneDrive - Lancaster University\Documents\Projects\MARS-Summer-Research\data\raw\KolektorSDD2\train\10369_GT.png
train,train,10370,0,Normal,C:\Users\james\OneDrive - Lancaster University\Documents\Projects\MARS-Summer-Research\data\raw\KolektorSDD2\train\10370.png,C:\Users\james\OneDrive - Lancaster University\Documents\Projects\MARS-Summer-Research\data\raw\KolektorSDD2\train\10370_GT.png
train,train,10371,0,Normal,C:\Users\james\OneDrive - Lancaster University\Documents\Projects\MARS-Summer-Research\data\raw\KolektorSDD2\train\10371.png,C:\Users\james\OneDrive - Lancaster University\Documents\Projects\MARS-Summer-Research\data\raw\KolektorSDD2\train\10371_GT.png
train,train,10372,0,Normal,C:\Users\james\OneDrive - Lancaster University\Documents\Projects\MARS-Summer-Research\data\raw\KolektorSDD2\train\10372.png,C:\Users\james\OneDrive - Lancaster University\Documents\Projects\MARS-Summer-Research\data\raw\KolektorSDD2\train\10372_GT.png
train,train,10373,0,Normal,C:\Users\james\OneDrive - Lancaster University\Documents\Projects\MARS-Summer-Research\data\raw\KolektorSDD2\train\10373.png,C:\Users\james\OneDrive - Lancaster University\Documents\Projects\MARS-Summer-Research\data\raw\KolektorSDD2\train\10373_GT.png
train,train,10374,0,Normal,C:\Users\james\OneDrive - Lancaster University\Documents\Projects\MARS-Summer-Research\data\raw\KolektorSDD2\train\10374.png,C:\Users\james\OneDrive - Lancaster University\Documents\Projects\MARS-Summer-Research\data\raw\KolektorSDD2\train\10374_GT.png
train,train,10376,0,Normal,C:\Users\james\OneDrive - Lancaster University\Documents\Projects\MARS-Summer-Research\data\raw\KolektorSDD2\train\10376.png,C:\Users\james\OneDrive - Lancaster University\Documents\Projects\MARS-Summer-Research\data\raw\KolektorSDD2\train\10376_GT.png
train,train,10377,0,Normal,C:\Users\james\OneDrive - Lancaster University\Documents\Projects\MARS-Summer-Research\data\raw\KolektorSDD2\train\10377.png,C:\Users\james\OneDrive - Lancaster University\Documents\Projects\MARS-Summer-Research\data\raw\KolektorSDD2\train\10377_GT.png
train,train,10378,0,Normal,C:\Users\james\OneDrive - Lancaster University\Documents\Projects\MARS-Summer-Research\data\raw\KolektorSDD2\train\10378.png,C:\Users\james\OneDrive - Lancaster University\Documents\Projects\MARS-Summer-Research\data\raw\KolektorSDD2\train\10378_GT.png
train,train,10379,0,Normal,C:\Users\james\OneDrive - Lancaster University\Documents\Projects\MARS-Summer-Research\data\raw\KolektorSDD2\train\10379.png,C:\Users\james\OneDrive - Lancaster University\Documents\Projects\MARS-Summer-Research\data\raw\KolektorSDD2\train\10379_GT.png
train,train,10380,0,Normal,C:\Users\james\OneDrive - Lancaster University\Documents\Projects\MARS-Summer-Research\data\raw\KolektorSDD2\train\10380.png,C:\Users\james\OneDrive - Lancaster University\Documents\Projects\MARS-Summer-Research\data\raw\KolektorSDD2\train\10380_GT.png
train,train,10381,0,Normal,C:\Users\james\OneDrive - Lancaster University\Documents\Projects\MARS-Summer-Research\data\raw\KolektorSDD2\train\10381.png,C:\Users\james\OneDrive - Lancaster University\Documents\Projects\MARS-Summer-Research\data\raw\KolektorSDD2\train\10381_GT.png
train,train,10382,1,Defective,C:\Users\james\OneDrive - Lancaster University\Documents\Projects\MARS-Summer-Research\data\raw\KolektorSDD2\train\10382.png,C:\Users\james\OneDrive - Lancaster University\Documents\Projects\MARS-Summer-Research\data\raw\KolektorSDD2\train\10382_GT.png
train,train,10383,1,Defective,C:\Users\james\OneDrive - Lancaster University\Documents\Projects\MARS-Summer-Research\data\raw\KolektorSDD2\train\10383.png,C:\Users\james\OneDrive - Lancaster University\Documents\Projects\MARS-Summer-Research\data\raw\KolektorSDD2\train\10383_GT.png
train,train,10384,0,Normal,C:\Users\james\OneDrive - Lancaster University\Documents\Projects\MARS-Summer-Research\data\raw\KolektorSDD2\train\10384.png,C:\Users\james\OneDrive - Lancaster University\Documents\Projects\MARS-Summer-Research\data\raw\KolektorSDD2\train\10384_GT.png
train,train,10386,0,Normal,C:\Users\james\OneDrive - Lancaster University\Documents\Projects\MARS-Summer-Research\data\raw\KolektorSDD2\train\10386.png,C:\Users\james\OneDrive - Lancaster University\Documents\Projects\MARS-Summer-Research\data\raw\KolektorSDD2\train\10386_GT.png
train,train,10387,0,Normal,C:\Users\james\OneDrive - Lancaster University\Documents\Projects\MARS-Summer-Research\data\raw\KolektorSDD2\train\10387.png,C:\Users\james\OneDrive - Lancaster University\Documents\Projects\MARS-Summer-Research\data\raw\KolektorSDD2\train\10387_GT.png
train,train,10388,0,Normal,C:\Users\james\OneDrive - Lancaster University\Documents\Projects\MARS-Summer-Research\data\raw\KolektorSDD2\train\10388.png,C:\Users\james\OneDrive - Lancaster University\Documents\Projects\MARS-Summer-Research\data\raw\KolektorSDD2\train\10388_GT.png
train,train,10389,0,Normal,C:\Users\james\OneDrive - Lancaster University\Documents\Projects\MARS-Summer-Research\data\raw\KolektorSDD2\train\10389.png,C:\Users\james\OneDrive - Lancaster University\Documents\Projects\MARS-Summer-Research\data\raw\KolektorSDD2\train\10389_GT.png
train,train,10390,0,Normal,C:\Users\james\OneDrive - Lancaster University\Documents\Projects\MARS-Summer-Research\data\raw\KolektorSDD2\train\10390.png,C:\Users\james\OneDrive - Lancaster University\Documents\Projects\MARS-Summer-Research\data\raw\KolektorSDD2\train\10390_GT.png
train,train,10391,0,Normal,C:\Users\james\OneDrive - Lancaster University\Documents\Projects\MARS-Summer-Research\data\raw\KolektorSDD2\train\10391.png,C:\Users\james\OneDrive - Lancaster University\Documents\Projects\MARS-Summer-Research\data\raw\KolektorSDD2\train\10391_GT.png
train,train,10392,0,Normal,C:\Users\james\OneDrive - Lancaster University\Documents\Projects\MARS-Summer-Research\data\raw\KolektorSDD2\train\10392.png,C:\Users\james\OneDrive - Lancaster University\Documents\Projects\MARS-Summer-Research\data\raw\KolektorSDD2\train\10392_GT.png
train,train,10393,0,Normal,C:\Users\james\OneDrive - Lancaster University\Documents\Projects\MARS-Summer-Research\data\raw\KolektorSDD2\train\10393.png,C:\Users\james\OneDrive - Lancaster University\Documents\Projects\MARS-Summer-Research\data\raw\KolektorSDD2\train\10393_GT.png
train,train,10394,0,Normal,C:\Users\james\OneDrive - Lancaster University\Documents\Projects\MARS-Summer-Research\data\raw\KolektorSDD2\train\10394.png,C:\Users\james\OneDrive - Lancaster University\Documents\Projects\MARS-Summer-Research\data\raw\KolektorSDD2\train\10394_GT.png
train,train,10395,0,Normal,C:\Users\james\OneDrive - Lancaster University\Documents\Projects\MARS-Summer-Research\data\raw\KolektorSDD2\train\10395.png,C:\Users\james\OneDrive - Lancaster University\Documents\Projects\MARS-Summer-Research\data\raw\KolektorSDD2\train\10395_GT.png
train,train,10396,1,Defective,C:\Users\james\OneDrive - Lancaster University\Documents\Projects\MARS-Summer-Research\data\raw\KolektorSDD2\train\10396.png,C:\Users\james\OneDrive - Lancaster University\Documents\Projects\MARS-Summer-Research\data\raw\KolektorSDD2\train\10396_GT.png
train,train,10397,0,Normal,C:\Users\james\OneDrive - Lancaster University\Documents\Projects\MARS-Summer-Research\data\raw\KolektorSDD2\train\10397.png,C:\Users\james\OneDrive - Lancaster University\Documents\Projects\MARS-Summer-Research\data\raw\KolektorSDD2\train\10397_GT.png
train,train,10398,0,Normal,C:\Users\james\OneDrive - Lancaster University\Documents\Projects\MARS-Summer-Research\data\raw\KolektorSDD2\train\10398.png,C:\Users\james\OneDrive - Lancaster University\Documents\Projects\MARS-Summer-Research\data\raw\KolektorSDD2\train\10398_GT.png
train,train,10399,0,Normal,C:\Users\james\OneDrive - Lancaster University\Documents\Projects\MARS-Summer-Research\data\raw\KolektorSDD2\train\10399.png,C:\Users\james\OneDrive - Lancaster University\Documents\Projects\MARS-Summer-Research\data\raw\KolektorSDD2\train\10399_GT.png
train,train,10400,0,Normal,C:\Users\james\OneDrive - Lancaster University\Documents\Projects\MARS-Summer-Research\data\raw\KolektorSDD2\train\10400.png,C:\Users\james\OneDrive - Lancaster University\Documents\Projects\MARS-Summer-Research\data\raw\KolektorSDD2\train\10400_GT.png
train,train,10401,1,Defective,C:\Users\james\OneDrive - Lancaster University\Documents\Projects\MARS-Summer-Research\data\raw\KolektorSDD2\train\10401.png,C:\Users\james\OneDrive - Lancaster University\Documents\Projects\MARS-Summer-Research\data\raw\KolektorSDD2\train\10401_GT.png
train,train,10402,1,Defective,C:\Users\james\OneDrive - Lancaster University\Documents\Projects\MARS-Summer-Research\data\raw\KolektorSDD2\train\10402.png,C:\Users\james\OneDrive - Lancaster University\Documents\Projects\MARS-Summer-Research\data\raw\KolektorSDD2\train\10402_GT.png
train,train,10403,1,Defective,C:\Users\james\OneDrive - Lancaster University\Documents\Projects\MARS-Summer-Research\data\raw\KolektorSDD2\train\10403.png,C:\Users\james\OneDrive - Lancaster University\Documents\Projects\MARS-Summer-Research\data\raw\KolektorSDD2\train\10403_GT.png
train,train,10404,0,Normal,C:\Users\james\OneDrive - Lancaster University\Documents\Projects\MARS-Summer-Research\data\raw\KolektorSDD2\train\10404.png,C:\Users\james\OneDrive - Lancaster University\Documents\Projects\MARS-Summer-Research\data\raw\KolektorSDD2\train\10404_GT.png
train,train,10405,0,Normal,C:\Users\james\OneDrive - Lancaster University\Documents\Projects\MARS-Summer-Research\data\raw\KolektorSDD2\train\10405.png,C:\Users\james\OneDrive - Lancaster University\Documents\Projects\MARS-Summer-Research\data\raw\KolektorSDD2\train\10405_GT.png
train,train,10406,0,Normal,C:\Users\james\OneDrive - Lancaster University\Documents\Projects\MARS-Summer-Research\data\raw\KolektorSDD2\train\10406.png,C:\Users\james\OneDrive - Lancaster University\Documents\Projects\MARS-Summer-Research\data\raw\KolektorSDD2\train\10406_GT.png
train,train,10407,0,Normal,C:\Users\james\OneDrive - Lancaster University\Documents\Projects\MARS-Summer-Research\data\raw\KolektorSDD2\train\10407.png,C:\Users\james\OneDrive - Lancaster University\Documents\Projects\MARS-Summer-Research\data\raw\KolektorSDD2\train\10407_GT.png
train,train,10408,0,Normal,C:\Users\james\OneDrive - Lancaster University\Documents\Projects\MARS-Summer-Research\data\raw\KolektorSDD2\train\10408.png,C:\Users\james\OneDrive - Lancaster University\Documents\Projects\MARS-Summer-Research\data\raw\KolektorSDD2\train\10408_GT.png
train,train,10409,0,Normal,C:\Users\james\OneDrive - Lancaster University\Documents\Projects\MARS-Summer-Research\data\raw\KolektorSDD2\train\10409.png,C:\Users\james\OneDrive - Lancaster University\Documents\Projects\MARS-Summer-Research\data\raw\KolektorSDD2\train\10409_GT.png
train,train,10410,0,Normal,C:\Users\james\OneDrive - Lancaster University\Documents\Projects\MARS-Summer-Research\data\raw\KolektorSDD2\train\10410.png,C:\Users\james\OneDrive - Lancaster University\Documents\Projects\MARS-Summer-Research\data\raw\KolektorSDD2\train\10410_GT.png
train,train,10411,0,Normal,C:\Users\james\OneDrive - Lancaster University\Documents\Projects\MARS-Summer-Research\data\raw\KolektorSDD2\train\10411.png,C:\Users\james\OneDrive - Lancaster University\Documents\Projects\MARS-Summer-Research\data\raw\KolektorSDD2\train\10411_GT.png
train,train,10412,0,Normal,C:\Users\james\OneDrive - Lancaster University\Documents\Projects\MARS-Summer-Research\data\raw\KolektorSDD2\train\10412.png,C:\Users\james\OneDrive - Lancaster University\Documents\Projects\MARS-Summer-Research\data\raw\KolektorSDD2\train\10412_GT.png
train,train,10413,0,Normal,C:\Users\james\OneDrive - Lancaster University\Documents\Projects\MARS-Summer-Research\data\raw\KolektorSDD2\train\10413.png,C:\Users\james\OneDrive - Lancaster University\Documents\Projects\MARS-Summer-Research\data\raw\KolektorSDD2\train\10413_GT.png
train,train,10414,1,Defective,C:\Users\james\OneDrive - Lancaster University\Documents\Projects\MARS-Summer-Research\data\raw\KolektorSDD2\train\10414.png,C:\Users\james\OneDrive - Lancaster University\Documents\Projects\MARS-Summer-Research\data\raw\KolektorSDD2\train\10414_GT.png
train,train,10415,0,Normal,C:\Users\james\OneDrive - Lancaster University\Documents\Projects\MARS-Summer-Research\data\raw\KolektorSDD2\train\10415.png,C:\Users\james\OneDrive - Lancaster University\Documents\Projects\MARS-Summer-Research\data\raw\KolektorSDD2\train\10415_GT.png
train,train,10416,0,Normal,C:\Users\james\OneDrive - Lancaster University\Documents\Projects\MARS-Summer-Research\data\raw\KolektorSDD2\train\10416.png,C:\Users\james\OneDrive - Lancaster University\Documents\Projects\MARS-Summer-Research\data\raw\KolektorSDD2\train\10416_GT.png
train,train,10417,0,Normal,C:\Users\james\OneDrive - Lancaster University\Documents\Projects\MARS-Summer-Research\data\raw\KolektorSDD2\train\10417.png,C:\Users\james\OneDrive - Lancaster University\Documents\Projects\MARS-Summer-Research\data\raw\KolektorSDD2\train\10417_GT.png
train,train,10418,0,Normal,C:\Users\james\OneDrive - Lancaster University\Documents\Projects\MARS-Summer-Research\data\raw\KolektorSDD2\train\10418.png,C:\Users\james\OneDrive - Lancaster University\Documents\Projects\MARS-Summer-Research\data\raw\KolektorSDD2\train\10418_GT.png
train,train,10419,0,Normal,C:\Users\james\OneDrive - Lancaster University\Documents\Projects\MARS-Summer-Research\data\raw\KolektorSDD2\train\10419.png,C:\Users\james\OneDrive - Lancaster University\Documents\Projects\MARS-Summer-Research\data\raw\KolektorSDD2\train\10419_GT.png
train,train,10420,0,Normal,C:\Users\james\OneDrive - Lancaster University\Documents\Projects\MARS-Summer-Research\data\raw\KolektorSDD2\train\10420.png,C:\Users\james\OneDrive - Lancaster University\Documents\Projects\MARS-Summer-Research\data\raw\KolektorSDD2\train\10420_GT.png
train,train,10422,0,Normal,C:\Users\james\OneDrive - Lancaster University\Documents\Projects\MARS-Summer-Research\data\raw\KolektorSDD2\train\10422.png,C:\Users\james\OneDrive - Lancaster University\Documents\Projects\MARS-Summer-Research\data\raw\KolektorSDD2\train\10422_GT.png
train,train,10423,1,Defective,C:\Users\james\OneDrive - Lancaster University\Documents\Projects\MARS-Summer-Research\data\raw\KolektorSDD2\train\10423.png,C:\Users\james\OneDrive - Lancaster University\Documents\Projects\MARS-Summer-Research\data\raw\KolektorSDD2\train\10423_GT.png
train,train,10424,0,Normal,C:\Users\james\OneDrive - Lancaster University\Documents\Projects\MARS-Summer-Research\data\raw\KolektorSDD2\train\10424.png,C:\Users\james\OneDrive - Lancaster University\Documents\Projects\MARS-Summer-Research\data\raw\KolektorSDD2\train\10424_GT.png
train,train,10428,0,Normal,C:\Users\james\OneDrive - Lancaster University\Documents\Projects\MARS-Summer-Research\data\raw\KolektorSDD2\train\10428.png,C:\Users\james\OneDrive - Lancaster University\Documents\Projects\MARS-Summer-Research\data\raw\KolektorSDD2\train\10428_GT.png
train,train,10429,0,Normal,C:\Users\james\OneDrive - Lancaster University\Documents\Projects\MARS-Summer-Research\data\raw\KolektorSDD2\train\10429.png,C:\Users\james\OneDrive - Lancaster University\Documents\Projects\MARS-Summer-Research\data\raw\KolektorSDD2\train\10429_GT.png
train,train,10430,0,Normal,C:\Users\james\OneDrive - Lancaster University\Documents\Projects\MARS-Summer-Research\data\raw\KolektorSDD2\train\10430.png,C:\Users\james\OneDrive - Lancaster University\Documents\Projects\MARS-Summer-Research\data\raw\KolektorSDD2\train\10430_GT.png
train,train,10431,0,Normal,C:\Users\james\OneDrive - Lancaster University\Documents\Projects\MARS-Summer-Research\data\raw\KolektorSDD2\train\10431.png,C:\Users\james\OneDrive - Lancaster University\Documents\Projects\MARS-Summer-Research\data\raw\KolektorSDD2\train\10431_GT.png
train,train,10433,0,Normal,C:\Users\james\OneDrive - Lancaster University\Documents\Projects\MARS-Summer-Research\data\raw\KolektorSDD2\train\10433.png,C:\Users\james\OneDrive - Lancaster University\Documents\Projects\MARS-Summer-Research\data\raw\KolektorSDD2\train\10433_GT.png
train,train,10434,0,Normal,C:\Users\james\OneDrive - Lancaster University\Documents\Projects\MARS-Summer-Research\data\raw\KolektorSDD2\train\10434.png,C:\Users\james\OneDrive - Lancaster University\Documents\Projects\MARS-Summer-Research\data\raw\KolektorSDD2\train\10434_GT.png
train,train,10435,0,Normal,C:\Users\james\OneDrive - Lancaster University\Documents\Projects\MARS-Summer-Research\data\raw\KolektorSDD2\train\10435.png,C:\Users\james\OneDrive - Lancaster University\Documents\Projects\MARS-Summer-Research\data\raw\KolektorSDD2\train\10435_GT.png
train,train,10436,0,Normal,C:\Users\james\OneDrive - Lancaster University\Documents\Projects\MARS-Summer-Research\data\raw\KolektorSDD2\train\10436.png,C:\Users\james\OneDrive - Lancaster University\Documents\Projects\MARS-Summer-Research\data\raw\KolektorSDD2\train\10436_GT.png
train,train,10437,0,Normal,C:\Users\james\OneDrive - Lancaster University\Documents\Projects\MARS-Summer-Research\data\raw\KolektorSDD2\train\10437.png,C:\Users\james\OneDrive - Lancaster University\Documents\Projects\MARS-Summer-Research\data\raw\KolektorSDD2\train\10437_GT.png
train,train,10438,0,Normal,C:\Users\james\OneDrive - Lancaster University\Documents\Projects\MARS-Summer-Research\data\raw\KolektorSDD2\train\10438.png,C:\Users\james\OneDrive - Lancaster University\Documents\Projects\MARS-Summer-Research\data\raw\KolektorSDD2\train\10438_GT.png
train,train,10441,0,Normal,C:\Users\james\OneDrive - Lancaster University\Documents\Projects\MARS-Summer-Research\data\raw\KolektorSDD2\train\10441.png,C:\Users\james\OneDrive - Lancaster University\Documents\Projects\MARS-Summer-Research\data\raw\KolektorSDD2\train\10441_GT.png
train,train,10442,0,Normal,C:\Users\james\OneDrive - Lancaster University\Documents\Projects\MARS-Summer-Research\data\raw\KolektorSDD2\train\10442.png,C:\Users\james\OneDrive - Lancaster University\Documents\Projects\MARS-Summer-Research\data\raw\KolektorSDD2\train\10442_GT.png
train,train,10443,0,Normal,C:\Users\james\OneDrive - Lancaster University\Documents\Projects\MARS-Summer-Research\data\raw\KolektorSDD2\train\10443.png,C:\Users\james\OneDrive - Lancaster University\Documents\Projects\MARS-Summer-Research\data\raw\KolektorSDD2\train\10443_GT.png
train,train,10444,0,Normal,C:\Users\james\OneDrive - Lancaster University\Documents\Projects\MARS-Summer-Research\data\raw\KolektorSDD2\train\10444.png,C:\Users\james\OneDrive - Lancaster University\Documents\Projects\MARS-Summer-Research\data\raw\KolektorSDD2\train\10444_GT.png
train,train,10446,0,Normal,C:\Users\james\OneDrive - Lancaster University\Documents\Projects\MARS-Summer-Research\data\raw\KolektorSDD2\train\10446.png,C:\Users\james\OneDrive - Lancaster University\Documents\Projects\MARS-Summer-Research\data\raw\KolektorSDD2\train\10446_GT.png
train,train,10447,0,Normal,C:\Users\james\OneDrive - Lancaster University\Documents\Projects\MARS-Summer-Research\data\raw\KolektorSDD2\train\10447.png,C:\Users\james\OneDrive - Lancaster University\Documents\Projects\MARS-Summer-Research\data\raw\KolektorSDD2\train\10447_GT.png
train,train,10452,0,Normal,C:\Users\james\OneDrive - Lancaster University\Documents\Projects\MARS-Summer-Research\data\raw\KolektorSDD2\train\10452.png,C:\Users\james\OneDrive - Lancaster University\Documents\Projects\MARS-Summer-Research\data\raw\KolektorSDD2\train\10452_GT.png
train,train,10453,0,Normal,C:\Users\james\OneDrive - Lancaster University\Documents\Projects\MARS-Summer-Research\data\raw\KolektorSDD2\train\10453.png,C:\Users\james\OneDrive - Lancaster University\Documents\Projects\MARS-Summer-Research\data\raw\KolektorSDD2\train\10453_GT.png
train,train,10455,0,Normal,C:\Users\james\OneDrive - Lancaster University\Documents\Projects\MARS-Summer-Research\data\raw\KolektorSDD2\train\10455.png,C:\Users\james\OneDrive - Lancaster University\Documents\Projects\MARS-Summer-Research\data\raw\KolektorSDD2\train\10455_GT.png
train,train,10456,0,Normal,C:\Users\james\OneDrive - Lancaster University\Documents\Projects\MARS-Summer-Research\data\raw\KolektorSDD2\train\10456.png,C:\Users\james\OneDrive - Lancaster University\Documents\Projects\MARS-Summer-Research\data\raw\KolektorSDD2\train\10456_GT.png
train,train,10457,1,Defective,C:\Users\james\OneDrive - Lancaster University\Documents\Projects\MARS-Summer-Research\data\raw\KolektorSDD2\train\10457.png,C:\Users\james\OneDrive - Lancaster University\Documents\Projects\MARS-Summer-Research\data\raw\KolektorSDD2\train\10457_GT.png
train,train,10458,0,Normal,C:\Users\james\OneDrive - Lancaster University\Documents\Projects\MARS-Summer-Research\data\raw\KolektorSDD2\train\10458.png,C:\Users\james\OneDrive - Lancaster University\Documents\Projects\MARS-Summer-Research\data\raw\KolektorSDD2\train\10458_GT.png
train,train,10459,0,Normal,C:\Users\james\OneDrive - Lancaster University\Documents\Projects\MARS-Summer-Research\data\raw\KolektorSDD2\train\10459.png,C:\Users\james\OneDrive - Lancaster University\Documents\Projects\MARS-Summer-Research\data\raw\KolektorSDD2\train\10459_GT.png
train,train,10460,0,Normal,C:\Users\james\OneDrive - Lancaster University\Documents\Projects\MARS-Summer-Research\data\raw\KolektorSDD2\train\10460.png,C:\Users\james\OneDrive - Lancaster University\Documents\Projects\MARS-Summer-Research\data\raw\KolektorSDD2\train\10460_GT.png
train,train,10461,0,Normal,C:\Users\james\OneDrive - Lancaster University\Documents\Projects\MARS-Summer-Research\data\raw\KolektorSDD2\train\10461.png,C:\Users\james\OneDrive - Lancaster University\Documents\Projects\MARS-Summer-Research\data\raw\KolektorSDD2\train\10461_GT.png
train,train,10462,0,Normal,C:\Users\james\OneDrive - Lancaster University\Documents\Projects\MARS-Summer-Research\data\raw\KolektorSDD2\train\10462.png,C:\Users\james\OneDrive - Lancaster University\Documents\Projects\MARS-Summer-Research\data\raw\KolektorSDD2\train\10462_GT.png
train,train,10463,0,Normal,C:\Users\james\OneDrive - Lancaster University\Documents\Projects\MARS-Summer-Research\data\raw\KolektorSDD2\train\10463.png,C:\Users\james\OneDrive - Lancaster University\Documents\Projects\MARS-Summer-Research\data\raw\KolektorSDD2\train\10463_GT.png
train,train,10464,0,Normal,C:\Users\james\OneDrive - Lancaster University\Documents\Projects\MARS-Summer-Research\data\raw\KolektorSDD2\train\10464.png,C:\Users\james\OneDrive - Lancaster University\Documents\Projects\MARS-Summer-Research\data\raw\KolektorSDD2\train\10464_GT.png
train,train,10465,0,Normal,C:\Users\james\OneDrive - Lancaster University\Documents\Projects\MARS-Summer-Research\data\raw\KolektorSDD2\train\10465.png,C:\Users\james\OneDrive - Lancaster University\Documents\Projects\MARS-Summer-Research\data\raw\KolektorSDD2\train\10465_GT.png
train,train,10466,1,Defective,C:\Users\james\OneDrive - Lancaster University\Documents\Projects\MARS-Summer-Research\data\raw\KolektorSDD2\train\10466.png,C:\Users\james\OneDrive - Lancaster University\Documents\Projects\MARS-Summer-Research\data\raw\KolektorSDD2\train\10466_GT.png
train,train,10467,0,Normal,C:\Users\james\OneDrive - Lancaster University\Documents\Projects\MARS-Summer-Research\data\raw\KolektorSDD2\train\10467.png,C:\Users\james\OneDrive - Lancaster University\Documents\Projects\MARS-Summer-Research\data\raw\KolektorSDD2\train\10467_GT.png
train,train,10469,0,Normal,C:\Users\james\OneDrive - Lancaster University\Documents\Projects\MARS-Summer-Research\data\raw\KolektorSDD2\train\10469.png,C:\Users\james\OneDrive - Lancaster University\Documents\Projects\MARS-Summer-Research\data\raw\KolektorSDD2\train\10469_GT.png
train,train,10470,0,Normal,C:\Users\james\OneDrive - Lancaster University\Documents\Projects\MARS-Summer-Research\data\raw\KolektorSDD2\train\10470.png,C:\Users\james\OneDrive - Lancaster University\Documents\Projects\MARS-Summer-Research\data\raw\KolektorSDD2\train\10470_GT.png
train,train,10471,0,Normal,C:\Users\james\OneDrive - Lancaster University\Documents\Projects\MARS-Summer-Research\data\raw\KolektorSDD2\train\10471.png,C:\Users\james\OneDrive - Lancaster University\Documents\Projects\MARS-Summer-Research\data\raw\KolektorSDD2\train\10471_GT.png
train,train,10472,0,Normal,C:\Users\james\OneDrive - Lancaster University\Documents\Projects\MARS-Summer-Research\data\raw\KolektorSDD2\train\10472.png,C:\Users\james\OneDrive - Lancaster University\Documents\Projects\MARS-Summer-Research\data\raw\KolektorSDD2\train\10472_GT.png
train,train,10473,0,Normal,C:\Users\james\OneDrive - Lancaster University\Documents\Projects\MARS-Summer-Research\data\raw\KolektorSDD2\train\10473.png,C:\Users\james\OneDrive - Lancaster University\Documents\Projects\MARS-Summer-Research\data\raw\KolektorSDD2\train\10473_GT.png
train,train,10474,0,Normal,C:\Users\james\OneDrive - Lancaster University\Documents\Projects\MARS-Summer-Research\data\raw\KolektorSDD2\train\10474.png,C:\Users\james\OneDrive - Lancaster University\Documents\Projects\MARS-Summer-Research\data\raw\KolektorSDD2\train\10474_GT.png
train,train,10475,0,Normal,C:\Users\james\OneDrive - Lancaster University\Documents\Projects\MARS-Summer-Research\data\raw\KolektorSDD2\train\10475.png,C:\Users\james\OneDrive - Lancaster University\Documents\Projects\MARS-Summer-Research\data\raw\KolektorSDD2\train\10475_GT.png
train,train,10476,0,Normal,C:\Users\james\OneDrive - Lancaster University\Documents\Projects\MARS-Summer-Research\data\raw\KolektorSDD2\train\10476.png,C:\Users\james\OneDrive - Lancaster University\Documents\Projects\MARS-Summer-Research\data\raw\KolektorSDD2\train\10476_GT.png
train,train,10477,0,Normal,C:\Users\james\OneDrive - Lancaster University\Documents\Projects\MARS-Summer-Research\data\raw\KolektorSDD2\train\10477.png,C:\Users\james\OneDrive - Lancaster University\Documents\Projects\MARS-Summer-Research\data\raw\KolektorSDD2\train\10477_GT.png
train,train,10478,1,Defective,C:\Users\james\OneDrive - Lancaster University\Documents\Projects\MARS-Summer-Research\data\raw\KolektorSDD2\train\10478.png,C:\Users\james\OneDrive - Lancaster University\Documents\Projects\MARS-Summer-Research\data\raw\KolektorSDD2\train\10478_GT.png
train,train,10479,0,Normal,C:\Users\james\OneDrive - Lancaster University\Documents\Projects\MARS-Summer-Research\data\raw\KolektorSDD2\train\10479.png,C:\Users\james\OneDrive - Lancaster University\Documents\Projects\MARS-Summer-Research\data\raw\KolektorSDD2\train\10479_GT.png
train,train,10480,0,Normal,C:\Users\james\OneDrive - Lancaster University\Documents\Projects\MARS-Summer-Research\data\raw\KolektorSDD2\train\10480.png,C:\Users\james\OneDrive - Lancaster University\Documents\Projects\MARS-Summer-Research\data\raw\KolektorSDD2\train\10480_GT.png
train,train,10481,0,Normal,C:\Users\james\OneDrive - Lancaster University\Documents\Projects\MARS-Summer-Research\data\raw\KolektorSDD2\train\10481.png,C:\Users\james\OneDrive - Lancaster University\Documents\Projects\MARS-Summer-Research\data\raw\KolektorSDD2\train\10481_GT.png
train,train,10482,0,Normal,C:\Users\james\OneDrive - Lancaster University\Documents\Projects\MARS-Summer-Research\data\raw\KolektorSDD2\train\10482.png,C:\Users\james\OneDrive - Lancaster University\Documents\Projects\MARS-Summer-Research\data\raw\KolektorSDD2\train\10482_GT.png
train,train,10483,0,Normal,C:\Users\james\OneDrive - Lancaster University\Documents\Projects\MARS-Summer-Research\data\raw\KolektorSDD2\train\10483.png,C:\Users\james\OneDrive - Lancaster University\Documents\Projects\MARS-Summer-Research\data\raw\KolektorSDD2\train\10483_GT.png
train,train,10484,0,Normal,C:\Users\james\OneDrive - Lancaster University\Documents\Projects\MARS-Summer-Research\data\raw\KolektorSDD2\train\10484.png,C:\Users\james\OneDrive - Lancaster University\Documents\Projects\MARS-Summer-Research\data\raw\KolektorSDD2\train\10484_GT.png
train,train,10485,0,Normal,C:\Users\james\OneDrive - Lancaster University\Documents\Projects\MARS-Summer-Research\data\raw\KolektorSDD2\train\10485.png,C:\Users\james\OneDrive - Lancaster University\Documents\Projects\MARS-Summer-Research\data\raw\KolektorSDD2\train\10485_GT.png
train,train,10486,0,Normal,C:\Users\james\OneDrive - Lancaster University\Documents\Projects\MARS-Summer-Research\data\raw\KolektorSDD2\train\10486.png,C:\Users\james\OneDrive - Lancaster University\Documents\Projects\MARS-Summer-Research\data\raw\KolektorSDD2\train\10486_GT.png
train,train,10487,1,Defective,C:\Users\james\OneDrive - Lancaster University\Documents\Projects\MARS-Summer-Research\data\raw\KolektorSDD2\train\10487.png,C:\Users\james\OneDrive - Lancaster University\Documents\Projects\MARS-Summer-Research\data\raw\KolektorSDD2\train\10487_GT.png
train,train,10488,0,Normal,C:\Users\james\OneDrive - Lancaster University\Documents\Projects\MARS-Summer-Research\data\raw\KolektorSDD2\train\10488.png,C:\Users\james\OneDrive - Lancaster University\Documents\Projects\MARS-Summer-Research\data\raw\KolektorSDD2\train\10488_GT.png
train,train,10490,0,Normal,C:\Users\james\OneDrive - Lancaster University\Documents\Projects\MARS-Summer-Research\data\raw\KolektorSDD2\train\10490.png,C:\Users\james\OneDrive - Lancaster University\Documents\Projects\MARS-Summer-Research\data\raw\KolektorSDD2\train\10490_GT.png
train,train,10491,0,Normal,C:\Users\james\OneDrive - Lancaster University\Documents\Projects\MARS-Summer-Research\data\raw\KolektorSDD2\train\10491.png,C:\Users\james\OneDrive - Lancaster University\Documents\Projects\MARS-Summer-Research\data\raw\KolektorSDD2\train\10491_GT.png
train,train,10492,0,Normal,C:\Users\james\OneDrive - Lancaster University\Documents\Projects\MARS-Summer-Research\data\raw\KolektorSDD2\train\10492.png,C:\Users\james\OneDrive - Lancaster University\Documents\Projects\MARS-Summer-Research\data\raw\KolektorSDD2\train\10492_GT.png
train,train,10494,0,Normal,C:\Users\james\OneDrive - Lancaster University\Documents\Projects\MARS-Summer-Research\data\raw\KolektorSDD2\train\10494.png,C:\Users\james\OneDrive - Lancaster University\Documents\Projects\MARS-Summer-Research\data\raw\KolektorSDD2\train\10494_GT.png
train,train,10495,0,Normal,C:\Users\james\OneDrive - Lancaster University\Documents\Projects\MARS-Summer-Research\data\raw\KolektorSDD2\train\10495.png,C:\Users\james\OneDrive - Lancaster University\Documents\Projects\MARS-Summer-Research\data\raw\KolektorSDD2\train\10495_GT.png
train,train,10496,0,Normal,C:\Users\james\OneDrive - Lancaster University\Documents\Projects\MARS-Summer-Research\data\raw\KolektorSDD2\train\10496.png,C:\Users\james\OneDrive - Lancaster University\Documents\Projects\MARS-Summer-Research\data\raw\KolektorSDD2\train\10496_GT.png
train,train,10497,0,Normal,C:\Users\james\OneDrive - Lancaster University\Documents\Projects\MARS-Summer-Research\data\raw\KolektorSDD2\train\10497.png,C:\Users\james\OneDrive - Lancaster University\Documents\Projects\MARS-Summer-Research\data\raw\KolektorSDD2\train\10497_GT.png
train,train,10498,0,Normal,C:\Users\james\OneDrive - Lancaster University\Documents\Projects\MARS-Summer-Research\data\raw\KolektorSDD2\train\10498.png,C:\Users\james\OneDrive - Lancaster University\Documents\Projects\MARS-Summer-Research\data\raw\KolektorSDD2\train\10498_GT.png
train,train,10500,0,Normal,C:\Users\james\OneDrive - Lancaster University\Documents\Projects\MARS-Summer-Research\data\raw\KolektorSDD2\train\10500.png,C:\Users\james\OneDrive - Lancaster University\Documents\Projects\MARS-Summer-Research\data\raw\KolektorSDD2\train\10500_GT.png
train,train,10501,0,Normal,C:\Users\james\OneDrive - Lancaster University\Documents\Projects\MARS-Summer-Research\data\raw\KolektorSDD2\train\10501.png,C:\Users\james\OneDrive - Lancaster University\Documents\Projects\MARS-Summer-Research\data\raw\KolektorSDD2\train\10501_GT.png
train,train,10503,0,Normal,C:\Users\james\OneDrive - Lancaster University\Documents\Projects\MARS-Summer-Research\data\raw\KolektorSDD2\train\10503.png,C:\Users\james\OneDrive - Lancaster University\Documents\Projects\MARS-Summer-Research\data\raw\KolektorSDD2\train\10503_GT.png
train,train,10504,0,Normal,C:\Users\james\OneDrive - Lancaster University\Documents\Projects\MARS-Summer-Research\data\raw\KolektorSDD2\train\10504.png,C:\Users\james\OneDrive - Lancaster University\Documents\Projects\MARS-Summer-Research\data\raw\KolektorSDD2\train\10504_GT.png
train,train,10505,0,Normal,C:\Users\james\OneDrive - Lancaster University\Documents\Projects\MARS-Summer-Research\data\raw\KolektorSDD2\train\10505.png,C:\Users\james\OneDrive - Lancaster University\Documents\Projects\MARS-Summer-Research\data\raw\KolektorSDD2\train\10505_GT.png
train,train,10506,1,Defective,C:\Users\james\OneDrive - Lancaster University\Documents\Projects\MARS-Summer-Research\data\raw\KolektorSDD2\train\10506.png,C:\Users\james\OneDrive - Lancaster University\Documents\Projects\MARS-Summer-Research\data\raw\KolektorSDD2\train\10506_GT.png
train,train,10508,0,Normal,C:\Users\james\OneDrive - Lancaster University\Documents\Projects\MARS-Summer-Research\data\raw\KolektorSDD2\train\10508.png,C:\Users\james\OneDrive - Lancaster University\Documents\Projects\MARS-Summer-Research\data\raw\KolektorSDD2\train\10508_GT.png
train,train,10509,0,Normal,C:\Users\james\OneDrive - Lancaster University\Documents\Projects\MARS-Summer-Research\data\raw\KolektorSDD2\train\10509.png,C:\Users\james\OneDrive - Lancaster University\Documents\Projects\MARS-Summer-Research\data\raw\KolektorSDD2\train\10509_GT.png
train,train,10511,0,Normal,C:\Users\james\OneDrive - Lancaster University\Documents\Projects\MARS-Summer-Research\data\raw\KolektorSDD2\train\10511.png,C:\Users\james\OneDrive - Lancaster University\Documents\Projects\MARS-Summer-Research\data\raw\KolektorSDD2\train\10511_GT.png
train,train,10512,0,Normal,C:\Users\james\OneDrive - Lancaster University\Documents\Projects\MARS-Summer-Research\data\raw\KolektorSDD2\train\10512.png,C:\Users\james\OneDrive - Lancaster University\Documents\Projects\MARS-Summer-Research\data\raw\KolektorSDD2\train\10512_GT.png
train,train,10513,0,Normal,C:\Users\james\OneDrive - Lancaster University\Documents\Projects\MARS-Summer-Research\data\raw\KolektorSDD2\train\10513.png,C:\Users\james\OneDrive - Lancaster University\Documents\Projects\MARS-Summer-Research\data\raw\KolektorSDD2\train\10513_GT.png
train,train,10514,1,Defective,C:\Users\james\OneDrive - Lancaster University\Documents\Projects\MARS-Summer-Research\data\raw\KolektorSDD2\train\10514.png,C:\Users\james\OneDrive - Lancaster University\Documents\Projects\MARS-Summer-Research\data\raw\KolektorSDD2\train\10514_GT.png
train,train,10516,1,Defective,C:\Users\james\OneDrive - Lancaster University\Documents\Projects\MARS-Summer-Research\data\raw\KolektorSDD2\train\10516.png,C:\Users\james\OneDrive - Lancaster University\Documents\Projects\MARS-Summer-Research\data\raw\KolektorSDD2\train\10516_GT.png
train,train,10517,0,Normal,C:\Users\james\OneDrive - Lancaster University\Documents\Projects\MARS-Summer-Research\data\raw\KolektorSDD2\train\10517.png,C:\Users\james\OneDrive - Lancaster University\Documents\Projects\MARS-Summer-Research\data\raw\KolektorSDD2\train\10517_GT.png
train,train,10518,0,Normal,C:\Users\james\OneDrive - Lancaster University\Documents\Projects\MARS-Summer-Research\data\raw\KolektorSDD2\train\10518.png,C:\Users\james\OneDrive - Lancaster University\Documents\Projects\MARS-Summer-Research\data\raw\KolektorSDD2\train\10518_GT.png
train,train,10519,0,Normal,C:\Users\james\OneDrive - Lancaster University\Documents\Projects\MARS-Summer-Research\data\raw\KolektorSDD2\train\10519.png,C:\Users\james\OneDrive - Lancaster University\Documents\Projects\MARS-Summer-Research\data\raw\KolektorSDD2\train\10519_GT.png
train,train,10521,0,Normal,C:\Users\james\OneDrive - Lancaster University\Documents\Projects\MARS-Summer-Research\data\raw\KolektorSDD2\train\10521.png,C:\Users\james\OneDrive - Lancaster University\Documents\Projects\MARS-Summer-Research\data\raw\KolektorSDD2\train\10521_GT.png
train,train,10522,0,Normal,C:\Users\james\OneDrive - Lancaster University\Documents\Projects\MARS-Summer-Research\data\raw\KolektorSDD2\train\10522.png,C:\Users\james\OneDrive - Lancaster University\Documents\Projects\MARS-Summer-Research\data\raw\KolektorSDD2\train\10522_GT.png
train,train,10524,0,Normal,C:\Users\james\OneDrive - Lancaster University\Documents\Projects\MARS-Summer-Research\data\raw\KolektorSDD2\train\10524.png,C:\Users\james\OneDrive - Lancaster University\Documents\Projects\MARS-Summer-Research\data\raw\KolektorSDD2\train\10524_GT.png
train,train,10525,0,Normal,C:\Users\james\OneDrive - Lancaster University\Documents\Projects\MARS-Summer-Research\data\raw\KolektorSDD2\train\10525.png,C:\Users\james\OneDrive - Lancaster University\Documents\Projects\MARS-Summer-Research\data\raw\KolektorSDD2\train\10525_GT.png
train,train,10527,0,Normal,C:\Users\james\OneDrive - Lancaster University\Documents\Projects\MARS-Summer-Research\data\raw\KolektorSDD2\train\10527.png,C:\Users\james\OneDrive - Lancaster University\Documents\Projects\MARS-Summer-Research\data\raw\KolektorSDD2\train\10527_GT.png
train,train,10528,0,Normal,C:\Users\james\OneDrive - Lancaster University\Documents\Projects\MARS-Summer-Research\data\raw\KolektorSDD2\train\10528.png,C:\Users\james\OneDrive - Lancaster University\Documents\Projects\MARS-Summer-Research\data\raw\KolektorSDD2\train\10528_GT.png
train,train,10530,0,Normal,C:\Users\james\OneDrive - Lancaster University\Documents\Projects\MARS-Summer-Research\data\raw\KolektorSDD2\train\10530.png,C:\Users\james\OneDrive - Lancaster University\Documents\Projects\MARS-Summer-Research\data\raw\KolektorSDD2\train\10530_GT.png
train,train,10532,0,Normal,C:\Users\james\OneDrive - Lancaster University\Documents\Projects\MARS-Summer-Research\data\raw\KolektorSDD2\train\10532.png,C:\Users\james\OneDrive - Lancaster University\Documents\Projects\MARS-Summer-Research\data\raw\KolektorSDD2\train\10532_GT.png
train,train,10534,0,Normal,C:\Users\james\OneDrive - Lancaster University\Documents\Projects\MARS-Summer-Research\data\raw\KolektorSDD2\train\10534.png,C:\Users\james\OneDrive - Lancaster University\Documents\Projects\MARS-Summer-Research\data\raw\KolektorSDD2\train\10534_GT.png
train,train,10535,0,Normal,C:\Users\james\OneDrive - Lancaster University\Documents\Projects\MARS-Summer-Research\data\raw\KolektorSDD2\train\10535.png,C:\Users\james\OneDrive - Lancaster University\Documents\Projects\MARS-Summer-Research\data\raw\KolektorSDD2\train\10535_GT.png
train,train,10536,1,Defective,C:\Users\james\OneDrive - Lancaster University\Documents\Projects\MARS-Summer-Research\data\raw\KolektorSDD2\train\10536.png,C:\Users\james\OneDrive - Lancaster University\Documents\Projects\MARS-Summer-Research\data\raw\KolektorSDD2\train\10536_GT.png
train,train,10537,0,Normal,C:\Users\james\OneDrive - Lancaster University\Documents\Projects\MARS-Summer-Research\data\raw\KolektorSDD2\train\10537.png,C:\Users\james\OneDrive - Lancaster University\Documents\Projects\MARS-Summer-Research\data\raw\KolektorSDD2\train\10537_GT.png
train,train,10538,0,Normal,C:\Users\james\OneDrive - Lancaster University\Documents\Projects\MARS-Summer-Research\data\raw\KolektorSDD2\train\10538.png,C:\Users\james\OneDrive - Lancaster University\Documents\Projects\MARS-Summer-Research\data\raw\KolektorSDD2\train\10538_GT.png
train,train,10539,0,Normal,C:\Users\james\OneDrive - Lancaster University\Documents\Projects\MARS-Summer-Research\data\raw\KolektorSDD2\train\10539.png,C:\Users\james\OneDrive - Lancaster University\Documents\Projects\MARS-Summer-Research\data\raw\KolektorSDD2\train\10539_GT.png
train,train,10540,0,Normal,C:\Users\james\OneDrive - Lancaster University\Documents\Projects\MARS-Summer-Research\data\raw\KolektorSDD2\train\10540.png,C:\Users\james\OneDrive - Lancaster University\Documents\Projects\MARS-Summer-Research\data\raw\KolektorSDD2\train\10540_GT.png
train,train,10541,0,Normal,C:\Users\james\OneDrive - Lancaster University\Documents\Projects\MARS-Summer-Research\data\raw\KolektorSDD2\train\10541.png,C:\Users\james\OneDrive - Lancaster University\Documents\Projects\MARS-Summer-Research\data\raw\KolektorSDD2\train\10541_GT.png
train,train,10543,0,Normal,C:\Users\james\OneDrive - Lancaster University\Documents\Projects\MARS-Summer-Research\data\raw\KolektorSDD2\train\10543.png,C:\Users\james\OneDrive - Lancaster University\Documents\Projects\MARS-Summer-Research\data\raw\KolektorSDD2\train\10543_GT.png
train,train,10544,0,Normal,C:\Users\james\OneDrive - Lancaster University\Documents\Projects\MARS-Summer-Research\data\raw\KolektorSDD2\train\10544.png,C:\Users\james\OneDrive - Lancaster University\Documents\Projects\MARS-Summer-Research\data\raw\KolektorSDD2\train\10544_GT.png
train,train,10545,0,Normal,C:\Users\james\OneDrive - Lancaster University\Documents\Projects\MARS-Summer-Research\data\raw\KolektorSDD2\train\10545.png,C:\Users\james\OneDrive - Lancaster University\Documents\Projects\MARS-Summer-Research\data\raw\KolektorSDD2\train\10545_GT.png
train,train,10547,0,Normal,C:\Users\james\OneDrive - Lancaster University\Documents\Projects\MARS-Summer-Research\data\raw\KolektorSDD2\train\10547.png,C:\Users\james\OneDrive - Lancaster University\Documents\Projects\MARS-Summer-Research\data\raw\KolektorSDD2\train\10547_GT.png
train,train,10548,0,Normal,C:\Users\james\OneDrive - Lancaster University\Documents\Projects\MARS-Summer-Research\data\raw\KolektorSDD2\train\10548.png,C:\Users\james\OneDrive - Lancaster University\Documents\Projects\MARS-Summer-Research\data\raw\KolektorSDD2\train\10548_GT.png
train,train,10549,0,Normal,C:\Users\james\OneDrive - Lancaster University\Documents\Projects\MARS-Summer-Research\data\raw\KolektorSDD2\train\10549.png,C:\Users\james\OneDrive - Lancaster University\Documents\Projects\MARS-Summer-Research\data\raw\KolektorSDD2\train\10549_GT.png
train,train,10551,0,Normal,C:\Users\james\OneDrive - Lancaster University\Documents\Projects\MARS-Summer-Research\data\raw\KolektorSDD2\train\10551.png,C:\Users\james\OneDrive - Lancaster University\Documents\Projects\MARS-Summer-Research\data\raw\KolektorSDD2\train\10551_GT.png
train,train,10552,0,Normal,C:\Users\james\OneDrive - Lancaster University\Documents\Projects\MARS-Summer-Research\data\raw\KolektorSDD2\train\10552.png,C:\Users\james\OneDrive - Lancaster University\Documents\Projects\MARS-Summer-Research\data\raw\KolektorSDD2\train\10552_GT.png
train,train,10553,0,Normal,C:\Users\james\OneDrive - Lancaster University\Documents\Projects\MARS-Summer-Research\data\raw\KolektorSDD2\train\10553.png,C:\Users\james\OneDrive - Lancaster University\Documents\Projects\MARS-Summer-Research\data\raw\KolektorSDD2\train\10553_GT.png
train,train,10554,1,Defective,C:\Users\james\OneDrive - Lancaster University\Documents\Projects\MARS-Summer-Research\data\raw\KolektorSDD2\train\10554.png,C:\Users\james\OneDrive - Lancaster University\Documents\Projects\MARS-Summer-Research\data\raw\KolektorSDD2\train\10554_GT.png
train,train,10556,0,Normal,C:\Users\james\OneDrive - Lancaster University\Documents\Projects\MARS-Summer-Research\data\raw\KolektorSDD2\train\10556.png,C:\Users\james\OneDrive - Lancaster University\Documents\Projects\MARS-Summer-Research\data\raw\KolektorSDD2\train\10556_GT.png
train,train,10557,1,Defective,C:\Users\james\OneDrive - Lancaster University\Documents\Projects\MARS-Summer-Research\data\raw\KolektorSDD2\train\10557.png,C:\Users\james\OneDrive - Lancaster University\Documents\Projects\MARS-Summer-Research\data\raw\KolektorSDD2\train\10557_GT.png
train,train,10558,0,Normal,C:\Users\james\OneDrive - Lancaster University\Documents\Projects\MARS-Summer-Research\data\raw\KolektorSDD2\train\10558.png,C:\Users\james\OneDrive - Lancaster University\Documents\Projects\MARS-Summer-Research\data\raw\KolektorSDD2\train\10558_GT.png
train,train,10559,0,Normal,C:\Users\james\OneDrive - Lancaster University\Documents\Projects\MARS-Summer-Research\data\raw\KolektorSDD2\train\10559.png,C:\Users\james\OneDrive - Lancaster University\Documents\Projects\MARS-Summer-Research\data\raw\KolektorSDD2\train\10559_GT.png
train,train,10560,0,Normal,C:\Users\james\OneDrive - Lancaster University\Documents\Projects\MARS-Summer-Research\data\raw\KolektorSDD2\train\10560.png,C:\Users\james\OneDrive - Lancaster University\Documents\Projects\MARS-Summer-Research\data\raw\KolektorSDD2\train\10560_GT.png
train,train,10561,0,Normal,C:\Users\james\OneDrive - Lancaster University\Documents\Projects\MARS-Summer-Research\data\raw\KolektorSDD2\train\10561.png,C:\Users\james\OneDrive - Lancaster University\Documents\Projects\MARS-Summer-Research\data\raw\KolektorSDD2\train\10561_GT.png
train,train,10563,0,Normal,C:\Users\james\OneDrive - Lancaster University\Documents\Projects\MARS-Summer-Research\data\raw\KolektorSDD2\train\10563.png,C:\Users\james\OneDrive - Lancaster University\Documents\Projects\MARS-Summer-Research\data\raw\KolektorSDD2\train\10563_GT.png
train,train,10564,0,Normal,C:\Users\james\OneDrive - Lancaster University\Documents\Projects\MARS-Summer-Research\data\raw\KolektorSDD2\train\10564.png,C:\Users\james\OneDrive - Lancaster University\Documents\Projects\MARS-Summer-Research\data\raw\KolektorSDD2\train\10564_GT.png
train,train,10565,0,Normal,C:\Users\james\OneDrive - Lancaster University\Documents\Projects\MARS-Summer-Research\data\raw\KolektorSDD2\train\10565.png,C:\Users\james\OneDrive - Lancaster University\Documents\Projects\MARS-Summer-Research\data\raw\KolektorSDD2\train\10565_GT.png
train,train,10566,0,Normal,C:\Users\james\OneDrive - Lancaster University\Documents\Projects\MARS-Summer-Research\data\raw\KolektorSDD2\train\10566.png,C:\Users\james\OneDrive - Lancaster University\Documents\Projects\MARS-Summer-Research\data\raw\KolektorSDD2\train\10566_GT.png
train,train,10567,0,Normal,C:\Users\james\OneDrive - Lancaster University\Documents\Projects\MARS-Summer-Research\data\raw\KolektorSDD2\train\10567.png,C:\Users\james\OneDrive - Lancaster University\Documents\Projects\MARS-Summer-Research\data\raw\KolektorSDD2\train\10567_GT.png
train,train,10569,1,Defective,C:\Users\james\OneDrive - Lancaster University\Documents\Projects\MARS-Summer-Research\data\raw\KolektorSDD2\train\10569.png,C:\Users\james\OneDrive - Lancaster University\Documents\Projects\MARS-Summer-Research\data\raw\KolektorSDD2\train\10569_GT.png
train,train,10571,0,Normal,C:\Users\james\OneDrive - Lancaster University\Documents\Projects\MARS-Summer-Research\data\raw\KolektorSDD2\train\10571.png,C:\Users\james\OneDrive - Lancaster University\Documents\Projects\MARS-Summer-Research\data\raw\KolektorSDD2\train\10571_GT.png
train,train,10572,0,Normal,C:\Users\james\OneDrive - Lancaster University\Documents\Projects\MARS-Summer-Research\data\raw\KolektorSDD2\train\10572.png,C:\Users\james\OneDrive - Lancaster University\Documents\Projects\MARS-Summer-Research\data\raw\KolektorSDD2\train\10572_GT.png
train,train,10573,0,Normal,C:\Users\james\OneDrive - Lancaster University\Documents\Projects\MARS-Summer-Research\data\raw\KolektorSDD2\train\10573.png,C:\Users\james\OneDrive - Lancaster University\Documents\Projects\MARS-Summer-Research\data\raw\KolektorSDD2\train\10573_GT.png
train,train,10574,1,Defective,C:\Users\james\OneDrive - Lancaster University\Documents\Projects\MARS-Summer-Research\data\raw\KolektorSDD2\train\10574.png,C:\Users\james\OneDrive - Lancaster University\Documents\Projects\MARS-Summer-Research\data\raw\KolektorSDD2\train\10574_GT.png
train,train,10575,0,Normal,C:\Users\james\OneDrive - Lancaster University\Documents\Projects\MARS-Summer-Research\data\raw\KolektorSDD2\train\10575.png,C:\Users\james\OneDrive - Lancaster University\Documents\Projects\MARS-Summer-Research\data\raw\KolektorSDD2\train\10575_GT.png
train,train,10576,0,Normal,C:\Users\james\OneDrive - Lancaster University\Documents\Projects\MARS-Summer-Research\data\raw\KolektorSDD2\train\10576.png,C:\Users\james\OneDrive - Lancaster University\Documents\Projects\MARS-Summer-Research\data\raw\KolektorSDD2\train\10576_GT.png
train,train,10577,0,Normal,C:\Users\james\OneDrive - Lancaster University\Documents\Projects\MARS-Summer-Research\data\raw\KolektorSDD2\train\10577.png,C:\Users\james\OneDrive - Lancaster University\Documents\Projects\MARS-Summer-Research\data\raw\KolektorSDD2\train\10577_GT.png
train,train,10578,0,Normal,C:\Users\james\OneDrive - Lancaster University\Documents\Projects\MARS-Summer-Research\data\raw\KolektorSDD2\train\10578.png,C:\Users\james\OneDrive - Lancaster University\Documents\Projects\MARS-Summer-Research\data\raw\KolektorSDD2\train\10578_GT.png
train,train,10580,0,Normal,C:\Users\james\OneDrive - Lancaster University\Documents\Projects\MARS-Summer-Research\data\raw\KolektorSDD2\train\10580.png,C:\Users\james\OneDrive - Lancaster University\Documents\Projects\MARS-Summer-Research\data\raw\KolektorSDD2\train\10580_GT.png
train,train,10581,0,Normal,C:\Users\james\OneDrive - Lancaster University\Documents\Projects\MARS-Summer-Research\data\raw\KolektorSDD2\train\10581.png,C:\Users\james\OneDrive - Lancaster University\Documents\Projects\MARS-Summer-Research\data\raw\KolektorSDD2\train\10581_GT.png
train,train,10584,0,Normal,C:\Users\james\OneDrive - Lancaster University\Documents\Projects\MARS-Summer-Research\data\raw\KolektorSDD2\train\10584.png,C:\Users\james\OneDrive - Lancaster University\Documents\Projects\MARS-Summer-Research\data\raw\KolektorSDD2\train\10584_GT.png
train,train,10585,1,Defective,C:\Users\james\OneDrive - Lancaster University\Documents\Projects\MARS-Summer-Research\data\raw\KolektorSDD2\train\10585.png,C:\Users\james\OneDrive - Lancaster University\Documents\Projects\MARS-Summer-Research\data\raw\KolektorSDD2\train\10585_GT.png
train,train,10586,0,Normal,C:\Users\james\OneDrive - Lancaster University\Documents\Projects\MARS-Summer-Research\data\raw\KolektorSDD2\train\10586.png,C:\Users\james\OneDrive - Lancaster University\Documents\Projects\MARS-Summer-Research\data\raw\KolektorSDD2\train\10586_GT.png
train,train,10587,0,Normal,C:\Users\james\OneDrive - Lancaster University\Documents\Projects\MARS-Summer-Research\data\raw\KolektorSDD2\train\10587.png,C:\Users\james\OneDrive - Lancaster University\Documents\Projects\MARS-Summer-Research\data\raw\KolektorSDD2\train\10587_GT.png
train,train,10589,0,Normal,C:\Users\james\OneDrive - Lancaster University\Documents\Projects\MARS-Summer-Research\data\raw\KolektorSDD2\train\10589.png,C:\Users\james\OneDrive - Lancaster University\Documents\Projects\MARS-Summer-Research\data\raw\KolektorSDD2\train\10589_GT.png
train,train,10590,0,Normal,C:\Users\james\OneDrive - Lancaster University\Documents\Projects\MARS-Summer-Research\data\raw\KolektorSDD2\train\10590.png,C:\Users\james\OneDrive - Lancaster University\Documents\Projects\MARS-Summer-Research\data\raw\KolektorSDD2\train\10590_GT.png
train,train,10591,0,Normal,C:\Users\james\OneDrive - Lancaster University\Documents\Projects\MARS-Summer-Research\data\raw\KolektorSDD2\train\10591.png,C:\Users\james\OneDrive - Lancaster University\Documents\Projects\MARS-Summer-Research\data\raw\KolektorSDD2\train\10591_GT.png
train,train,10592,0,Normal,C:\Users\james\OneDrive - Lancaster University\Documents\Projects\MARS-Summer-Research\data\raw\KolektorSDD2\train\10592.png,C:\Users\james\OneDrive - Lancaster University\Documents\Projects\MARS-Summer-Research\data\raw\KolektorSDD2\train\10592_GT.png
train,train,10593,0,Normal,C:\Users\james\OneDrive - Lancaster University\Documents\Projects\MARS-Summer-Research\data\raw\KolektorSDD2\train\10593.png,C:\Users\james\OneDrive - Lancaster University\Documents\Projects\MARS-Summer-Research\data\raw\KolektorSDD2\train\10593_GT.png
train,train,10594,0,Normal,C:\Users\james\OneDrive - Lancaster University\Documents\Projects\MARS-Summer-Research\data\raw\KolektorSDD2\train\10594.png,C:\Users\james\OneDrive - Lancaster University\Documents\Projects\MARS-Summer-Research\data\raw\KolektorSDD2\train\10594_GT.png
train,train,10595,0,Normal,C:\Users\james\OneDrive - Lancaster University\Documents\Projects\MARS-Summer-Research\data\raw\KolektorSDD2\train\10595.png,C:\Users\james\OneDrive - Lancaster University\Documents\Projects\MARS-Summer-Research\data\raw\KolektorSDD2\train\10595_GT.png
train,train,10596,0,Normal,C:\Users\james\OneDrive - Lancaster University\Documents\Projects\MARS-Summer-Research\data\raw\KolektorSDD2\train\10596.png,C:\Users\james\OneDrive - Lancaster University\Documents\Projects\MARS-Summer-Research\data\raw\KolektorSDD2\train\10596_GT.png
train,train,10597,0,Normal,C:\Users\james\OneDrive - Lancaster University\Documents\Projects\MARS-Summer-Research\data\raw\KolektorSDD2\train\10597.png,C:\Users\james\OneDrive - Lancaster University\Documents\Projects\MARS-Summer-Research\data\raw\KolektorSDD2\train\10597_GT.png
train,train,10598,0,Normal,C:\Users\james\OneDrive - Lancaster University\Documents\Projects\MARS-Summer-Research\data\raw\KolektorSDD2\train\10598.png,C:\Users\james\OneDrive - Lancaster University\Documents\Projects\MARS-Summer-Research\data\raw\KolektorSDD2\train\10598_GT.png
train,train,10599,0,Normal,C:\Users\james\OneDrive - Lancaster University\Documents\Projects\MARS-Summer-Research\data\raw\KolektorSDD2\train\10599.png,C:\Users\james\OneDrive - Lancaster University\Documents\Projects\MARS-Summer-Research\data\raw\KolektorSDD2\train\10599_GT.png
train,train,10600,0,Normal,C:\Users\james\OneDrive - Lancaster University\Documents\Projects\MARS-Summer-Research\data\raw\KolektorSDD2\train\10600.png,C:\Users\james\OneDrive - Lancaster University\Documents\Projects\MARS-Summer-Research\data\raw\KolektorSDD2\train\10600_GT.png
train,train,10601,0,Normal,C:\Users\james\OneDrive - Lancaster University\Documents\Projects\MARS-Summer-Research\data\raw\KolektorSDD2\train\10601.png,C:\Users\james\OneDrive - Lancaster University\Documents\Projects\MARS-Summer-Research\data\raw\KolektorSDD2\train\10601_GT.png
train,train,10602,1,Defective,C:\Users\james\OneDrive - Lancaster University\Documents\Projects\MARS-Summer-Research\data\raw\KolektorSDD2\train\10602.png,C:\Users\james\OneDrive - Lancaster University\Documents\Projects\MARS-Summer-Research\data\raw\KolektorSDD2\train\10602_GT.png
train,train,10603,0,Normal,C:\Users\james\OneDrive - Lancaster University\Documents\Projects\MARS-Summer-Research\data\raw\KolektorSDD2\train\10603.png,C:\Users\james\OneDrive - Lancaster University\Documents\Projects\MARS-Summer-Research\data\raw\KolektorSDD2\train\10603_GT.png
train,train,10604,0,Normal,C:\Users\james\OneDrive - Lancaster University\Documents\Projects\MARS-Summer-Research\data\raw\KolektorSDD2\train\10604.png,C:\Users\james\OneDrive - Lancaster University\Documents\Projects\MARS-Summer-Research\data\raw\KolektorSDD2\train\10604_GT.png
train,train,10606,0,Normal,C:\Users\james\OneDrive - Lancaster University\Documents\Projects\MARS-Summer-Research\data\raw\KolektorSDD2\train\10606.png,C:\Users\james\OneDrive - Lancaster University\Documents\Projects\MARS-Summer-Research\data\raw\KolektorSDD2\train\10606_GT.png
train,train,10607,0,Normal,C:\Users\james\OneDrive - Lancaster University\Documents\Projects\MARS-Summer-Research\data\raw\KolektorSDD2\train\10607.png,C:\Users\james\OneDrive - Lancaster University\Documents\Projects\MARS-Summer-Research\data\raw\KolektorSDD2\train\10607_GT.png
train,train,10608,0,Normal,C:\Users\james\OneDrive - Lancaster University\Documents\Projects\MARS-Summer-Research\data\raw\KolektorSDD2\train\10608.png,C:\Users\james\OneDrive - Lancaster University\Documents\Projects\MARS-Summer-Research\data\raw\KolektorSDD2\train\10608_GT.png
train,train,10609,0,Normal,C:\Users\james\OneDrive - Lancaster University\Documents\Projects\MARS-Summer-Research\data\raw\KolektorSDD2\train\10609.png,C:\Users\james\OneDrive - Lancaster University\Documents\Projects\MARS-Summer-Research\data\raw\KolektorSDD2\train\10609_GT.png
train,train,10610,0,Normal,C:\Users\james\OneDrive - Lancaster University\Documents\Projects\MARS-Summer-Research\data\raw\KolektorSDD2\train\10610.png,C:\Users\james\OneDrive - Lancaster University\Documents\Projects\MARS-Summer-Research\data\raw\KolektorSDD2\train\10610_GT.png
train,train,10612,1,Defective,C:\Users\james\OneDrive - Lancaster University\Documents\Projects\MARS-Summer-Research\data\raw\KolektorSDD2\train\10612.png,C:\Users\james\OneDrive - Lancaster University\Documents\Projects\MARS-Summer-Research\data\raw\KolektorSDD2\train\10612_GT.png
train,train,10613,0,Normal,C:\Users\james\OneDrive - Lancaster University\Documents\Projects\MARS-Summer-Research\data\raw\KolektorSDD2\train\10613.png,C:\Users\james\OneDrive - Lancaster University\Documents\Projects\MARS-Summer-Research\data\raw\KolektorSDD2\train\10613_GT.png
train,train,10614,0,Normal,C:\Users\james\OneDrive - Lancaster University\Documents\Projects\MARS-Summer-Research\data\raw\KolektorSDD2\train\10614.png,C:\Users\james\OneDrive - Lancaster University\Documents\Projects\MARS-Summer-Research\data\raw\KolektorSDD2\train\10614_GT.png
train,train,10615,0,Normal,C:\Users\james\OneDrive - Lancaster University\Documents\Projects\MARS-Summer-Research\data\raw\KolektorSDD2\train\10615.png,C:\Users\james\OneDrive - Lancaster University\Documents\Projects\MARS-Summer-Research\data\raw\KolektorSDD2\train\10615_GT.png
train,train,10617,0,Normal,C:\Users\james\OneDrive - Lancaster University\Documents\Projects\MARS-Summer-Research\data\raw\KolektorSDD2\train\10617.png,C:\Users\james\OneDrive - Lancaster University\Documents\Projects\MARS-Summer-Research\data\raw\KolektorSDD2\train\10617_GT.png
train,train,10618,1,Defective,C:\Users\james\OneDrive - Lancaster University\Documents\Projects\MARS-Summer-Research\data\raw\KolektorSDD2\train\10618.png,C:\Users\james\OneDrive - Lancaster University\Documents\Projects\MARS-Summer-Research\data\raw\KolektorSDD2\train\10618_GT.png
train,train,10619,0,Normal,C:\Users\james\OneDrive - Lancaster University\Documents\Projects\MARS-Summer-Research\data\raw\KolektorSDD2\train\10619.png,C:\Users\james\OneDrive - Lancaster University\Documents\Projects\MARS-Summer-Research\data\raw\KolektorSDD2\train\10619_GT.png
train,train,10620,0,Normal,C:\Users\james\OneDrive - Lancaster University\Documents\Projects\MARS-Summer-Research\data\raw\KolektorSDD2\train\10620.png,C:\Users\james\OneDrive - Lancaster University\Documents\Projects\MARS-Summer-Research\data\raw\KolektorSDD2\train\10620_GT.png
train,train,10621,0,Normal,C:\Users\james\OneDrive - Lancaster University\Documents\Projects\MARS-Summer-Research\data\raw\KolektorSDD2\train\10621.png,C:\Users\james\OneDrive - Lancaster University\Documents\Projects\MARS-Summer-Research\data\raw\KolektorSDD2\train\10621_GT.png
train,train,10622,0,Normal,C:\Users\james\OneDrive - Lancaster University\Documents\Projects\MARS-Summer-Research\data\raw\KolektorSDD2\train\10622.png,C:\Users\james\OneDrive - Lancaster University\Documents\Projects\MARS-Summer-Research\data\raw\KolektorSDD2\train\10622_GT.png
train,train,10624,0,Normal,C:\Users\james\OneDrive - Lancaster University\Documents\Projects\MARS-Summer-Research\data\raw\KolektorSDD2\train\10624.png,C:\Users\james\OneDrive - Lancaster University\Documents\Projects\MARS-Summer-Research\data\raw\KolektorSDD2\train\10624_GT.png
train,train,10625,0,Normal,C:\Users\james\OneDrive - Lancaster University\Documents\Projects\MARS-Summer-Research\data\raw\KolektorSDD2\train\10625.png,C:\Users\james\OneDrive - Lancaster University\Documents\Projects\MARS-Summer-Research\data\raw\KolektorSDD2\train\10625_GT.png
train,train,10626,0,Normal,C:\Users\james\OneDrive - Lancaster University\Documents\Projects\MARS-Summer-Research\data\raw\KolektorSDD2\train\10626.png,C:\Users\james\OneDrive - Lancaster University\Documents\Projects\MARS-Summer-Research\data\raw\KolektorSDD2\train\10626_GT.png
train,train,10627,0,Normal,C:\Users\james\OneDrive - Lancaster University\Documents\Projects\MARS-Summer-Research\data\raw\KolektorSDD2\train\10627.png,C:\Users\james\OneDrive - Lancaster University\Documents\Projects\MARS-Summer-Research\data\raw\KolektorSDD2\train\10627_GT.png
train,train,10629,0,Normal,C:\Users\james\OneDrive - Lancaster University\Documents\Projects\MARS-Summer-Research\data\raw\KolektorSDD2\train\10629.png,C:\Users\james\OneDrive - Lancaster University\Documents\Projects\MARS-Summer-Research\data\raw\KolektorSDD2\train\10629_GT.png
train,train,10632,0,Normal,C:\Users\james\OneDrive - Lancaster University\Documents\Projects\MARS-Summer-Research\data\raw\KolektorSDD2\train\10632.png,C:\Users\james\OneDrive - Lancaster University\Documents\Projects\MARS-Summer-Research\data\raw\KolektorSDD2\train\10632_GT.png
train,train,10634,0,Normal,C:\Users\james\OneDrive - Lancaster University\Documents\Projects\MARS-Summer-Research\data\raw\KolektorSDD2\train\10634.png,C:\Users\james\OneDrive - Lancaster University\Documents\Projects\MARS-Summer-Research\data\raw\KolektorSDD2\train\10634_GT.png
train,train,10635,0,Normal,C:\Users\james\OneDrive - Lancaster University\Documents\Projects\MARS-Summer-Research\data\raw\KolektorSDD2\train\10635.png,C:\Users\james\OneDrive - Lancaster University\Documents\Projects\MARS-Summer-Research\data\raw\KolektorSDD2\train\10635_GT.png
train,train,10636,0,Normal,C:\Users\james\OneDrive - Lancaster University\Documents\Projects\MARS-Summer-Research\data\raw\KolektorSDD2\train\10636.png,C:\Users\james\OneDrive - Lancaster University\Documents\Projects\MARS-Summer-Research\data\raw\KolektorSDD2\train\10636_GT.png
train,train,10638,1,Defective,C:\Users\james\OneDrive - Lancaster University\Documents\Projects\MARS-Summer-Research\data\raw\KolektorSDD2\train\10638.png,C:\Users\james\OneDrive - Lancaster University\Documents\Projects\MARS-Summer-Research\data\raw\KolektorSDD2\train\10638_GT.png
train,train,10639,0,Normal,C:\Users\james\OneDrive - Lancaster University\Documents\Projects\MARS-Summer-Research\data\raw\KolektorSDD2\train\10639.png,C:\Users\james\OneDrive - Lancaster University\Documents\Projects\MARS-Summer-Research\data\raw\KolektorSDD2\train\10639_GT.png
train,train,10640,0,Normal,C:\Users\james\OneDrive - Lancaster University\Documents\Projects\MARS-Summer-Research\data\raw\KolektorSDD2\train\10640.png,C:\Users\james\OneDrive - Lancaster University\Documents\Projects\MARS-Summer-Research\data\raw\KolektorSDD2\train\10640_GT.png
train,train,10641,0,Normal,C:\Users\james\OneDrive - Lancaster University\Documents\Projects\MARS-Summer-Research\data\raw\KolektorSDD2\train\10641.png,C:\Users\james\OneDrive - Lancaster University\Documents\Projects\MARS-Summer-Research\data\raw\KolektorSDD2\train\10641_GT.png
train,train,10642,0,Normal,C:\Users\james\OneDrive - Lancaster University\Documents\Projects\MARS-Summer-Research\data\raw\KolektorSDD2\train\10642.png,C:\Users\james\OneDrive - Lancaster University\Documents\Projects\MARS-Summer-Research\data\raw\KolektorSDD2\train\10642_GT.png
train,train,10643,0,Normal,C:\Users\james\OneDrive - Lancaster University\Documents\Projects\MARS-Summer-Research\data\raw\KolektorSDD2\train\10643.png,C:\Users\james\OneDrive - Lancaster University\Documents\Projects\MARS-Summer-Research\data\raw\KolektorSDD2\train\10643_GT.png
train,train,10644,0,Normal,C:\Users\james\OneDrive - Lancaster University\Documents\Projects\MARS-Summer-Research\data\raw\KolektorSDD2\train\10644.png,C:\Users\james\OneDrive - Lancaster University\Documents\Projects\MARS-Summer-Research\data\raw\KolektorSDD2\train\10644_GT.png
train,train,10645,0,Normal,C:\Users\james\OneDrive - Lancaster University\Documents\Projects\MARS-Summer-Research\data\raw\KolektorSDD2\train\10645.png,C:\Users\james\OneDrive - Lancaster University\Documents\Projects\MARS-Summer-Research\data\raw\KolektorSDD2\train\10645_GT.png
train,train,10646,0,Normal,C:\Users\james\OneDrive - Lancaster University\Documents\Projects\MARS-Summer-Research\data\raw\KolektorSDD2\train\10646.png,C:\Users\james\OneDrive - Lancaster University\Documents\Projects\MARS-Summer-Research\data\raw\KolektorSDD2\train\10646_GT.png
train,train,10647,1,Defective,C:\Users\james\OneDrive - Lancaster University\Documents\Projects\MARS-Summer-Research\data\raw\KolektorSDD2\train\10647.png,C:\Users\james\OneDrive - Lancaster University\Documents\Projects\MARS-Summer-Research\data\raw\KolektorSDD2\train\10647_GT.png
train,train,10648,1,Defective,C:\Users\james\OneDrive - Lancaster University\Documents\Projects\MARS-Summer-Research\data\raw\KolektorSDD2\train\10648.png,C:\Users\james\OneDrive - Lancaster University\Documents\Projects\MARS-Summer-Research\data\raw\KolektorSDD2\train\10648_GT.png
train,train,10650,0,Normal,C:\Users\james\OneDrive - Lancaster University\Documents\Projects\MARS-Summer-Research\data\raw\KolektorSDD2\train\10650.png,C:\Users\james\OneDrive - Lancaster University\Documents\Projects\MARS-Summer-Research\data\raw\KolektorSDD2\train\10650_GT.png
train,train,10651,0,Normal,C:\Users\james\OneDrive - Lancaster University\Documents\Projects\MARS-Summer-Research\data\raw\KolektorSDD2\train\10651.png,C:\Users\james\OneDrive - Lancaster University\Documents\Projects\MARS-Summer-Research\data\raw\KolektorSDD2\train\10651_GT.png
train,train,10652,0,Normal,C:\Users\james\OneDrive - Lancaster University\Documents\Projects\MARS-Summer-Research\data\raw\KolektorSDD2\train\10652.png,C:\Users\james\OneDrive - Lancaster University\Documents\Projects\MARS-Summer-Research\data\raw\KolektorSDD2\train\10652_GT.png
train,train,10653,0,Normal,C:\Users\james\OneDrive - Lancaster University\Documents\Projects\MARS-Summer-Research\data\raw\KolektorSDD2\train\10653.png,C:\Users\james\OneDrive - Lancaster University\Documents\Projects\MARS-Summer-Research\data\raw\KolektorSDD2\train\10653_GT.png
train,train,10655,0,Normal,C:\Users\james\OneDrive - Lancaster University\Documents\Projects\MARS-Summer-Research\data\raw\KolektorSDD2\train\10655.png,C:\Users\james\OneDrive - Lancaster University\Documents\Projects\MARS-Summer-Research\data\raw\KolektorSDD2\train\10655_GT.png
train,train,10656,0,Normal,C:\Users\james\OneDrive - Lancaster University\Documents\Projects\MARS-Summer-Research\data\raw\KolektorSDD2\train\10656.png,C:\Users\james\OneDrive - Lancaster University\Documents\Projects\MARS-Summer-Research\data\raw\KolektorSDD2\train\10656_GT.png
train,train,10657,0,Normal,C:\Users\james\OneDrive - Lancaster University\Documents\Projects\MARS-Summer-Research\data\raw\KolektorSDD2\train\10657.png,C:\Users\james\OneDrive - Lancaster University\Documents\Projects\MARS-Summer-Research\data\raw\KolektorSDD2\train\10657_GT.png
train,train,10658,0,Normal,C:\Users\james\OneDrive - Lancaster University\Documents\Projects\MARS-Summer-Research\data\raw\KolektorSDD2\train\10658.png,C:\Users\james\OneDrive - Lancaster University\Documents\Projects\MARS-Summer-Research\data\raw\KolektorSDD2\train\10658_GT.png
train,train,10659,1,Defective,C:\Users\james\OneDrive - Lancaster University\Documents\Projects\MARS-Summer-Research\data\raw\KolektorSDD2\train\10659.png,C:\Users\james\OneDrive - Lancaster University\Documents\Projects\MARS-Summer-Research\data\raw\KolektorSDD2\train\10659_GT.png
train,train,10662,0,Normal,C:\Users\james\OneDrive - Lancaster University\Documents\Projects\MARS-Summer-Research\data\raw\KolektorSDD2\train\10662.png,C:\Users\james\OneDrive - Lancaster University\Documents\Projects\MARS-Summer-Research\data\raw\KolektorSDD2\train\10662_GT.png
train,train,10663,1,Defective,C:\Users\james\OneDrive - Lancaster University\Documents\Projects\MARS-Summer-Research\data\raw\KolektorSDD2\train\10663.png,C:\Users\james\OneDrive - Lancaster University\Documents\Projects\MARS-Summer-Research\data\raw\KolektorSDD2\train\10663_GT.png
train,train,10664,0,Normal,C:\Users\james\OneDrive - Lancaster University\Documents\Projects\MARS-Summer-Research\data\raw\KolektorSDD2\train\10664.png,C:\Users\james\OneDrive - Lancaster University\Documents\Projects\MARS-Summer-Research\data\raw\KolektorSDD2\train\10664_GT.png
train,train,10665,0,Normal,C:\Users\james\OneDrive - Lancaster University\Documents\Projects\MARS-Summer-Research\data\raw\KolektorSDD2\train\10665.png,C:\Users\james\OneDrive - Lancaster University\Documents\Projects\MARS-Summer-Research\data\raw\KolektorSDD2\train\10665_GT.png
train,train,10666,0,Normal,C:\Users\james\OneDrive - Lancaster University\Documents\Projects\MARS-Summer-Research\data\raw\KolektorSDD2\train\10666.png,C:\Users\james\OneDrive - Lancaster University\Documents\Projects\MARS-Summer-Research\data\raw\KolektorSDD2\train\10666_GT.png
train,train,10667,0,Normal,C:\Users\james\OneDrive - Lancaster University\Documents\Projects\MARS-Summer-Research\data\raw\KolektorSDD2\train\10667.png,C:\Users\james\OneDrive - Lancaster University\Documents\Projects\MARS-Summer-Research\data\raw\KolektorSDD2\train\10667_GT.png
train,train,10669,0,Normal,C:\Users\james\OneDrive - Lancaster University\Documents\Projects\MARS-Summer-Research\data\raw\KolektorSDD2\train\10669.png,C:\Users\james\OneDrive - Lancaster University\Documents\Projects\MARS-Summer-Research\data\raw\KolektorSDD2\train\10669_GT.png
train,train,10670,0,Normal,C:\Users\james\OneDrive - Lancaster University\Documents\Projects\MARS-Summer-Research\data\raw\KolektorSDD2\train\10670.png,C:\Users\james\OneDrive - Lancaster University\Documents\Projects\MARS-Summer-Research\data\raw\KolektorSDD2\train\10670_GT.png
train,train,10671,0,Normal,C:\Users\james\OneDrive - Lancaster University\Documents\Projects\MARS-Summer-Research\data\raw\KolektorSDD2\train\10671.png,C:\Users\james\OneDrive - Lancaster University\Documents\Projects\MARS-Summer-Research\data\raw\KolektorSDD2\train\10671_GT.png
train,train,10673,0,Normal,C:\Users\james\OneDrive - Lancaster University\Documents\Projects\MARS-Summer-Research\data\raw\KolektorSDD2\train\10673.png,C:\Users\james\OneDrive - Lancaster University\Documents\Projects\MARS-Summer-Research\data\raw\KolektorSDD2\train\10673_GT.png
train,train,10674,0,Normal,C:\Users\james\OneDrive - Lancaster University\Documents\Projects\MARS-Summer-Research\data\raw\KolektorSDD2\train\10674.png,C:\Users\james\OneDrive - Lancaster University\Documents\Projects\MARS-Summer-Research\data\raw\KolektorSDD2\train\10674_GT.png
train,train,10675,0,Normal,C:\Users\james\OneDrive - Lancaster University\Documents\Projects\MARS-Summer-Research\data\raw\KolektorSDD2\train\10675.png,C:\Users\james\OneDrive - Lancaster University\Documents\Projects\MARS-Summer-Research\data\raw\KolektorSDD2\train\10675_GT.png
train,train,10676,0,Normal,C:\Users\james\OneDrive - Lancaster University\Documents\Projects\MARS-Summer-Research\data\raw\KolektorSDD2\train\10676.png,C:\Users\james\OneDrive - Lancaster University\Documents\Projects\MARS-Summer-Research\data\raw\KolektorSDD2\train\10676_GT.png
train,train,10677,1,Defective,C:\Users\james\OneDrive - Lancaster University\Documents\Projects\MARS-Summer-Research\data\raw\KolektorSDD2\train\10677.png,C:\Users\james\OneDrive - Lancaster University\Documents\Projects\MARS-Summer-Research\data\raw\KolektorSDD2\train\10677_GT.png
train,train,10678,1,Defective,C:\Users\james\OneDrive - Lancaster University\Documents\Projects\MARS-Summer-Research\data\raw\KolektorSDD2\train\10678.png,C:\Users\james\OneDrive - Lancaster University\Documents\Projects\MARS-Summer-Research\data\raw\KolektorSDD2\train\10678_GT.png
train,train,10680,0,Normal,C:\Users\james\OneDrive - Lancaster University\Documents\Projects\MARS-Summer-Research\data\raw\KolektorSDD2\train\10680.png,C:\Users\james\OneDrive - Lancaster University\Documents\Projects\MARS-Summer-Research\data\raw\KolektorSDD2\train\10680_GT.png
train,train,10681,0,Normal,C:\Users\james\OneDrive - Lancaster University\Documents\Projects\MARS-Summer-Research\data\raw\KolektorSDD2\train\10681.png,C:\Users\james\OneDrive - Lancaster University\Documents\Projects\MARS-Summer-Research\data\raw\KolektorSDD2\train\10681_GT.png
train,train,10682,0,Normal,C:\Users\james\OneDrive - Lancaster University\Documents\Projects\MARS-Summer-Research\data\raw\KolektorSDD2\train\10682.png,C:\Users\james\OneDrive - Lancaster University\Documents\Projects\MARS-Summer-Research\data\raw\KolektorSDD2\train\10682_GT.png
train,train,10683,0,Normal,C:\Users\james\OneDrive - Lancaster University\Documents\Projects\MARS-Summer-Research\data\raw\KolektorSDD2\train\10683.png,C:\Users\james\OneDrive - Lancaster University\Documents\Projects\MARS-Summer-Research\data\raw\KolektorSDD2\train\10683_GT.png
train,train,10684,0,Normal,C:\Users\james\OneDrive - Lancaster University\Documents\Projects\MARS-Summer-Research\data\raw\KolektorSDD2\train\10684.png,C:\Users\james\OneDrive - Lancaster University\Documents\Projects\MARS-Summer-Research\data\raw\KolektorSDD2\train\10684_GT.png
train,train,10686,0,Normal,C:\Users\james\OneDrive - Lancaster University\Documents\Projects\MARS-Summer-Research\data\raw\KolektorSDD2\train\10686.png,C:\Users\james\OneDrive - Lancaster University\Documents\Projects\MARS-Summer-Research\data\raw\KolektorSDD2\train\10686_GT.png
train,train,10688,0,Normal,C:\Users\james\OneDrive - Lancaster University\Documents\Projects\MARS-Summer-Research\data\raw\KolektorSDD2\train\10688.png,C:\Users\james\OneDrive - Lancaster University\Documents\Projects\MARS-Summer-Research\data\raw\KolektorSDD2\train\10688_GT.png
train,train,10689,0,Normal,C:\Users\james\OneDrive - Lancaster University\Documents\Projects\MARS-Summer-Research\data\raw\KolektorSDD2\train\10689.png,C:\Users\james\OneDrive - Lancaster University\Documents\Projects\MARS-Summer-Research\data\raw\KolektorSDD2\train\10689_GT.png
train,train,10690,0,Normal,C:\Users\james\OneDrive - Lancaster University\Documents\Projects\MARS-Summer-Research\data\raw\KolektorSDD2\train\10690.png,C:\Users\james\OneDrive - Lancaster University\Documents\Projects\MARS-Summer-Research\data\raw\KolektorSDD2\train\10690_GT.png
train,train,10692,0,Normal,C:\Users\james\OneDrive - Lancaster University\Documents\Projects\MARS-Summer-Research\data\raw\KolektorSDD2\train\10692.png,C:\Users\james\OneDrive - Lancaster University\Documents\Projects\MARS-Summer-Research\data\raw\KolektorSDD2\train\10692_GT.png
train,train,10693,0,Normal,C:\Users\james\OneDrive - Lancaster University\Documents\Projects\MARS-Summer-Research\data\raw\KolektorSDD2\train\10693.png,C:\Users\james\OneDrive - Lancaster University\Documents\Projects\MARS-Summer-Research\data\raw\KolektorSDD2\train\10693_GT.png
train,train,10694,0,Normal,C:\Users\james\OneDrive - Lancaster University\Documents\Projects\MARS-Summer-Research\data\raw\KolektorSDD2\train\10694.png,C:\Users\james\OneDrive - Lancaster University\Documents\Projects\MARS-Summer-Research\data\raw\KolektorSDD2\train\10694_GT.png
train,train,10695,1,Defective,C:\Users\james\OneDrive - Lancaster University\Documents\Projects\MARS-Summer-Research\data\raw\KolektorSDD2\train\10695.png,C:\Users\james\OneDrive - Lancaster University\Documents\Projects\MARS-Summer-Research\data\raw\KolektorSDD2\train\10695_GT.png
train,train,10696,0,Normal,C:\Users\james\OneDrive - Lancaster University\Documents\Projects\MARS-Summer-Research\data\raw\KolektorSDD2\train\10696.png,C:\Users\james\OneDrive - Lancaster University\Documents\Projects\MARS-Summer-Research\data\raw\KolektorSDD2\train\10696_GT.png
train,train,10697,0,Normal,C:\Users\james\OneDrive - Lancaster University\Documents\Projects\MARS-Summer-Research\data\raw\KolektorSDD2\train\10697.png,C:\Users\james\OneDrive - Lancaster University\Documents\Projects\MARS-Summer-Research\data\raw\KolektorSDD2\train\10697_GT.png
train,train,10698,0,Normal,C:\Users\james\OneDrive - Lancaster University\Documents\Projects\MARS-Summer-Research\data\raw\KolektorSDD2\train\10698.png,C:\Users\james\OneDrive - Lancaster University\Documents\Projects\MARS-Summer-Research\data\raw\KolektorSDD2\train\10698_GT.png
train,train,10699,0,Normal,C:\Users\james\OneDrive - Lancaster University\Documents\Projects\MARS-Summer-Research\data\raw\KolektorSDD2\train\10699.png,C:\Users\james\OneDrive - Lancaster University\Documents\Projects\MARS-Summer-Research\data\raw\KolektorSDD2\train\10699_GT.png
train,train,10700,0,Normal,C:\Users\james\OneDrive - Lancaster University\Documents\Projects\MARS-Summer-Research\data\raw\KolektorSDD2\train\10700.png,C:\Users\james\OneDrive - Lancaster University\Documents\Projects\MARS-Summer-Research\data\raw\KolektorSDD2\train\10700_GT.png
train,train,10701,0,Normal,C:\Users\james\OneDrive - Lancaster University\Documents\Projects\MARS-Summer-Research\data\raw\KolektorSDD2\train\10701.png,C:\Users\james\OneDrive - Lancaster University\Documents\Projects\MARS-Summer-Research\data\raw\KolektorSDD2\train\10701_GT.png
train,train,10702,0,Normal,C:\Users\james\OneDrive - Lancaster University\Documents\Projects\MARS-Summer-Research\data\raw\KolektorSDD2\train\10702.png,C:\Users\james\OneDrive - Lancaster University\Documents\Projects\MARS-Summer-Research\data\raw\KolektorSDD2\train\10702_GT.png
train,train,10704,0,Normal,C:\Users\james\OneDrive - Lancaster University\Documents\Projects\MARS-Summer-Research\data\raw\KolektorSDD2\train\10704.png,C:\Users\james\OneDrive - Lancaster University\Documents\Projects\MARS-Summer-Research\data\raw\KolektorSDD2\train\10704_GT.png
train,train,10705,0,Normal,C:\Users\james\OneDrive - Lancaster University\Documents\Projects\MARS-Summer-Research\data\raw\KolektorSDD2\train\10705.png,C:\Users\james\OneDrive - Lancaster University\Documents\Projects\MARS-Summer-Research\data\raw\KolektorSDD2\train\10705_GT.png
train,train,10706,0,Normal,C:\Users\james\OneDrive - Lancaster University\Documents\Projects\MARS-Summer-Research\data\raw\KolektorSDD2\train\10706.png,C:\Users\james\OneDrive - Lancaster University\Documents\Projects\MARS-Summer-Research\data\raw\KolektorSDD2\train\10706_GT.png
train,train,10707,1,Defective,C:\Users\james\OneDrive - Lancaster University\Documents\Projects\MARS-Summer-Research\data\raw\KolektorSDD2\train\10707.png,C:\Users\james\OneDrive - Lancaster University\Documents\Projects\MARS-Summer-Research\data\raw\KolektorSDD2\train\10707_GT.png
train,train,10709,0,Normal,C:\Users\james\OneDrive - Lancaster University\Documents\Projects\MARS-Summer-Research\data\raw\KolektorSDD2\train\10709.png,C:\Users\james\OneDrive - Lancaster University\Documents\Projects\MARS-Summer-Research\data\raw\KolektorSDD2\train\10709_GT.png
train,train,10710,0,Normal,C:\Users\james\OneDrive - Lancaster University\Documents\Projects\MARS-Summer-Research\data\raw\KolektorSDD2\train\10710.png,C:\Users\james\OneDrive - Lancaster University\Documents\Projects\MARS-Summer-Research\data\raw\KolektorSDD2\train\10710_GT.png
train,train,10713,0,Normal,C:\Users\james\OneDrive - Lancaster University\Documents\Projects\MARS-Summer-Research\data\raw\KolektorSDD2\train\10713.png,C:\Users\james\OneDrive - Lancaster University\Documents\Projects\MARS-Summer-Research\data\raw\KolektorSDD2\train\10713_GT.png
train,train,10714,1,Defective,C:\Users\james\OneDrive - Lancaster University\Documents\Projects\MARS-Summer-Research\data\raw\KolektorSDD2\train\10714.png,C:\Users\james\OneDrive - Lancaster University\Documents\Projects\MARS-Summer-Research\data\raw\KolektorSDD2\train\10714_GT.png
train,train,10715,0,Normal,C:\Users\james\OneDrive - Lancaster University\Documents\Projects\MARS-Summer-Research\data\raw\KolektorSDD2\train\10715.png,C:\Users\james\OneDrive - Lancaster University\Documents\Projects\MARS-Summer-Research\data\raw\KolektorSDD2\train\10715_GT.png
train,train,10717,0,Normal,C:\Users\james\OneDrive - Lancaster University\Documents\Projects\MARS-Summer-Research\data\raw\KolektorSDD2\train\10717.png,C:\Users\james\OneDrive - Lancaster University\Documents\Projects\MARS-Summer-Research\data\raw\KolektorSDD2\train\10717_GT.png
train,train,10718,0,Normal,C:\Users\james\OneDrive - Lancaster University\Documents\Projects\MARS-Summer-Research\data\raw\KolektorSDD2\train\10718.png,C:\Users\james\OneDrive - Lancaster University\Documents\Projects\MARS-Summer-Research\data\raw\KolektorSDD2\train\10718_GT.png
train,train,10719,0,Normal,C:\Users\james\OneDrive - Lancaster University\Documents\Projects\MARS-Summer-Research\data\raw\KolektorSDD2\train\10719.png,C:\Users\james\OneDrive - Lancaster University\Documents\Projects\MARS-Summer-Research\data\raw\KolektorSDD2\train\10719_GT.png
train,train,10720,0,Normal,C:\Users\james\OneDrive - Lancaster University\Documents\Projects\MARS-Summer-Research\data\raw\KolektorSDD2\train\10720.png,C:\Users\james\OneDrive - Lancaster University\Documents\Projects\MARS-Summer-Research\data\raw\KolektorSDD2\train\10720_GT.png
train,train,10721,0,Normal,C:\Users\james\OneDrive - Lancaster University\Documents\Projects\MARS-Summer-Research\data\raw\KolektorSDD2\train\10721.png,C:\Users\james\OneDrive - Lancaster University\Documents\Projects\MARS-Summer-Research\data\raw\KolektorSDD2\train\10721_GT.png
train,train,10722,0,Normal,C:\Users\james\OneDrive - Lancaster University\Documents\Projects\MARS-Summer-Research\data\raw\KolektorSDD2\train\10722.png,C:\Users\james\OneDrive - Lancaster University\Documents\Projects\MARS-Summer-Research\data\raw\KolektorSDD2\train\10722_GT.png
train,train,10727,1,Defective,C:\Users\james\OneDrive - Lancaster University\Documents\Projects\MARS-Summer-Research\data\raw\KolektorSDD2\train\10727.png,C:\Users\james\OneDrive - Lancaster University\Documents\Projects\MARS-Summer-Research\data\raw\KolektorSDD2\train\10727_GT.png
train,train,10728,0,Normal,C:\Users\james\OneDrive - Lancaster University\Documents\Projects\MARS-Summer-Research\data\raw\KolektorSDD2\train\10728.png,C:\Users\james\OneDrive - Lancaster University\Documents\Projects\MARS-Summer-Research\data\raw\KolektorSDD2\train\10728_GT.png
train,train,10729,1,Defective,C:\Users\james\OneDrive - Lancaster University\Documents\Projects\MARS-Summer-Research\data\raw\KolektorSDD2\train\10729.png,C:\Users\james\OneDrive - Lancaster University\Documents\Projects\MARS-Summer-Research\data\raw\KolektorSDD2\train\10729_GT.png
train,train,10730,0,Normal,C:\Users\james\OneDrive - Lancaster University\Documents\Projects\MARS-Summer-Research\data\raw\KolektorSDD2\train\10730.png,C:\Users\james\OneDrive - Lancaster University\Documents\Projects\MARS-Summer-Research\data\raw\KolektorSDD2\train\10730_GT.png
train,train,10735,0,Normal,C:\Users\james\OneDrive - Lancaster University\Documents\Projects\MARS-Summer-Research\data\raw\KolektorSDD2\train\10735.png,C:\Users\james\OneDrive - Lancaster University\Documents\Projects\MARS-Summer-Research\data\raw\KolektorSDD2\train\10735_GT.png
train,train,10736,0,Normal,C:\Users\james\OneDrive - Lancaster University\Documents\Projects\MARS-Summer-Research\data\raw\KolektorSDD2\train\10736.png,C:\Users\james\OneDrive - Lancaster University\Documents\Projects\MARS-Summer-Research\data\raw\KolektorSDD2\train\10736_GT.png
train,train,10737,0,Normal,C:\Users\james\OneDrive - Lancaster University\Documents\Projects\MARS-Summer-Research\data\raw\KolektorSDD2\train\10737.png,C:\Users\james\OneDrive - Lancaster University\Documents\Projects\MARS-Summer-Research\data\raw\KolektorSDD2\train\10737_GT.png
train,train,10738,0,Normal,C:\Users\james\OneDrive - Lancaster University\Documents\Projects\MARS-Summer-Research\data\raw\KolektorSDD2\train\10738.png,C:\Users\james\OneDrive - Lancaster University\Documents\Projects\MARS-Summer-Research\data\raw\KolektorSDD2\train\10738_GT.png
train,train,10739,0,Normal,C:\Users\james\OneDrive - Lancaster University\Documents\Projects\MARS-Summer-Research\data\raw\KolektorSDD2\train\10739.png,C:\Users\james\OneDrive - Lancaster University\Documents\Projects\MARS-Summer-Research\data\raw\KolektorSDD2\train\10739_GT.png
train,train,10740,0,Normal,C:\Users\james\OneDrive - Lancaster University\Documents\Projects\MARS-Summer-Research\data\raw\KolektorSDD2\train\10740.png,C:\Users\james\OneDrive - Lancaster University\Documents\Projects\MARS-Summer-Research\data\raw\KolektorSDD2\train\10740_GT.png
train,train,10741,0,Normal,C:\Users\james\OneDrive - Lancaster University\Documents\Projects\MARS-Summer-Research\data\raw\KolektorSDD2\train\10741.png,C:\Users\james\OneDrive - Lancaster University\Documents\Projects\MARS-Summer-Research\data\raw\KolektorSDD2\train\10741_GT.png
train,train,10742,0,Normal,C:\Users\james\OneDrive - Lancaster University\Documents\Projects\MARS-Summer-Research\data\raw\KolektorSDD2\train\10742.png,C:\Users\james\OneDrive - Lancaster University\Documents\Projects\MARS-Summer-Research\data\raw\KolektorSDD2\train\10742_GT.png
train,train,10743,1,Defective,C:\Users\james\OneDrive - Lancaster University\Documents\Projects\MARS-Summer-Research\data\raw\KolektorSDD2\train\10743.png,C:\Users\james\OneDrive - Lancaster University\Documents\Projects\MARS-Summer-Research\data\raw\KolektorSDD2\train\10743_GT.png
train,train,10744,0,Normal,C:\Users\james\OneDrive - Lancaster University\Documents\Projects\MARS-Summer-Research\data\raw\KolektorSDD2\train\10744.png,C:\Users\james\OneDrive - Lancaster University\Documents\Projects\MARS-Summer-Research\data\raw\KolektorSDD2\train\10744_GT.png
train,train,10747,0,Normal,C:\Users\james\OneDrive - Lancaster University\Documents\Projects\MARS-Summer-Research\data\raw\KolektorSDD2\train\10747.png,C:\Users\james\OneDrive - Lancaster University\Documents\Projects\MARS-Summer-Research\data\raw\KolektorSDD2\train\10747_GT.png
train,train,10748,0,Normal,C:\Users\james\OneDrive - Lancaster University\Documents\Projects\MARS-Summer-Research\data\raw\KolektorSDD2\train\10748.png,C:\Users\james\OneDrive - Lancaster University\Documents\Projects\MARS-Summer-Research\data\raw\KolektorSDD2\train\10748_GT.png
train,train,10749,0,Normal,C:\Users\james\OneDrive - Lancaster University\Documents\Projects\MARS-Summer-Research\data\raw\KolektorSDD2\train\10749.png,C:\Users\james\OneDrive - Lancaster University\Documents\Projects\MARS-Summer-Research\data\raw\KolektorSDD2\train\10749_GT.png
train,train,10751,0,Normal,C:\Users\james\OneDrive - Lancaster University\Documents\Projects\MARS-Summer-Research\data\raw\KolektorSDD2\train\10751.png,C:\Users\james\OneDrive - Lancaster University\Documents\Projects\MARS-Summer-Research\data\raw\KolektorSDD2\train\10751_GT.png
train,train,10752,0,Normal,C:\Users\james\OneDrive - Lancaster University\Documents\Projects\MARS-Summer-Research\data\raw\KolektorSDD2\train\10752.png,C:\Users\james\OneDrive - Lancaster University\Documents\Projects\MARS-Summer-Research\data\raw\KolektorSDD2\train\10752_GT.png
train,train,10753,0,Normal,C:\Users\james\OneDrive - Lancaster University\Documents\Projects\MARS-Summer-Research\data\raw\KolektorSDD2\train\10753.png,C:\Users\james\OneDrive - Lancaster University\Documents\Projects\MARS-Summer-Research\data\raw\KolektorSDD2\train\10753_GT.png
train,train,10754,0,Normal,C:\Users\james\OneDrive - Lancaster University\Documents\Projects\MARS-Summer-Research\data\raw\KolektorSDD2\train\10754.png,C:\Users\james\OneDrive - Lancaster University\Documents\Projects\MARS-Summer-Research\data\raw\KolektorSDD2\train\10754_GT.png
train,train,10755,0,Normal,C:\Users\james\OneDrive - Lancaster University\Documents\Projects\MARS-Summer-Research\data\raw\KolektorSDD2\train\10755.png,C:\Users\james\OneDrive - Lancaster University\Documents\Projects\MARS-Summer-Research\data\raw\KolektorSDD2\train\10755_GT.png
train,train,10757,0,Normal,C:\Users\james\OneDrive - Lancaster University\Documents\Projects\MARS-Summer-Research\data\raw\KolektorSDD2\train\10757.png,C:\Users\james\OneDrive - Lancaster University\Documents\Projects\MARS-Summer-Research\data\raw\KolektorSDD2\train\10757_GT.png
train,train,10758,0,Normal,C:\Users\james\OneDrive - Lancaster University\Documents\Projects\MARS-Summer-Research\data\raw\KolektorSDD2\train\10758.png,C:\Users\james\OneDrive - Lancaster University\Documents\Projects\MARS-Summer-Research\data\raw\KolektorSDD2\train\10758_GT.png
train,train,10759,0,Normal,C:\Users\james\OneDrive - Lancaster University\Documents\Projects\MARS-Summer-Research\data\raw\KolektorSDD2\train\10759.png,C:\Users\james\OneDrive - Lancaster University\Documents\Projects\MARS-Summer-Research\data\raw\KolektorSDD2\train\10759_GT.png
train,train,10760,0,Normal,C:\Users\james\OneDrive - Lancaster University\Documents\Projects\MARS-Summer-Research\data\raw\KolektorSDD2\train\10760.png,C:\Users\james\OneDrive - Lancaster University\Documents\Projects\MARS-Summer-Research\data\raw\KolektorSDD2\train\10760_GT.png
train,train,10761,0,Normal,C:\Users\james\OneDrive - Lancaster University\Documents\Projects\MARS-Summer-Research\data\raw\KolektorSDD2\train\10761.png,C:\Users\james\OneDrive - Lancaster University\Documents\Projects\MARS-Summer-Research\data\raw\KolektorSDD2\train\10761_GT.png
train,train,10762,0,Normal,C:\Users\james\OneDrive - Lancaster University\Documents\Projects\MARS-Summer-Research\data\raw\KolektorSDD2\train\10762.png,C:\Users\james\OneDrive - Lancaster University\Documents\Projects\MARS-Summer-Research\data\raw\KolektorSDD2\train\10762_GT.png
train,train,10763,0,Normal,C:\Users\james\OneDrive - Lancaster University\Documents\Projects\MARS-Summer-Research\data\raw\KolektorSDD2\train\10763.png,C:\Users\james\OneDrive - Lancaster University\Documents\Projects\MARS-Summer-Research\data\raw\KolektorSDD2\train\10763_GT.png
train,train,10764,0,Normal,C:\Users\james\OneDrive - Lancaster University\Documents\Projects\MARS-Summer-Research\data\raw\KolektorSDD2\train\10764.png,C:\Users\james\OneDrive - Lancaster University\Documents\Projects\MARS-Summer-Research\data\raw\KolektorSDD2\train\10764_GT.png
train,train,10765,0,Normal,C:\Users\james\OneDrive - Lancaster University\Documents\Projects\MARS-Summer-Research\data\raw\KolektorSDD2\train\10765.png,C:\Users\james\OneDrive - Lancaster University\Documents\Projects\MARS-Summer-Research\data\raw\KolektorSDD2\train\10765_GT.png
train,train,10766,0,Normal,C:\Users\james\OneDrive - Lancaster University\Documents\Projects\MARS-Summer-Research\data\raw\KolektorSDD2\train\10766.png,C:\Users\james\OneDrive - Lancaster University\Documents\Projects\MARS-Summer-Research\data\raw\KolektorSDD2\train\10766_GT.png
train,train,10767,0,Normal,C:\Users\james\OneDrive - Lancaster University\Documents\Projects\MARS-Summer-Research\data\raw\KolektorSDD2\train\10767.png,C:\Users\james\OneDrive - Lancaster University\Documents\Projects\MARS-Summer-Research\data\raw\KolektorSDD2\train\10767_GT.png
train,train,10768,0,Normal,C:\Users\james\OneDrive - Lancaster University\Documents\Projects\MARS-Summer-Research\data\raw\KolektorSDD2\train\10768.png,C:\Users\james\OneDrive - Lancaster University\Documents\Projects\MARS-Summer-Research\data\raw\KolektorSDD2\train\10768_GT.png
train,train,10771,0,Normal,C:\Users\james\OneDrive - Lancaster University\Documents\Projects\MARS-Summer-Research\data\raw\KolektorSDD2\train\10771.png,C:\Users\james\OneDrive - Lancaster University\Documents\Projects\MARS-Summer-Research\data\raw\KolektorSDD2\train\10771_GT.png
train,train,10773,0,Normal,C:\Users\james\OneDrive - Lancaster University\Documents\Projects\MARS-Summer-Research\data\raw\KolektorSDD2\train\10773.png,C:\Users\james\OneDrive - Lancaster University\Documents\Projects\MARS-Summer-Research\data\raw\KolektorSDD2\train\10773_GT.png
train,train,10775,0,Normal,C:\Users\james\OneDrive - Lancaster University\Documents\Projects\MARS-Summer-Research\data\raw\KolektorSDD2\train\10775.png,C:\Users\james\OneDrive - Lancaster University\Documents\Projects\MARS-Summer-Research\data\raw\KolektorSDD2\train\10775_GT.png
train,train,10776,0,Normal,C:\Users\james\OneDrive - Lancaster University\Documents\Projects\MARS-Summer-Research\data\raw\KolektorSDD2\train\10776.png,C:\Users\james\OneDrive - Lancaster University\Documents\Projects\MARS-Summer-Research\data\raw\KolektorSDD2\train\10776_GT.png
train,train,10778,0,Normal,C:\Users\james\OneDrive - Lancaster University\Documents\Projects\MARS-Summer-Research\data\raw\KolektorSDD2\train\10778.png,C:\Users\james\OneDrive - Lancaster University\Documents\Projects\MARS-Summer-Research\data\raw\KolektorSDD2\train\10778_GT.png
train,train,10779,0,Normal,C:\Users\james\OneDrive - Lancaster University\Documents\Projects\MARS-Summer-Research\data\raw\KolektorSDD2\train\10779.png,C:\Users\james\OneDrive - Lancaster University\Documents\Projects\MARS-Summer-Research\data\raw\KolektorSDD2\train\10779_GT.png
train,train,10780,0,Normal,C:\Users\james\OneDrive - Lancaster University\Documents\Projects\MARS-Summer-Research\data\raw\KolektorSDD2\train\10780.png,C:\Users\james\OneDrive - Lancaster University\Documents\Projects\MARS-Summer-Research\data\raw\KolektorSDD2\train\10780_GT.png
train,train,10781,0,Normal,C:\Users\james\OneDrive - Lancaster University\Documents\Projects\MARS-Summer-Research\data\raw\KolektorSDD2\train\10781.png,C:\Users\james\OneDrive - Lancaster University\Documents\Projects\MARS-Summer-Research\data\raw\KolektorSDD2\train\10781_GT.png
train,train,10782,0,Normal,C:\Users\james\OneDrive - Lancaster University\Documents\Projects\MARS-Summer-Research\data\raw\KolektorSDD2\train\10782.png,C:\Users\james\OneDrive - Lancaster University\Documents\Projects\MARS-Summer-Research\data\raw\KolektorSDD2\train\10782_GT.png
train,train,10783,0,Normal,C:\Users\james\OneDrive - Lancaster University\Documents\Projects\MARS-Summer-Research\data\raw\KolektorSDD2\train\10783.png,C:\Users\james\OneDrive - Lancaster University\Documents\Projects\MARS-Summer-Research\data\raw\KolektorSDD2\train\10783_GT.png
train,train,10784,0,Normal,C:\Users\james\OneDrive - Lancaster University\Documents\Projects\MARS-Summer-Research\data\raw\KolektorSDD2\train\10784.png,C:\Users\james\OneDrive - Lancaster University\Documents\Projects\MARS-Summer-Research\data\raw\KolektorSDD2\train\10784_GT.png
train,train,10785,0,Normal,C:\Users\james\OneDrive - Lancaster University\Documents\Projects\MARS-Summer-Research\data\raw\KolektorSDD2\train\10785.png,C:\Users\james\OneDrive - Lancaster University\Documents\Projects\MARS-Summer-Research\data\raw\KolektorSDD2\train\10785_GT.png
train,train,10786,0,Normal,C:\Users\james\OneDrive - Lancaster University\Documents\Projects\MARS-Summer-Research\data\raw\KolektorSDD2\train\10786.png,C:\Users\james\OneDrive - Lancaster University\Documents\Projects\MARS-Summer-Research\data\raw\KolektorSDD2\train\10786_GT.png
train,train,10787,0,Normal,C:\Users\james\OneDrive - Lancaster University\Documents\Projects\MARS-Summer-Research\data\raw\KolektorSDD2\train\10787.png,C:\Users\james\OneDrive - Lancaster University\Documents\Projects\MARS-Summer-Research\data\raw\KolektorSDD2\train\10787_GT.png
train,train,10790,0,Normal,C:\Users\james\OneDrive - Lancaster University\Documents\Projects\MARS-Summer-Research\data\raw\KolektorSDD2\train\10790.png,C:\Users\james\OneDrive - Lancaster University\Documents\Projects\MARS-Summer-Research\data\raw\KolektorSDD2\train\10790_GT.png
train,train,10791,0,Normal,C:\Users\james\OneDrive - Lancaster University\Documents\Projects\MARS-Summer-Research\data\raw\KolektorSDD2\train\10791.png,C:\Users\james\OneDrive - Lancaster University\Documents\Projects\MARS-Summer-Research\data\raw\KolektorSDD2\train\10791_GT.png
train,train,10793,0,Normal,C:\Users\james\OneDrive - Lancaster University\Documents\Projects\MARS-Summer-Research\data\raw\KolektorSDD2\train\10793.png,C:\Users\james\OneDrive - Lancaster University\Documents\Projects\MARS-Summer-Research\data\raw\KolektorSDD2\train\10793_GT.png
train,train,10794,0,Normal,C:\Users\james\OneDrive - Lancaster University\Documents\Projects\MARS-Summer-Research\data\raw\KolektorSDD2\train\10794.png,C:\Users\james\OneDrive - Lancaster University\Documents\Projects\MARS-Summer-Research\data\raw\KolektorSDD2\train\10794_GT.png
train,train,10795,0,Normal,C:\Users\james\OneDrive - Lancaster University\Documents\Projects\MARS-Summer-Research\data\raw\KolektorSDD2\train\10795.png,C:\Users\james\OneDrive - Lancaster University\Documents\Projects\MARS-Summer-Research\data\raw\KolektorSDD2\train\10795_GT.png
train,train,10796,0,Normal,C:\Users\james\OneDrive - Lancaster University\Documents\Projects\MARS-Summer-Research\data\raw\KolektorSDD2\train\10796.png,C:\Users\james\OneDrive - Lancaster University\Documents\Projects\MARS-Summer-Research\data\raw\KolektorSDD2\train\10796_GT.png
train,train,10797,1,Defective,C:\Users\james\OneDrive - Lancaster University\Documents\Projects\MARS-Summer-Research\data\raw\KolektorSDD2\train\10797.png,C:\Users\james\OneDrive - Lancaster University\Documents\Projects\MARS-Summer-Research\data\raw\KolektorSDD2\train\10797_GT.png
train,train,10798,0,Normal,C:\Users\james\OneDrive - Lancaster University\Documents\Projects\MARS-Summer-Research\data\raw\KolektorSDD2\train\10798.png,C:\Users\james\OneDrive - Lancaster University\Documents\Projects\MARS-Summer-Research\data\raw\KolektorSDD2\train\10798_GT.png
train,train,10799,0,Normal,C:\Users\james\OneDrive - Lancaster University\Documents\Projects\MARS-Summer-Research\data\raw\KolektorSDD2\train\10799.png,C:\Users\james\OneDrive - Lancaster University\Documents\Projects\MARS-Summer-Research\data\raw\KolektorSDD2\train\10799_GT.png
train,train,10801,0,Normal,C:\Users\james\OneDrive - Lancaster University\Documents\Projects\MARS-Summer-Research\data\raw\KolektorSDD2\train\10801.png,C:\Users\james\OneDrive - Lancaster University\Documents\Projects\MARS-Summer-Research\data\raw\KolektorSDD2\train\10801_GT.png
train,train,10802,0,Normal,C:\Users\james\OneDrive - Lancaster University\Documents\Projects\MARS-Summer-Research\data\raw\KolektorSDD2\train\10802.png,C:\Users\james\OneDrive - Lancaster University\Documents\Projects\MARS-Summer-Research\data\raw\KolektorSDD2\train\10802_GT.png
train,train,10803,0,Normal,C:\Users\james\OneDrive - Lancaster University\Documents\Projects\MARS-Summer-Research\data\raw\KolektorSDD2\train\10803.png,C:\Users\james\OneDrive - Lancaster University\Documents\Projects\MARS-Summer-Research\data\raw\KolektorSDD2\train\10803_GT.png
train,train,10804,0,Normal,C:\Users\james\OneDrive - Lancaster University\Documents\Projects\MARS-Summer-Research\data\raw\KolektorSDD2\train\10804.png,C:\Users\james\OneDrive - Lancaster University\Documents\Projects\MARS-Summer-Research\data\raw\KolektorSDD2\train\10804_GT.png
train,train,10805,0,Normal,C:\Users\james\OneDrive - Lancaster University\Documents\Projects\MARS-Summer-Research\data\raw\KolektorSDD2\train\10805.png,C:\Users\james\OneDrive - Lancaster University\Documents\Projects\MARS-Summer-Research\data\raw\KolektorSDD2\train\10805_GT.png
train,train,10806,0,Normal,C:\Users\james\OneDrive - Lancaster University\Documents\Projects\MARS-Summer-Research\data\raw\KolektorSDD2\train\10806.png,C:\Users\james\OneDrive - Lancaster University\Documents\Projects\MARS-Summer-Research\data\raw\KolektorSDD2\train\10806_GT.png
train,train,10807,0,Normal,C:\Users\james\OneDrive - Lancaster University\Documents\Projects\MARS-Summer-Research\data\raw\KolektorSDD2\train\10807.png,C:\Users\james\OneDrive - Lancaster University\Documents\Projects\MARS-Summer-Research\data\raw\KolektorSDD2\train\10807_GT.png
train,train,10808,1,Defective,C:\Users\james\OneDrive - Lancaster University\Documents\Projects\MARS-Summer-Research\data\raw\KolektorSDD2\train\10808.png,C:\Users\james\OneDrive - Lancaster University\Documents\Projects\MARS-Summer-Research\data\raw\KolektorSDD2\train\10808_GT.png
train,train,10809,0,Normal,C:\Users\james\OneDrive - Lancaster University\Documents\Projects\MARS-Summer-Research\data\raw\KolektorSDD2\train\10809.png,C:\Users\james\OneDrive - Lancaster University\Documents\Projects\MARS-Summer-Research\data\raw\KolektorSDD2\train\10809_GT.png
train,train,10810,0,Normal,C:\Users\james\OneDrive - Lancaster University\Documents\Projects\MARS-Summer-Research\data\raw\KolektorSDD2\train\10810.png,C:\Users\james\OneDrive - Lancaster University\Documents\Projects\MARS-Summer-Research\data\raw\KolektorSDD2\train\10810_GT.png
train,train,10812,0,Normal,C:\Users\james\OneDrive - Lancaster University\Documents\Projects\MARS-Summer-Research\data\raw\KolektorSDD2\train\10812.png,C:\Users\james\OneDrive - Lancaster University\Documents\Projects\MARS-Summer-Research\data\raw\KolektorSDD2\train\10812_GT.png
train,train,10813,0,Normal,C:\Users\james\OneDrive - Lancaster University\Documents\Projects\MARS-Summer-Research\data\raw\KolektorSDD2\train\10813.png,C:\Users\james\OneDrive - Lancaster University\Documents\Projects\MARS-Summer-Research\data\raw\KolektorSDD2\train\10813_GT.png
train,train,10814,0,Normal,C:\Users\james\OneDrive - Lancaster University\Documents\Projects\MARS-Summer-Research\data\raw\KolektorSDD2\train\10814.png,C:\Users\james\OneDrive - Lancaster University\Documents\Projects\MARS-Summer-Research\data\raw\KolektorSDD2\train\10814_GT.png
train,train,10815,0,Normal,C:\Users\james\OneDrive - Lancaster University\Documents\Projects\MARS-Summer-Research\data\raw\KolektorSDD2\train\10815.png,C:\Users\james\OneDrive - Lancaster University\Documents\Projects\MARS-Summer-Research\data\raw\KolektorSDD2\train\10815_GT.png
train,train,10816,0,Normal,C:\Users\james\OneDrive - Lancaster University\Documents\Projects\MARS-Summer-Research\data\raw\KolektorSDD2\train\10816.png,C:\Users\james\OneDrive - Lancaster University\Documents\Projects\MARS-Summer-Research\data\raw\KolektorSDD2\train\10816_GT.png
train,train,10818,0,Normal,C:\Users\james\OneDrive - Lancaster University\Documents\Projects\MARS-Summer-Research\data\raw\KolektorSDD2\train\10818.png,C:\Users\james\OneDrive - Lancaster University\Documents\Projects\MARS-Summer-Research\data\raw\KolektorSDD2\train\10818_GT.png
train,train,10819,0,Normal,C:\Users\james\OneDrive - Lancaster University\Documents\Projects\MARS-Summer-Research\data\raw\KolektorSDD2\train\10819.png,C:\Users\james\OneDrive - Lancaster University\Documents\Projects\MARS-Summer-Research\data\raw\KolektorSDD2\train\10819_GT.png
train,train,10820,0,Normal,C:\Users\james\OneDrive - Lancaster University\Documents\Projects\MARS-Summer-Research\data\raw\KolektorSDD2\train\10820.png,C:\Users\james\OneDrive - Lancaster University\Documents\Projects\MARS-Summer-Research\data\raw\KolektorSDD2\train\10820_GT.png
train,train,10821,1,Defective,C:\Users\james\OneDrive - Lancaster University\Documents\Projects\MARS-Summer-Research\data\raw\KolektorSDD2\train\10821.png,C:\Users\james\OneDrive - Lancaster University\Documents\Projects\MARS-Summer-Research\data\raw\KolektorSDD2\train\10821_GT.png
train,train,10823,0,Normal,C:\Users\james\OneDrive - Lancaster University\Documents\Projects\MARS-Summer-Research\data\raw\KolektorSDD2\train\10823.png,C:\Users\james\OneDrive - Lancaster University\Documents\Projects\MARS-Summer-Research\data\raw\KolektorSDD2\train\10823_GT.png
train,train,10824,0,Normal,C:\Users\james\OneDrive - Lancaster University\Documents\Projects\MARS-Summer-Research\data\raw\KolektorSDD2\train\10824.png,C:\Users\james\OneDrive - Lancaster University\Documents\Projects\MARS-Summer-Research\data\raw\KolektorSDD2\train\10824_GT.png
train,train,10825,0,Normal,C:\Users\james\OneDrive - Lancaster University\Documents\Projects\MARS-Summer-Research\data\raw\KolektorSDD2\train\10825.png,C:\Users\james\OneDrive - Lancaster University\Documents\Projects\MARS-Summer-Research\data\raw\KolektorSDD2\train\10825_GT.png
train,train,10826,0,Normal,C:\Users\james\OneDrive - Lancaster University\Documents\Projects\MARS-Summer-Research\data\raw\KolektorSDD2\train\10826.png,C:\Users\james\OneDrive - Lancaster University\Documents\Projects\MARS-Summer-Research\data\raw\KolektorSDD2\train\10826_GT.png
train,train,10827,0,Normal,C:\Users\james\OneDrive - Lancaster University\Documents\Projects\MARS-Summer-Research\data\raw\KolektorSDD2\train\10827.png,C:\Users\james\OneDrive - Lancaster University\Documents\Projects\MARS-Summer-Research\data\raw\KolektorSDD2\train\10827_GT.png
train,train,10828,0,Normal,C:\Users\james\OneDrive - Lancaster University\Documents\Projects\MARS-Summer-Research\data\raw\KolektorSDD2\train\10828.png,C:\Users\james\OneDrive - Lancaster University\Documents\Projects\MARS-Summer-Research\data\raw\KolektorSDD2\train\10828_GT.png
train,train,10829,0,Normal,C:\Users\james\OneDrive - Lancaster University\Documents\Projects\MARS-Summer-Research\data\raw\KolektorSDD2\train\10829.png,C:\Users\james\OneDrive - Lancaster University\Documents\Projects\MARS-Summer-Research\data\raw\KolektorSDD2\train\10829_GT.png
train,train,10830,0,Normal,C:\Users\james\OneDrive - Lancaster University\Documents\Projects\MARS-Summer-Research\data\raw\KolektorSDD2\train\10830.png,C:\Users\james\OneDrive - Lancaster University\Documents\Projects\MARS-Summer-Research\data\raw\KolektorSDD2\train\10830_GT.png
train,train,10831,0,Normal,C:\Users\james\OneDrive - Lancaster University\Documents\Projects\MARS-Summer-Research\data\raw\KolektorSDD2\train\10831.png,C:\Users\james\OneDrive - Lancaster University\Documents\Projects\MARS-Summer-Research\data\raw\KolektorSDD2\train\10831_GT.png
train,train,10832,0,Normal,C:\Users\james\OneDrive - Lancaster University\Documents\Projects\MARS-Summer-Research\data\raw\KolektorSDD2\train\10832.png,C:\Users\james\OneDrive - Lancaster University\Documents\Projects\MARS-Summer-Research\data\raw\KolektorSDD2\train\10832_GT.png
train,train,10833,0,Normal,C:\Users\james\OneDrive - Lancaster University\Documents\Projects\MARS-Summer-Research\data\raw\KolektorSDD2\train\10833.png,C:\Users\james\OneDrive - Lancaster University\Documents\Projects\MARS-Summer-Research\data\raw\KolektorSDD2\train\10833_GT.png
train,train,10834,0,Normal,C:\Users\james\OneDrive - Lancaster University\Documents\Projects\MARS-Summer-Research\data\raw\KolektorSDD2\train\10834.png,C:\Users\james\OneDrive - Lancaster University\Documents\Projects\MARS-Summer-Research\data\raw\KolektorSDD2\train\10834_GT.png
train,train,10836,0,Normal,C:\Users\james\OneDrive - Lancaster University\Documents\Projects\MARS-Summer-Research\data\raw\KolektorSDD2\train\10836.png,C:\Users\james\OneDrive - Lancaster University\Documents\Projects\MARS-Summer-Research\data\raw\KolektorSDD2\train\10836_GT.png
train,train,10837,0,Normal,C:\Users\james\OneDrive - Lancaster University\Documents\Projects\MARS-Summer-Research\data\raw\KolektorSDD2\train\10837.png,C:\Users\james\OneDrive - Lancaster University\Documents\Projects\MARS-Summer-Research\data\raw\KolektorSDD2\train\10837_GT.png
train,train,10838,0,Normal,C:\Users\james\OneDrive - Lancaster University\Documents\Projects\MARS-Summer-Research\data\raw\KolektorSDD2\train\10838.png,C:\Users\james\OneDrive - Lancaster University\Documents\Projects\MARS-Summer-Research\data\raw\KolektorSDD2\train\10838_GT.png
train,train,10839,0,Normal,C:\Users\james\OneDrive - Lancaster University\Documents\Projects\MARS-Summer-Research\data\raw\KolektorSDD2\train\10839.png,C:\Users\james\OneDrive - Lancaster University\Documents\Projects\MARS-Summer-Research\data\raw\KolektorSDD2\train\10839_GT.png
train,train,10843,0,Normal,C:\Users\james\OneDrive - Lancaster University\Documents\Projects\MARS-Summer-Research\data\raw\KolektorSDD2\train\10843.png,C:\Users\james\OneDrive - Lancaster University\Documents\Projects\MARS-Summer-Research\data\raw\KolektorSDD2\train\10843_GT.png
train,train,10844,1,Defective,C:\Users\james\OneDrive - Lancaster University\Documents\Projects\MARS-Summer-Research\data\raw\KolektorSDD2\train\10844.png,C:\Users\james\OneDrive - Lancaster University\Documents\Projects\MARS-Summer-Research\data\raw\KolektorSDD2\train\10844_GT.png
train,train,10845,1,Defective,C:\Users\james\OneDrive - Lancaster University\Documents\Projects\MARS-Summer-Research\data\raw\KolektorSDD2\train\10845.png,C:\Users\james\OneDrive - Lancaster University\Documents\Projects\MARS-Summer-Research\data\raw\KolektorSDD2\train\10845_GT.png
train,train,10846,1,Defective,C:\Users\james\OneDrive - Lancaster University\Documents\Projects\MARS-Summer-Research\data\raw\KolektorSDD2\train\10846.png,C:\Users\james\OneDrive - Lancaster University\Documents\Projects\MARS-Summer-Research\data\raw\KolektorSDD2\train\10846_GT.png
train,train,10848,0,Normal,C:\Users\james\OneDrive - Lancaster University\Documents\Projects\MARS-Summer-Research\data\raw\KolektorSDD2\train\10848.png,C:\Users\james\OneDrive - Lancaster University\Documents\Projects\MARS-Summer-Research\data\raw\KolektorSDD2\train\10848_GT.png
train,train,10849,1,Defective,C:\Users\james\OneDrive - Lancaster University\Documents\Projects\MARS-Summer-Research\data\raw\KolektorSDD2\train\10849.png,C:\Users\james\OneDrive - Lancaster University\Documents\Projects\MARS-Summer-Research\data\raw\KolektorSDD2\train\10849_GT.png
train,train,10850,0,Normal,C:\Users\james\OneDrive - Lancaster University\Documents\Projects\MARS-Summer-Research\data\raw\KolektorSDD2\train\10850.png,C:\Users\james\OneDrive - Lancaster University\Documents\Projects\MARS-Summer-Research\data\raw\KolektorSDD2\train\10850_GT.png
train,train,10851,0,Normal,C:\Users\james\OneDrive - Lancaster University\Documents\Projects\MARS-Summer-Research\data\raw\KolektorSDD2\train\10851.png,C:\Users\james\OneDrive - Lancaster University\Documents\Projects\MARS-Summer-Research\data\raw\KolektorSDD2\train\10851_GT.png
train,train,10852,0,Normal,C:\Users\james\OneDrive - Lancaster University\Documents\Projects\MARS-Summer-Research\data\raw\KolektorSDD2\train\10852.png,C:\Users\james\OneDrive - Lancaster University\Documents\Projects\MARS-Summer-Research\data\raw\KolektorSDD2\train\10852_GT.png
train,train,10853,0,Normal,C:\Users\james\OneDrive - Lancaster University\Documents\Projects\MARS-Summer-Research\data\raw\KolektorSDD2\train\10853.png,C:\Users\james\OneDrive - Lancaster University\Documents\Projects\MARS-Summer-Research\data\raw\KolektorSDD2\train\10853_GT.png
train,train,10854,0,Normal,C:\Users\james\OneDrive - Lancaster University\Documents\Projects\MARS-Summer-Research\data\raw\KolektorSDD2\train\10854.png,C:\Users\james\OneDrive - Lancaster University\Documents\Projects\MARS-Summer-Research\data\raw\KolektorSDD2\train\10854_GT.png
train,train,10855,0,Normal,C:\Users\james\OneDrive - Lancaster University\Documents\Projects\MARS-Summer-Research\data\raw\KolektorSDD2\train\10855.png,C:\Users\james\OneDrive - Lancaster University\Documents\Projects\MARS-Summer-Research\data\raw\KolektorSDD2\train\10855_GT.png
train,train,10856,0,Normal,C:\Users\james\OneDrive - Lancaster University\Documents\Projects\MARS-Summer-Research\data\raw\KolektorSDD2\train\10856.png,C:\Users\james\OneDrive - Lancaster University\Documents\Projects\MARS-Summer-Research\data\raw\KolektorSDD2\train\10856_GT.png
train,train,10857,0,Normal,C:\Users\james\OneDrive - Lancaster University\Documents\Projects\MARS-Summer-Research\data\raw\KolektorSDD2\train\10857.png,C:\Users\james\OneDrive - Lancaster University\Documents\Projects\MARS-Summer-Research\data\raw\KolektorSDD2\train\10857_GT.png
train,train,10858,0,Normal,C:\Users\james\OneDrive - Lancaster University\Documents\Projects\MARS-Summer-Research\data\raw\KolektorSDD2\train\10858.png,C:\Users\james\OneDrive - Lancaster University\Documents\Projects\MARS-Summer-Research\data\raw\KolektorSDD2\train\10858_GT.png
train,train,10859,0,Normal,C:\Users\james\OneDrive - Lancaster University\Documents\Projects\MARS-Summer-Research\data\raw\KolektorSDD2\train\10859.png,C:\Users\james\OneDrive - Lancaster University\Documents\Projects\MARS-Summer-Research\data\raw\KolektorSDD2\train\10859_GT.png
train,train,10861,0,Normal,C:\Users\james\OneDrive - Lancaster University\Documents\Projects\MARS-Summer-Research\data\raw\KolektorSDD2\train\10861.png,C:\Users\james\OneDrive - Lancaster University\Documents\Projects\MARS-Summer-Research\data\raw\KolektorSDD2\train\10861_GT.png
train,train,10862,0,Normal,C:\Users\james\OneDrive - Lancaster University\Documents\Projects\MARS-Summer-Research\data\raw\KolektorSDD2\train\10862.png,C:\Users\james\OneDrive - Lancaster University\Documents\Projects\MARS-Summer-Research\data\raw\KolektorSDD2\train\10862_GT.png
train,train,10864,0,Normal,C:\Users\james\OneDrive - Lancaster University\Documents\Projects\MARS-Summer-Research\data\raw\KolektorSDD2\train\10864.png,C:\Users\james\OneDrive - Lancaster University\Documents\Projects\MARS-Summer-Research\data\raw\KolektorSDD2\train\10864_GT.png
train,train,10865,0,Normal,C:\Users\james\OneDrive - Lancaster University\Documents\Projects\MARS-Summer-Research\data\raw\KolektorSDD2\train\10865.png,C:\Users\james\OneDrive - Lancaster University\Documents\Projects\MARS-Summer-Research\data\raw\KolektorSDD2\train\10865_GT.png
train,train,10867,0,Normal,C:\Users\james\OneDrive - Lancaster University\Documents\Projects\MARS-Summer-Research\data\raw\KolektorSDD2\train\10867.png,C:\Users\james\OneDrive - Lancaster University\Documents\Projects\MARS-Summer-Research\data\raw\KolektorSDD2\train\10867_GT.png
train,train,10868,0,Normal,C:\Users\james\OneDrive - Lancaster University\Documents\Projects\MARS-Summer-Research\data\raw\KolektorSDD2\train\10868.png,C:\Users\james\OneDrive - Lancaster University\Documents\Projects\MARS-Summer-Research\data\raw\KolektorSDD2\train\10868_GT.png
train,train,10870,0,Normal,C:\Users\james\OneDrive - Lancaster University\Documents\Projects\MARS-Summer-Research\data\raw\KolektorSDD2\train\10870.png,C:\Users\james\OneDrive - Lancaster University\Documents\Projects\MARS-Summer-Research\data\raw\KolektorSDD2\train\10870_GT.png
train,train,10871,0,Normal,C:\Users\james\OneDrive - Lancaster University\Documents\Projects\MARS-Summer-Research\data\raw\KolektorSDD2\train\10871.png,C:\Users\james\OneDrive - Lancaster University\Documents\Projects\MARS-Summer-Research\data\raw\KolektorSDD2\train\10871_GT.png
train,train,10872,0,Normal,C:\Users\james\OneDrive - Lancaster University\Documents\Projects\MARS-Summer-Research\data\raw\KolektorSDD2\train\10872.png,C:\Users\james\OneDrive - Lancaster University\Documents\Projects\MARS-Summer-Research\data\raw\KolektorSDD2\train\10872_GT.png
train,train,10874,1,Defective,C:\Users\james\OneDrive - Lancaster University\Documents\Projects\MARS-Summer-Research\data\raw\KolektorSDD2\train\10874.png,C:\Users\james\OneDrive - Lancaster University\Documents\Projects\MARS-Summer-Research\data\raw\KolektorSDD2\train\10874_GT.png
train,train,10875,0,Normal,C:\Users\james\OneDrive - Lancaster University\Documents\Projects\MARS-Summer-Research\data\raw\KolektorSDD2\train\10875.png,C:\Users\james\OneDrive - Lancaster University\Documents\Projects\MARS-Summer-Research\data\raw\KolektorSDD2\train\10875_GT.png
train,train,10876,0,Normal,C:\Users\james\OneDrive - Lancaster University\Documents\Projects\MARS-Summer-Research\data\raw\KolektorSDD2\train\10876.png,C:\Users\james\OneDrive - Lancaster University\Documents\Projects\MARS-Summer-Research\data\raw\KolektorSDD2\train\10876_GT.png
train,train,10877,0,Normal,C:\Users\james\OneDrive - Lancaster University\Documents\Projects\MARS-Summer-Research\data\raw\KolektorSDD2\train\10877.png,C:\Users\james\OneDrive - Lancaster University\Documents\Projects\MARS-Summer-Research\data\raw\KolektorSDD2\train\10877_GT.png
train,train,10879,0,Normal,C:\Users\james\OneDrive - Lancaster University\Documents\Projects\MARS-Summer-Research\data\raw\KolektorSDD2\train\10879.png,C:\Users\james\OneDrive - Lancaster University\Documents\Projects\MARS-Summer-Research\data\raw\KolektorSDD2\train\10879_GT.png
train,train,10880,0,Normal,C:\Users\james\OneDrive - Lancaster University\Documents\Projects\MARS-Summer-Research\data\raw\KolektorSDD2\train\10880.png,C:\Users\james\OneDrive - Lancaster University\Documents\Projects\MARS-Summer-Research\data\raw\KolektorSDD2\train\10880_GT.png
train,train,10881,0,Normal,C:\Users\james\OneDrive - Lancaster University\Documents\Projects\MARS-Summer-Research\data\raw\KolektorSDD2\train\10881.png,C:\Users\james\OneDrive - Lancaster University\Documents\Projects\MARS-Summer-Research\data\raw\KolektorSDD2\train\10881_GT.png
train,train,10882,0,Normal,C:\Users\james\OneDrive - Lancaster University\Documents\Projects\MARS-Summer-Research\data\raw\KolektorSDD2\train\10882.png,C:\Users\james\OneDrive - Lancaster University\Documents\Projects\MARS-Summer-Research\data\raw\KolektorSDD2\train\10882_GT.png
train,train,10883,0,Normal,C:\Users\james\OneDrive - Lancaster University\Documents\Projects\MARS-Summer-Research\data\raw\KolektorSDD2\train\10883.png,C:\Users\james\OneDrive - Lancaster University\Documents\Projects\MARS-Summer-Research\data\raw\KolektorSDD2\train\10883_GT.png
train,train,10884,0,Normal,C:\Users\james\OneDrive - Lancaster University\Documents\Projects\MARS-Summer-Research\data\raw\KolektorSDD2\train\10884.png,C:\Users\james\OneDrive - Lancaster University\Documents\Projects\MARS-Summer-Research\data\raw\KolektorSDD2\train\10884_GT.png
train,train,10885,0,Normal,C:\Users\james\OneDrive - Lancaster University\Documents\Projects\MARS-Summer-Research\data\raw\KolektorSDD2\train\10885.png,C:\Users\james\OneDrive - Lancaster University\Documents\Projects\MARS-Summer-Research\data\raw\KolektorSDD2\train\10885_GT.png
train,train,10886,0,Normal,C:\Users\james\OneDrive - Lancaster University\Documents\Projects\MARS-Summer-Research\data\raw\KolektorSDD2\train\10886.png,C:\Users\james\OneDrive - Lancaster University\Documents\Projects\MARS-Summer-Research\data\raw\KolektorSDD2\train\10886_GT.png
train,train,10887,0,Normal,C:\Users\james\OneDrive - Lancaster University\Documents\Projects\MARS-Summer-Research\data\raw\KolektorSDD2\train\10887.png,C:\Users\james\OneDrive - Lancaster University\Documents\Projects\MARS-Summer-Research\data\raw\KolektorSDD2\train\10887_GT.png
train,train,10888,0,Normal,C:\Users\james\OneDrive - Lancaster University\Documents\Projects\MARS-Summer-Research\data\raw\KolektorSDD2\train\10888.png,C:\Users\james\OneDrive - Lancaster University\Documents\Projects\MARS-Summer-Research\data\raw\KolektorSDD2\train\10888_GT.png
train,train,10889,0,Normal,C:\Users\james\OneDrive - Lancaster University\Documents\Projects\MARS-Summer-Research\data\raw\KolektorSDD2\train\10889.png,C:\Users\james\OneDrive - Lancaster University\Documents\Projects\MARS-Summer-Research\data\raw\KolektorSDD2\train\10889_GT.png
train,train,10891,0,Normal,C:\Users\james\OneDrive - Lancaster University\Documents\Projects\MARS-Summer-Research\data\raw\KolektorSDD2\train\10891.png,C:\Users\james\OneDrive - Lancaster University\Documents\Projects\MARS-Summer-Research\data\raw\KolektorSDD2\train\10891_GT.png
train,train,10892,0,Normal,C:\Users\james\OneDrive - Lancaster University\Documents\Projects\MARS-Summer-Research\data\raw\KolektorSDD2\train\10892.png,C:\Users\james\OneDrive - Lancaster University\Documents\Projects\MARS-Summer-Research\data\raw\KolektorSDD2\train\10892_GT.png
train,train,10893,1,Defective,C:\Users\james\OneDrive - Lancaster University\Documents\Projects\MARS-Summer-Research\data\raw\KolektorSDD2\train\10893.png,C:\Users\james\OneDrive - Lancaster University\Documents\Projects\MARS-Summer-Research\data\raw\KolektorSDD2\train\10893_GT.png
train,train,10896,0,Normal,C:\Users\james\OneDrive - Lancaster University\Documents\Projects\MARS-Summer-Research\data\raw\KolektorSDD2\train\10896.png,C:\Users\james\OneDrive - Lancaster University\Documents\Projects\MARS-Summer-Research\data\raw\KolektorSDD2\train\10896_GT.png
train,train,10898,0,Normal,C:\Users\james\OneDrive - Lancaster University\Documents\Projects\MARS-Summer-Research\data\raw\KolektorSDD2\train\10898.png,C:\Users\james\OneDrive - Lancaster University\Documents\Projects\MARS-Summer-Research\data\raw\KolektorSDD2\train\10898_GT.png
train,train,10899,0,Normal,C:\Users\james\OneDrive - Lancaster University\Documents\Projects\MARS-Summer-Research\data\raw\KolektorSDD2\train\10899.png,C:\Users\james\OneDrive - Lancaster University\Documents\Projects\MARS-Summer-Research\data\raw\KolektorSDD2\train\10899_GT.png
train,train,10900,1,Defective,C:\Users\james\OneDrive - Lancaster University\Documents\Projects\MARS-Summer-Research\data\raw\KolektorSDD2\train\10900.png,C:\Users\james\OneDrive - Lancaster University\Documents\Projects\MARS-Summer-Research\data\raw\KolektorSDD2\train\10900_GT.png
train,train,10902,0,Normal,C:\Users\james\OneDrive - Lancaster University\Documents\Projects\MARS-Summer-Research\data\raw\KolektorSDD2\train\10902.png,C:\Users\james\OneDrive - Lancaster University\Documents\Projects\MARS-Summer-Research\data\raw\KolektorSDD2\train\10902_GT.png
train,train,10903,0,Normal,C:\Users\james\OneDrive - Lancaster University\Documents\Projects\MARS-Summer-Research\data\raw\KolektorSDD2\train\10903.png,C:\Users\james\OneDrive - Lancaster University\Documents\Projects\MARS-Summer-Research\data\raw\KolektorSDD2\train\10903_GT.png
train,train,10904,0,Normal,C:\Users\james\OneDrive - Lancaster University\Documents\Projects\MARS-Summer-Research\data\raw\KolektorSDD2\train\10904.png,C:\Users\james\OneDrive - Lancaster University\Documents\Projects\MARS-Summer-Research\data\raw\KolektorSDD2\train\10904_GT.png
train,train,10907,1,Defective,C:\Users\james\OneDrive - Lancaster University\Documents\Projects\MARS-Summer-Research\data\raw\KolektorSDD2\train\10907.png,C:\Users\james\OneDrive - Lancaster University\Documents\Projects\MARS-Summer-Research\data\raw\KolektorSDD2\train\10907_GT.png
train,train,10908,0,Normal,C:\Users\james\OneDrive - Lancaster University\Documents\Projects\MARS-Summer-Research\data\raw\KolektorSDD2\train\10908.png,C:\Users\james\OneDrive - Lancaster University\Documents\Projects\MARS-Summer-Research\data\raw\KolektorSDD2\train\10908_GT.png
train,train,10909,0,Normal,C:\Users\james\OneDrive - Lancaster University\Documents\Projects\MARS-Summer-Research\data\raw\KolektorSDD2\train\10909.png,C:\Users\james\OneDrive - Lancaster University\Documents\Projects\MARS-Summer-Research\data\raw\KolektorSDD2\train\10909_GT.png
train,train,10910,0,Normal,C:\Users\james\OneDrive - Lancaster University\Documents\Projects\MARS-Summer-Research\data\raw\KolektorSDD2\train\10910.png,C:\Users\james\OneDrive - Lancaster University\Documents\Projects\MARS-Summer-Research\data\raw\KolektorSDD2\train\10910_GT.png
train,train,10911,0,Normal,C:\Users\james\OneDrive - Lancaster University\Documents\Projects\MARS-Summer-Research\data\raw\KolektorSDD2\train\10911.png,C:\Users\james\OneDrive - Lancaster University\Documents\Projects\MARS-Summer-Research\data\raw\KolektorSDD2\train\10911_GT.png
train,train,10912,0,Normal,C:\Users\james\OneDrive - Lancaster University\Documents\Projects\MARS-Summer-Research\data\raw\KolektorSDD2\train\10912.png,C:\Users\james\OneDrive - Lancaster University\Documents\Projects\MARS-Summer-Research\data\raw\KolektorSDD2\train\10912_GT.png
train,train,10913,0,Normal,C:\Users\james\OneDrive - Lancaster University\Documents\Projects\MARS-Summer-Research\data\raw\KolektorSDD2\train\10913.png,C:\Users\james\OneDrive - Lancaster University\Documents\Projects\MARS-Summer-Research\data\raw\KolektorSDD2\train\10913_GT.png
train,train,10914,0,Normal,C:\Users\james\OneDrive - Lancaster University\Documents\Projects\MARS-Summer-Research\data\raw\KolektorSDD2\train\10914.png,C:\Users\james\OneDrive - Lancaster University\Documents\Projects\MARS-Summer-Research\data\raw\KolektorSDD2\train\10914_GT.png
train,train,10915,0,Normal,C:\Users\james\OneDrive - Lancaster University\Documents\Projects\MARS-Summer-Research\data\raw\KolektorSDD2\train\10915.png,C:\Users\james\OneDrive - Lancaster University\Documents\Projects\MARS-Summer-Research\data\raw\KolektorSDD2\train\10915_GT.png
train,train,10916,0,Normal,C:\Users\james\OneDrive - Lancaster University\Documents\Projects\MARS-Summer-Research\data\raw\KolektorSDD2\train\10916.png,C:\Users\james\OneDrive - Lancaster University\Documents\Projects\MARS-Summer-Research\data\raw\KolektorSDD2\train\10916_GT.png
train,train,10917,0,Normal,C:\Users\james\OneDrive - Lancaster University\Documents\Projects\MARS-Summer-Research\data\raw\KolektorSDD2\train\10917.png,C:\Users\james\OneDrive - Lancaster University\Documents\Projects\MARS-Summer-Research\data\raw\KolektorSDD2\train\10917_GT.png
train,train,10919,0,Normal,C:\Users\james\OneDrive - Lancaster University\Documents\Projects\MARS-Summer-Research\data\raw\KolektorSDD2\train\10919.png,C:\Users\james\OneDrive - Lancaster University\Documents\Projects\MARS-Summer-Research\data\raw\KolektorSDD2\train\10919_GT.png
train,train,10920,0,Normal,C:\Users\james\OneDrive - Lancaster University\Documents\Projects\MARS-Summer-Research\data\raw\KolektorSDD2\train\10920.png,C:\Users\james\OneDrive - Lancaster University\Documents\Projects\MARS-Summer-Research\data\raw\KolektorSDD2\train\10920_GT.png
train,train,10921,0,Normal,C:\Users\james\OneDrive - Lancaster University\Documents\Projects\MARS-Summer-Research\data\raw\KolektorSDD2\train\10921.png,C:\Users\james\OneDrive - Lancaster University\Documents\Projects\MARS-Summer-Research\data\raw\KolektorSDD2\train\10921_GT.png
train,train,10922,0,Normal,C:\Users\james\OneDrive - Lancaster University\Documents\Projects\MARS-Summer-Research\data\raw\KolektorSDD2\train\10922.png,C:\Users\james\OneDrive - Lancaster University\Documents\Projects\MARS-Summer-Research\data\raw\KolektorSDD2\train\10922_GT.png
train,train,10923,0,Normal,C:\Users\james\OneDrive - Lancaster University\Documents\Projects\MARS-Summer-Research\data\raw\KolektorSDD2\train\10923.png,C:\Users\james\OneDrive - Lancaster University\Documents\Projects\MARS-Summer-Research\data\raw\KolektorSDD2\train\10923_GT.png
train,train,10925,0,Normal,C:\Users\james\OneDrive - Lancaster University\Documents\Projects\MARS-Summer-Research\data\raw\KolektorSDD2\train\10925.png,C:\Users\james\OneDrive - Lancaster University\Documents\Projects\MARS-Summer-Research\data\raw\KolektorSDD2\train\10925_GT.png
train,train,10926,0,Normal,C:\Users\james\OneDrive - Lancaster University\Documents\Projects\MARS-Summer-Research\data\raw\KolektorSDD2\train\10926.png,C:\Users\james\OneDrive - Lancaster University\Documents\Projects\MARS-Summer-Research\data\raw\KolektorSDD2\train\10926_GT.png
train,train,10927,0,Normal,C:\Users\james\OneDrive - Lancaster University\Documents\Projects\MARS-Summer-Research\data\raw\KolektorSDD2\train\10927.png,C:\Users\james\OneDrive - Lancaster University\Documents\Projects\MARS-Summer-Research\data\raw\KolektorSDD2\train\10927_GT.png
train,train,10928,0,Normal,C:\Users\james\OneDrive - Lancaster University\Documents\Projects\MARS-Summer-Research\data\raw\KolektorSDD2\train\10928.png,C:\Users\james\OneDrive - Lancaster University\Documents\Projects\MARS-Summer-Research\data\raw\KolektorSDD2\train\10928_GT.png
train,train,10929,0,Normal,C:\Users\james\OneDrive - Lancaster University\Documents\Projects\MARS-Summer-Research\data\raw\KolektorSDD2\train\10929.png,C:\Users\james\OneDrive - Lancaster University\Documents\Projects\MARS-Summer-Research\data\raw\KolektorSDD2\train\10929_GT.png
train,train,10930,0,Normal,C:\Users\james\OneDrive - Lancaster University\Documents\Projects\MARS-Summer-Research\data\raw\KolektorSDD2\train\10930.png,C:\Users\james\OneDrive - Lancaster University\Documents\Projects\MARS-Summer-Research\data\raw\KolektorSDD2\train\10930_GT.png
train,train,10931,0,Normal,C:\Users\james\OneDrive - Lancaster University\Documents\Projects\MARS-Summer-Research\data\raw\KolektorSDD2\train\10931.png,C:\Users\james\OneDrive - Lancaster University\Documents\Projects\MARS-Summer-Research\data\raw\KolektorSDD2\train\10931_GT.png
train,train,10932,0,Normal,C:\Users\james\OneDrive - Lancaster University\Documents\Projects\MARS-Summer-Research\data\raw\KolektorSDD2\train\10932.png,C:\Users\james\OneDrive - Lancaster University\Documents\Projects\MARS-Summer-Research\data\raw\KolektorSDD2\train\10932_GT.png
train,train,10933,0,Normal,C:\Users\james\OneDrive - Lancaster University\Documents\Projects\MARS-Summer-Research\data\raw\KolektorSDD2\train\10933.png,C:\Users\james\OneDrive - Lancaster University\Documents\Projects\MARS-Summer-Research\data\raw\KolektorSDD2\train\10933_GT.png
train,train,10934,0,Normal,C:\Users\james\OneDrive - Lancaster University\Documents\Projects\MARS-Summer-Research\data\raw\KolektorSDD2\train\10934.png,C:\Users\james\OneDrive - Lancaster University\Documents\Projects\MARS-Summer-Research\data\raw\KolektorSDD2\train\10934_GT.png
train,train,10935,0,Normal,C:\Users\james\OneDrive - Lancaster University\Documents\Projects\MARS-Summer-Research\data\raw\KolektorSDD2\train\10935.png,C:\Users\james\OneDrive - Lancaster University\Documents\Projects\MARS-Summer-Research\data\raw\KolektorSDD2\train\10935_GT.png
train,train,10936,0,Normal,C:\Users\james\OneDrive - Lancaster University\Documents\Projects\MARS-Summer-Research\data\raw\KolektorSDD2\train\10936.png,C:\Users\james\OneDrive - Lancaster University\Documents\Projects\MARS-Summer-Research\data\raw\KolektorSDD2\train\10936_GT.png
train,train,10937,0,Normal,C:\Users\james\OneDrive - Lancaster University\Documents\Projects\MARS-Summer-Research\data\raw\KolektorSDD2\train\10937.png,C:\Users\james\OneDrive - Lancaster University\Documents\Projects\MARS-Summer-Research\data\raw\KolektorSDD2\train\10937_GT.png
train,train,10939,0,Normal,C:\Users\james\OneDrive - Lancaster University\Documents\Projects\MARS-Summer-Research\data\raw\KolektorSDD2\train\10939.png,C:\Users\james\OneDrive - Lancaster University\Documents\Projects\MARS-Summer-Research\data\raw\KolektorSDD2\train\10939_GT.png
train,train,10940,0,Normal,C:\Users\james\OneDrive - Lancaster University\Documents\Projects\MARS-Summer-Research\data\raw\KolektorSDD2\train\10940.png,C:\Users\james\OneDrive - Lancaster University\Documents\Projects\MARS-Summer-Research\data\raw\KolektorSDD2\train\10940_GT.png
train,train,10941,0,Normal,C:\Users\james\OneDrive - Lancaster University\Documents\Projects\MARS-Summer-Research\data\raw\KolektorSDD2\train\10941.png,C:\Users\james\OneDrive - Lancaster University\Documents\Projects\MARS-Summer-Research\data\raw\KolektorSDD2\train\10941_GT.png
train,train,10942,0,Normal,C:\Users\james\OneDrive - Lancaster University\Documents\Projects\MARS-Summer-Research\data\raw\KolektorSDD2\train\10942.png,C:\Users\james\OneDrive - Lancaster University\Documents\Projects\MARS-Summer-Research\data\raw\KolektorSDD2\train\10942_GT.png
train,train,10943,0,Normal,C:\Users\james\OneDrive - Lancaster University\Documents\Projects\MARS-Summer-Research\data\raw\KolektorSDD2\train\10943.png,C:\Users\james\OneDrive - Lancaster University\Documents\Projects\MARS-Summer-Research\data\raw\KolektorSDD2\train\10943_GT.png
train,train,10944,0,Normal,C:\Users\james\OneDrive - Lancaster University\Documents\Projects\MARS-Summer-Research\data\raw\KolektorSDD2\train\10944.png,C:\Users\james\OneDrive - Lancaster University\Documents\Projects\MARS-Summer-Research\data\raw\KolektorSDD2\train\10944_GT.png
train,train,10945,0,Normal,C:\Users\james\OneDrive - Lancaster University\Documents\Projects\MARS-Summer-Research\data\raw\KolektorSDD2\train\10945.png,C:\Users\james\OneDrive - Lancaster University\Documents\Projects\MARS-Summer-Research\data\raw\KolektorSDD2\train\10945_GT.png
train,train,10946,0,Normal,C:\Users\james\OneDrive - Lancaster University\Documents\Projects\MARS-Summer-Research\data\raw\KolektorSDD2\train\10946.png,C:\Users\james\OneDrive - Lancaster University\Documents\Projects\MARS-Summer-Research\data\raw\KolektorSDD2\train\10946_GT.png
train,train,10947,0,Normal,C:\Users\james\OneDrive - Lancaster University\Documents\Projects\MARS-Summer-Research\data\raw\KolektorSDD2\train\10947.png,C:\Users\james\OneDrive - Lancaster University\Documents\Projects\MARS-Summer-Research\data\raw\KolektorSDD2\train\10947_GT.png
train,train,10948,0,Normal,C:\Users\james\OneDrive - Lancaster University\Documents\Projects\MARS-Summer-Research\data\raw\KolektorSDD2\train\10948.png,C:\Users\james\OneDrive - Lancaster University\Documents\Projects\MARS-Summer-Research\data\raw\KolektorSDD2\train\10948_GT.png
train,train,10949,0,Normal,C:\Users\james\OneDrive - Lancaster University\Documents\Projects\MARS-Summer-Research\data\raw\KolektorSDD2\train\10949.png,C:\Users\james\OneDrive - Lancaster University\Documents\Projects\MARS-Summer-Research\data\raw\KolektorSDD2\train\10949_GT.png
train,train,10950,0,Normal,C:\Users\james\OneDrive - Lancaster University\Documents\Projects\MARS-Summer-Research\data\raw\KolektorSDD2\train\10950.png,C:\Users\james\OneDrive - Lancaster University\Documents\Projects\MARS-Summer-Research\data\raw\KolektorSDD2\train\10950_GT.png
train,train,10951,1,Defective,C:\Users\james\OneDrive - Lancaster University\Documents\Projects\MARS-Summer-Research\data\raw\KolektorSDD2\train\10951.png,C:\Users\james\OneDrive - Lancaster University\Documents\Projects\MARS-Summer-Research\data\raw\KolektorSDD2\train\10951_GT.png
train,train,10953,0,Normal,C:\Users\james\OneDrive - Lancaster University\Documents\Projects\MARS-Summer-Research\data\raw\KolektorSDD2\train\10953.png,C:\Users\james\OneDrive - Lancaster University\Documents\Projects\MARS-Summer-Research\data\raw\KolektorSDD2\train\10953_GT.png
train,train,10954,0,Normal,C:\Users\james\OneDrive - Lancaster University\Documents\Projects\MARS-Summer-Research\data\raw\KolektorSDD2\train\10954.png,C:\Users\james\OneDrive - Lancaster University\Documents\Projects\MARS-Summer-Research\data\raw\KolektorSDD2\train\10954_GT.png
train,train,10955,0,Normal,C:\Users\james\OneDrive - Lancaster University\Documents\Projects\MARS-Summer-Research\data\raw\KolektorSDD2\train\10955.png,C:\Users\james\OneDrive - Lancaster University\Documents\Projects\MARS-Summer-Research\data\raw\KolektorSDD2\train\10955_GT.png
train,train,10956,0,Normal,C:\Users\james\OneDrive - Lancaster University\Documents\Projects\MARS-Summer-Research\data\raw\KolektorSDD2\train\10956.png,C:\Users\james\OneDrive - Lancaster University\Documents\Projects\MARS-Summer-Research\data\raw\KolektorSDD2\train\10956_GT.png
train,train,10957,0,Normal,C:\Users\james\OneDrive - Lancaster University\Documents\Projects\MARS-Summer-Research\data\raw\KolektorSDD2\train\10957.png,C:\Users\james\OneDrive - Lancaster University\Documents\Projects\MARS-Summer-Research\data\raw\KolektorSDD2\train\10957_GT.png
train,train,10958,0,Normal,C:\Users\james\OneDrive - Lancaster University\Documents\Projects\MARS-Summer-Research\data\raw\KolektorSDD2\train\10958.png,C:\Users\james\OneDrive - Lancaster University\Documents\Projects\MARS-Summer-Research\data\raw\KolektorSDD2\train\10958_GT.png
train,train,10960,0,Normal,C:\Users\james\OneDrive - Lancaster University\Documents\Projects\MARS-Summer-Research\data\raw\KolektorSDD2\train\10960.png,C:\Users\james\OneDrive - Lancaster University\Documents\Projects\MARS-Summer-Research\data\raw\KolektorSDD2\train\10960_GT.png
train,train,10961,0,Normal,C:\Users\james\OneDrive - Lancaster University\Documents\Projects\MARS-Summer-Research\data\raw\KolektorSDD2\train\10961.png,C:\Users\james\OneDrive - Lancaster University\Documents\Projects\MARS-Summer-Research\data\raw\KolektorSDD2\train\10961_GT.png
train,train,10962,0,Normal,C:\Users\james\OneDrive - Lancaster University\Documents\Projects\MARS-Summer-Research\data\raw\KolektorSDD2\train\10962.png,C:\Users\james\OneDrive - Lancaster University\Documents\Projects\MARS-Summer-Research\data\raw\KolektorSDD2\train\10962_GT.png
train,train,10963,0,Normal,C:\Users\james\OneDrive - Lancaster University\Documents\Projects\MARS-Summer-Research\data\raw\KolektorSDD2\train\10963.png,C:\Users\james\OneDrive - Lancaster University\Documents\Projects\MARS-Summer-Research\data\raw\KolektorSDD2\train\10963_GT.png
train,train,10964,0,Normal,C:\Users\james\OneDrive - Lancaster University\Documents\Projects\MARS-Summer-Research\data\raw\KolektorSDD2\train\10964.png,C:\Users\james\OneDrive - Lancaster University\Documents\Projects\MARS-Summer-Research\data\raw\KolektorSDD2\train\10964_GT.png
train,train,10966,0,Normal,C:\Users\james\OneDrive - Lancaster University\Documents\Projects\MARS-Summer-Research\data\raw\KolektorSDD2\train\10966.png,C:\Users\james\OneDrive - Lancaster University\Documents\Projects\MARS-Summer-Research\data\raw\KolektorSDD2\train\10966_GT.png
train,train,10967,0,Normal,C:\Users\james\OneDrive - Lancaster University\Documents\Projects\MARS-Summer-Research\data\raw\KolektorSDD2\train\10967.png,C:\Users\james\OneDrive - Lancaster University\Documents\Projects\MARS-Summer-Research\data\raw\KolektorSDD2\train\10967_GT.png
train,train,10969,0,Normal,C:\Users\james\OneDrive - Lancaster University\Documents\Projects\MARS-Summer-Research\data\raw\KolektorSDD2\train\10969.png,C:\Users\james\OneDrive - Lancaster University\Documents\Projects\MARS-Summer-Research\data\raw\KolektorSDD2\train\10969_GT.png
train,train,10970,0,Normal,C:\Users\james\OneDrive - Lancaster University\Documents\Projects\MARS-Summer-Research\data\raw\KolektorSDD2\train\10970.png,C:\Users\james\OneDrive - Lancaster University\Documents\Projects\MARS-Summer-Research\data\raw\KolektorSDD2\train\10970_GT.png
train,train,10971,0,Normal,C:\Users\james\OneDrive - Lancaster University\Documents\Projects\MARS-Summer-Research\data\raw\KolektorSDD2\train\10971.png,C:\Users\james\OneDrive - Lancaster University\Documents\Projects\MARS-Summer-Research\data\raw\KolektorSDD2\train\10971_GT.png
train,train,10972,0,Normal,C:\Users\james\OneDrive - Lancaster University\Documents\Projects\MARS-Summer-Research\data\raw\KolektorSDD2\train\10972.png,C:\Users\james\OneDrive - Lancaster University\Documents\Projects\MARS-Summer-Research\data\raw\KolektorSDD2\train\10972_GT.png
train,train,10973,0,Normal,C:\Users\james\OneDrive - Lancaster University\Documents\Projects\MARS-Summer-Research\data\raw\KolektorSDD2\train\10973.png,C:\Users\james\OneDrive - Lancaster University\Documents\Projects\MARS-Summer-Research\data\raw\KolektorSDD2\train\10973_GT.png
train,train,10974,0,Normal,C:\Users\james\OneDrive - Lancaster University\Documents\Projects\MARS-Summer-Research\data\raw\KolektorSDD2\train\10974.png,C:\Users\james\OneDrive - Lancaster University\Documents\Projects\MARS-Summer-Research\data\raw\KolektorSDD2\train\10974_GT.png
train,train,10977,0,Normal,C:\Users\james\OneDrive - Lancaster University\Documents\Projects\MARS-Summer-Research\data\raw\KolektorSDD2\train\10977.png,C:\Users\james\OneDrive - Lancaster University\Documents\Projects\MARS-Summer-Research\data\raw\KolektorSDD2\train\10977_GT.png
train,train,10978,0,Normal,C:\Users\james\OneDrive - Lancaster University\Documents\Projects\MARS-Summer-Research\data\raw\KolektorSDD2\train\10978.png,C:\Users\james\OneDrive - Lancaster University\Documents\Projects\MARS-Summer-Research\data\raw\KolektorSDD2\train\10978_GT.png
train,train,10979,0,Normal,C:\Users\james\OneDrive - Lancaster University\Documents\Projects\MARS-Summer-Research\data\raw\KolektorSDD2\train\10979.png,C:\Users\james\OneDrive - Lancaster University\Documents\Projects\MARS-Summer-Research\data\raw\KolektorSDD2\train\10979_GT.png
train,train,10980,0,Normal,C:\Users\james\OneDrive - Lancaster University\Documents\Projects\MARS-Summer-Research\data\raw\KolektorSDD2\train\10980.png,C:\Users\james\OneDrive - Lancaster University\Documents\Projects\MARS-Summer-Research\data\raw\KolektorSDD2\train\10980_GT.png
train,train,10981,0,Normal,C:\Users\james\OneDrive - Lancaster University\Documents\Projects\MARS-Summer-Research\data\raw\KolektorSDD2\train\10981.png,C:\Users\james\OneDrive - Lancaster University\Documents\Projects\MARS-Summer-Research\data\raw\KolektorSDD2\train\10981_GT.png
train,train,10984,0,Normal,C:\Users\james\OneDrive - Lancaster University\Documents\Projects\MARS-Summer-Research\data\raw\KolektorSDD2\train\10984.png,C:\Users\james\OneDrive - Lancaster University\Documents\Projects\MARS-Summer-Research\data\raw\KolektorSDD2\train\10984_GT.png
train,train,10986,0,Normal,C:\Users\james\OneDrive - Lancaster University\Documents\Projects\MARS-Summer-Research\data\raw\KolektorSDD2\train\10986.png,C:\Users\james\OneDrive - Lancaster University\Documents\Projects\MARS-Summer-Research\data\raw\KolektorSDD2\train\10986_GT.png
train,train,10987,0,Normal,C:\Users\james\OneDrive - Lancaster University\Documents\Projects\MARS-Summer-Research\data\raw\KolektorSDD2\train\10987.png,C:\Users\james\OneDrive - Lancaster University\Documents\Projects\MARS-Summer-Research\data\raw\KolektorSDD2\train\10987_GT.png
train,train,10989,0,Normal,C:\Users\james\OneDrive - Lancaster University\Documents\Projects\MARS-Summer-Research\data\raw\KolektorSDD2\train\10989.png,C:\Users\james\OneDrive - Lancaster University\Documents\Projects\MARS-Summer-Research\data\raw\KolektorSDD2\train\10989_GT.png
train,train,10990,0,Normal,C:\Users\james\OneDrive - Lancaster University\Documents\Projects\MARS-Summer-Research\data\raw\KolektorSDD2\train\10990.png,C:\Users\james\OneDrive - Lancaster University\Documents\Projects\MARS-Summer-Research\data\raw\KolektorSDD2\train\10990_GT.png
train,train,10991,0,Normal,C:\Users\james\OneDrive - Lancaster University\Documents\Projects\MARS-Summer-Research\data\raw\KolektorSDD2\train\10991.png,C:\Users\james\OneDrive - Lancaster University\Documents\Projects\MARS-Summer-Research\data\raw\KolektorSDD2\train\10991_GT.png
train,train,10992,0,Normal,C:\Users\james\OneDrive - Lancaster University\Documents\Projects\MARS-Summer-Research\data\raw\KolektorSDD2\train\10992.png,C:\Users\james\OneDrive - Lancaster University\Documents\Projects\MARS-Summer-Research\data\raw\KolektorSDD2\train\10992_GT.png
train,train,10993,0,Normal,C:\Users\james\OneDrive - Lancaster University\Documents\Projects\MARS-Summer-Research\data\raw\KolektorSDD2\train\10993.png,C:\Users\james\OneDrive - Lancaster University\Documents\Projects\MARS-Summer-Research\data\raw\KolektorSDD2\train\10993_GT.png
train,train,10994,0,Normal,C:\Users\james\OneDrive - Lancaster University\Documents\Projects\MARS-Summer-Research\data\raw\KolektorSDD2\train\10994.png,C:\Users\james\OneDrive - Lancaster University\Documents\Projects\MARS-Summer-Research\data\raw\KolektorSDD2\train\10994_GT.png
train,train,10995,0,Normal,C:\Users\james\OneDrive - Lancaster University\Documents\Projects\MARS-Summer-Research\data\raw\KolektorSDD2\train\10995.png,C:\Users\james\OneDrive - Lancaster University\Documents\Projects\MARS-Summer-Research\data\raw\KolektorSDD2\train\10995_GT.png
train,train,10997,0,Normal,C:\Users\james\OneDrive - Lancaster University\Documents\Projects\MARS-Summer-Research\data\raw\KolektorSDD2\train\10997.png,C:\Users\james\OneDrive - Lancaster University\Documents\Projects\MARS-Summer-Research\data\raw\KolektorSDD2\train\10997_GT.png
train,train,10998,0,Normal,C:\Users\james\OneDrive - Lancaster University\Documents\Projects\MARS-Summer-Research\data\raw\KolektorSDD2\train\10998.png,C:\Users\james\OneDrive - Lancaster University\Documents\Projects\MARS-Summer-Research\data\raw\KolektorSDD2\train\10998_GT.png
train,train,10999,0,Normal,C:\Users\james\OneDrive - Lancaster University\Documents\Projects\MARS-Summer-Research\data\raw\KolektorSDD2\train\10999.png,C:\Users\james\OneDrive - Lancaster University\Documents\Projects\MARS-Summer-Research\data\raw\KolektorSDD2\train\10999_GT.png
train,train,11000,0,Normal,C:\Users\james\OneDrive - Lancaster University\Documents\Projects\MARS-Summer-Research\data\raw\KolektorSDD2\train\11000.png,C:\Users\james\OneDrive - Lancaster University\Documents\Projects\MARS-Summer-Research\data\raw\KolektorSDD2\train\11000_GT.png
train,train,11002,1,Defective,C:\Users\james\OneDrive - Lancaster University\Documents\Projects\MARS-Summer-Research\data\raw\KolektorSDD2\train\11002.png,C:\Users\james\OneDrive - Lancaster University\Documents\Projects\MARS-Summer-Research\data\raw\KolektorSDD2\train\11002_GT.png
train,train,11003,1,Defective,C:\Users\james\OneDrive - Lancaster University\Documents\Projects\MARS-Summer-Research\data\raw\KolektorSDD2\train\11003.png,C:\Users\james\OneDrive - Lancaster University\Documents\Projects\MARS-Summer-Research\data\raw\KolektorSDD2\train\11003_GT.png
train,train,11004,0,Normal,C:\Users\james\OneDrive - Lancaster University\Documents\Projects\MARS-Summer-Research\data\raw\KolektorSDD2\train\11004.png,C:\Users\james\OneDrive - Lancaster University\Documents\Projects\MARS-Summer-Research\data\raw\KolektorSDD2\train\11004_GT.png
train,train,11005,0,Normal,C:\Users\james\OneDrive - Lancaster University\Documents\Projects\MARS-Summer-Research\data\raw\KolektorSDD2\train\11005.png,C:\Users\james\OneDrive - Lancaster University\Documents\Projects\MARS-Summer-Research\data\raw\KolektorSDD2\train\11005_GT.png
train,train,11006,0,Normal,C:\Users\james\OneDrive - Lancaster University\Documents\Projects\MARS-Summer-Research\data\raw\KolektorSDD2\train\11006.png,C:\Users\james\OneDrive - Lancaster University\Documents\Projects\MARS-Summer-Research\data\raw\KolektorSDD2\train\11006_GT.png
train,train,11007,0,Normal,C:\Users\james\OneDrive - Lancaster University\Documents\Projects\MARS-Summer-Research\data\raw\KolektorSDD2\train\11007.png,C:\Users\james\OneDrive - Lancaster University\Documents\Projects\MARS-Summer-Research\data\raw\KolektorSDD2\train\11007_GT.png
train,train,11008,0,Normal,C:\Users\james\OneDrive - Lancaster University\Documents\Projects\MARS-Summer-Research\data\raw\KolektorSDD2\train\11008.png,C:\Users\james\OneDrive - Lancaster University\Documents\Projects\MARS-Summer-Research\data\raw\KolektorSDD2\train\11008_GT.png
train,train,11009,0,Normal,C:\Users\james\OneDrive - Lancaster University\Documents\Projects\MARS-Summer-Research\data\raw\KolektorSDD2\train\11009.png,C:\Users\james\OneDrive - Lancaster University\Documents\Projects\MARS-Summer-Research\data\raw\KolektorSDD2\train\11009_GT.png
train,train,11010,0,Normal,C:\Users\james\OneDrive - Lancaster University\Documents\Projects\MARS-Summer-Research\data\raw\KolektorSDD2\train\11010.png,C:\Users\james\OneDrive - Lancaster University\Documents\Projects\MARS-Summer-Research\data\raw\KolektorSDD2\train\11010_GT.png
train,train,11011,0,Normal,C:\Users\james\OneDrive - Lancaster University\Documents\Projects\MARS-Summer-Research\data\raw\KolektorSDD2\train\11011.png,C:\Users\james\OneDrive - Lancaster University\Documents\Projects\MARS-Summer-Research\data\raw\KolektorSDD2\train\11011_GT.png
train,train,11012,1,Defective,C:\Users\james\OneDrive - Lancaster University\Documents\Projects\MARS-Summer-Research\data\raw\KolektorSDD2\train\11012.png,C:\Users\james\OneDrive - Lancaster University\Documents\Projects\MARS-Summer-Research\data\raw\KolektorSDD2\train\11012_GT.png
train,train,11013,0,Normal,C:\Users\james\OneDrive - Lancaster University\Documents\Projects\MARS-Summer-Research\data\raw\KolektorSDD2\train\11013.png,C:\Users\james\OneDrive - Lancaster University\Documents\Projects\MARS-Summer-Research\data\raw\KolektorSDD2\train\11013_GT.png
train,train,11014,0,Normal,C:\Users\james\OneDrive - Lancaster University\Documents\Projects\MARS-Summer-Research\data\raw\KolektorSDD2\train\11014.png,C:\Users\james\OneDrive - Lancaster University\Documents\Projects\MARS-Summer-Research\data\raw\KolektorSDD2\train\11014_GT.png
train,train,11015,0,Normal,C:\Users\james\OneDrive - Lancaster University\Documents\Projects\MARS-Summer-Research\data\raw\KolektorSDD2\train\11015.png,C:\Users\james\OneDrive - Lancaster University\Documents\Projects\MARS-Summer-Research\data\raw\KolektorSDD2\train\11015_GT.png
train,train,11016,0,Normal,C:\Users\james\OneDrive - Lancaster University\Documents\Projects\MARS-Summer-Research\data\raw\KolektorSDD2\train\11016.png,C:\Users\james\OneDrive - Lancaster University\Documents\Projects\MARS-Summer-Research\data\raw\KolektorSDD2\train\11016_GT.png
train,train,11017,0,Normal,C:\Users\james\OneDrive - Lancaster University\Documents\Projects\MARS-Summer-Research\data\raw\KolektorSDD2\train\11017.png,C:\Users\james\OneDrive - Lancaster University\Documents\Projects\MARS-Summer-Research\data\raw\KolektorSDD2\train\11017_GT.png
train,train,11018,0,Normal,C:\Users\james\OneDrive - Lancaster University\Documents\Projects\MARS-Summer-Research\data\raw\KolektorSDD2\train\11018.png,C:\Users\james\OneDrive - Lancaster University\Documents\Projects\MARS-Summer-Research\data\raw\KolektorSDD2\train\11018_GT.png
train,train,11019,0,Normal,C:\Users\james\OneDrive - Lancaster University\Documents\Projects\MARS-Summer-Research\data\raw\KolektorSDD2\train\11019.png,C:\Users\james\OneDrive - Lancaster University\Documents\Projects\MARS-Summer-Research\data\raw\KolektorSDD2\train\11019_GT.png
train,train,11020,0,Normal,C:\Users\james\OneDrive - Lancaster University\Documents\Projects\MARS-Summer-Research\data\raw\KolektorSDD2\train\11020.png,C:\Users\james\OneDrive - Lancaster University\Documents\Projects\MARS-Summer-Research\data\raw\KolektorSDD2\train\11020_GT.png
train,train,11022,0,Normal,C:\Users\james\OneDrive - Lancaster University\Documents\Projects\MARS-Summer-Research\data\raw\KolektorSDD2\train\11022.png,C:\Users\james\OneDrive - Lancaster University\Documents\Projects\MARS-Summer-Research\data\raw\KolektorSDD2\train\11022_GT.png
train,train,11023,0,Normal,C:\Users\james\OneDrive - Lancaster University\Documents\Projects\MARS-Summer-Research\data\raw\KolektorSDD2\train\11023.png,C:\Users\james\OneDrive - Lancaster University\Documents\Projects\MARS-Summer-Research\data\raw\KolektorSDD2\train\11023_GT.png
train,train,11024,0,Normal,C:\Users\james\OneDrive - Lancaster University\Documents\Projects\MARS-Summer-Research\data\raw\KolektorSDD2\train\11024.png,C:\Users\james\OneDrive - Lancaster University\Documents\Projects\MARS-Summer-Research\data\raw\KolektorSDD2\train\11024_GT.png
train,train,11026,0,Normal,C:\Users\james\OneDrive - Lancaster University\Documents\Projects\MARS-Summer-Research\data\raw\KolektorSDD2\train\11026.png,C:\Users\james\OneDrive - Lancaster University\Documents\Projects\MARS-Summer-Research\data\raw\KolektorSDD2\train\11026_GT.png
train,train,11027,0,Normal,C:\Users\james\OneDrive - Lancaster University\Documents\Projects\MARS-Summer-Research\data\raw\KolektorSDD2\train\11027.png,C:\Users\james\OneDrive - Lancaster University\Documents\Projects\MARS-Summer-Research\data\raw\KolektorSDD2\train\11027_GT.png
train,train,11028,0,Normal,C:\Users\james\OneDrive - Lancaster University\Documents\Projects\MARS-Summer-Research\data\raw\KolektorSDD2\train\11028.png,C:\Users\james\OneDrive - Lancaster University\Documents\Projects\MARS-Summer-Research\data\raw\KolektorSDD2\train\11028_GT.png
train,train,11029,0,Normal,C:\Users\james\OneDrive - Lancaster University\Documents\Projects\MARS-Summer-Research\data\raw\KolektorSDD2\train\11029.png,C:\Users\james\OneDrive - Lancaster University\Documents\Projects\MARS-Summer-Research\data\raw\KolektorSDD2\train\11029_GT.png
train,train,11030,0,Normal,C:\Users\james\OneDrive - Lancaster University\Documents\Projects\MARS-Summer-Research\data\raw\KolektorSDD2\train\11030.png,C:\Users\james\OneDrive - Lancaster University\Documents\Projects\MARS-Summer-Research\data\raw\KolektorSDD2\train\11030_GT.png
train,train,11031,0,Normal,C:\Users\james\OneDrive - Lancaster University\Documents\Projects\MARS-Summer-Research\data\raw\KolektorSDD2\train\11031.png,C:\Users\james\OneDrive - Lancaster University\Documents\Projects\MARS-Summer-Research\data\raw\KolektorSDD2\train\11031_GT.png
train,train,11032,0,Normal,C:\Users\james\OneDrive - Lancaster University\Documents\Projects\MARS-Summer-Research\data\raw\KolektorSDD2\train\11032.png,C:\Users\james\OneDrive - Lancaster University\Documents\Projects\MARS-Summer-Research\data\raw\KolektorSDD2\train\11032_GT.png
train,train,11033,0,Normal,C:\Users\james\OneDrive - Lancaster University\Documents\Projects\MARS-Summer-Research\data\raw\KolektorSDD2\train\11033.png,C:\Users\james\OneDrive - Lancaster University\Documents\Projects\MARS-Summer-Research\data\raw\KolektorSDD2\train\11033_GT.png
train,train,11034,0,Normal,C:\Users\james\OneDrive - Lancaster University\Documents\Projects\MARS-Summer-Research\data\raw\KolektorSDD2\train\11034.png,C:\Users\james\OneDrive - Lancaster University\Documents\Projects\MARS-Summer-Research\data\raw\KolektorSDD2\train\11034_GT.png
train,train,11035,0,Normal,C:\Users\james\OneDrive - Lancaster University\Documents\Projects\MARS-Summer-Research\data\raw\KolektorSDD2\train\11035.png,C:\Users\james\OneDrive - Lancaster University\Documents\Projects\MARS-Summer-Research\data\raw\KolektorSDD2\train\11035_GT.png
train,train,11036,0,Normal,C:\Users\james\OneDrive - Lancaster University\Documents\Projects\MARS-Summer-Research\data\raw\KolektorSDD2\train\11036.png,C:\Users\james\OneDrive - Lancaster University\Documents\Projects\MARS-Summer-Research\data\raw\KolektorSDD2\train\11036_GT.png
train,train,11039,0,Normal,C:\Users\james\OneDrive - Lancaster University\Documents\Projects\MARS-Summer-Research\data\raw\KolektorSDD2\train\11039.png,C:\Users\james\OneDrive - Lancaster University\Documents\Projects\MARS-Summer-Research\data\raw\KolektorSDD2\train\11039_GT.png
train,train,11040,1,Defective,C:\Users\james\OneDrive - Lancaster University\Documents\Projects\MARS-Summer-Research\data\raw\KolektorSDD2\train\11040.png,C:\Users\james\OneDrive - Lancaster University\Documents\Projects\MARS-Summer-Research\data\raw\KolektorSDD2\train\11040_GT.png
train,train,11041,0,Normal,C:\Users\james\OneDrive - Lancaster University\Documents\Projects\MARS-Summer-Research\data\raw\KolektorSDD2\train\11041.png,C:\Users\james\OneDrive - Lancaster University\Documents\Projects\MARS-Summer-Research\data\raw\KolektorSDD2\train\11041_GT.png
train,train,11042,0,Normal,C:\Users\james\OneDrive - Lancaster University\Documents\Projects\MARS-Summer-Research\data\raw\KolektorSDD2\train\11042.png,C:\Users\james\OneDrive - Lancaster University\Documents\Projects\MARS-Summer-Research\data\raw\KolektorSDD2\train\11042_GT.png
train,train,11043,0,Normal,C:\Users\james\OneDrive - Lancaster University\Documents\Projects\MARS-Summer-Research\data\raw\KolektorSDD2\train\11043.png,C:\Users\james\OneDrive - Lancaster University\Documents\Projects\MARS-Summer-Research\data\raw\KolektorSDD2\train\11043_GT.png
train,train,11044,0,Normal,C:\Users\james\OneDrive - Lancaster University\Documents\Projects\MARS-Summer-Research\data\raw\KolektorSDD2\train\11044.png,C:\Users\james\OneDrive - Lancaster University\Documents\Projects\MARS-Summer-Research\data\raw\KolektorSDD2\train\11044_GT.png
train,train,11045,0,Normal,C:\Users\james\OneDrive - Lancaster University\Documents\Projects\MARS-Summer-Research\data\raw\KolektorSDD2\train\11045.png,C:\Users\james\OneDrive - Lancaster University\Documents\Projects\MARS-Summer-Research\data\raw\KolektorSDD2\train\11045_GT.png
train,train,11046,0,Normal,C:\Users\james\OneDrive - Lancaster University\Documents\Projects\MARS-Summer-Research\data\raw\KolektorSDD2\train\11046.png,C:\Users\james\OneDrive - Lancaster University\Documents\Projects\MARS-Summer-Research\data\raw\KolektorSDD2\train\11046_GT.png
train,train,11047,0,Normal,C:\Users\james\OneDrive - Lancaster University\Documents\Projects\MARS-Summer-Research\data\raw\KolektorSDD2\train\11047.png,C:\Users\james\OneDrive - Lancaster University\Documents\Projects\MARS-Summer-Research\data\raw\KolektorSDD2\train\11047_GT.png
train,train,11048,0,Normal,C:\Users\james\OneDrive - Lancaster University\Documents\Projects\MARS-Summer-Research\data\raw\KolektorSDD2\train\11048.png,C:\Users\james\OneDrive - Lancaster University\Documents\Projects\MARS-Summer-Research\data\raw\KolektorSDD2\train\11048_GT.png
train,train,11049,0,Normal,C:\Users\james\OneDrive - Lancaster University\Documents\Projects\MARS-Summer-Research\data\raw\KolektorSDD2\train\11049.png,C:\Users\james\OneDrive - Lancaster University\Documents\Projects\MARS-Summer-Research\data\raw\KolektorSDD2\train\11049_GT.png
train,train,11050,0,Normal,C:\Users\james\OneDrive - Lancaster University\Documents\Projects\MARS-Summer-Research\data\raw\KolektorSDD2\train\11050.png,C:\Users\james\OneDrive - Lancaster University\Documents\Projects\MARS-Summer-Research\data\raw\KolektorSDD2\train\11050_GT.png
train,train,11051,0,Normal,C:\Users\james\OneDrive - Lancaster University\Documents\Projects\MARS-Summer-Research\data\raw\KolektorSDD2\train\11051.png,C:\Users\james\OneDrive - Lancaster University\Documents\Projects\MARS-Summer-Research\data\raw\KolektorSDD2\train\11051_GT.png
train,train,11052,1,Defective,C:\Users\james\OneDrive - Lancaster University\Documents\Projects\MARS-Summer-Research\data\raw\KolektorSDD2\train\11052.png,C:\Users\james\OneDrive - Lancaster University\Documents\Projects\MARS-Summer-Research\data\raw\KolektorSDD2\train\11052_GT.png
train,train,11053,0,Normal,C:\Users\james\OneDrive - Lancaster University\Documents\Projects\MARS-Summer-Research\data\raw\KolektorSDD2\train\11053.png,C:\Users\james\OneDrive - Lancaster University\Documents\Projects\MARS-Summer-Research\data\raw\KolektorSDD2\train\11053_GT.png
train,train,11054,0,Normal,C:\Users\james\OneDrive - Lancaster University\Documents\Projects\MARS-Summer-Research\data\raw\KolektorSDD2\train\11054.png,C:\Users\james\OneDrive - Lancaster University\Documents\Projects\MARS-Summer-Research\data\raw\KolektorSDD2\train\11054_GT.png
train,train,11055,0,Normal,C:\Users\james\OneDrive - Lancaster University\Documents\Projects\MARS-Summer-Research\data\raw\KolektorSDD2\train\11055.png,C:\Users\james\OneDrive - Lancaster University\Documents\Projects\MARS-Summer-Research\data\raw\KolektorSDD2\train\11055_GT.png
train,train,11056,0,Normal,C:\Users\james\OneDrive - Lancaster University\Documents\Projects\MARS-Summer-Research\data\raw\KolektorSDD2\train\11056.png,C:\Users\james\OneDrive - Lancaster University\Documents\Projects\MARS-Summer-Research\data\raw\KolektorSDD2\train\11056_GT.png
train,train,11057,0,Normal,C:\Users\james\OneDrive - Lancaster University\Documents\Projects\MARS-Summer-Research\data\raw\KolektorSDD2\train\11057.png,C:\Users\james\OneDrive - Lancaster University\Documents\Projects\MARS-Summer-Research\data\raw\KolektorSDD2\train\11057_GT.png
train,train,11058,0,Normal,C:\Users\james\OneDrive - Lancaster University\Documents\Projects\MARS-Summer-Research\data\raw\KolektorSDD2\train\11058.png,C:\Users\james\OneDrive - Lancaster University\Documents\Projects\MARS-Summer-Research\data\raw\KolektorSDD2\train\11058_GT.png
train,train,11059,0,Normal,C:\Users\james\OneDrive - Lancaster University\Documents\Projects\MARS-Summer-Research\data\raw\KolektorSDD2\train\11059.png,C:\Users\james\OneDrive - Lancaster University\Documents\Projects\MARS-Summer-Research\data\raw\KolektorSDD2\train\11059_GT.png
train,train,11060,0,Normal,C:\Users\james\OneDrive - Lancaster University\Documents\Projects\MARS-Summer-Research\data\raw\KolektorSDD2\train\11060.png,C:\Users\james\OneDrive - Lancaster University\Documents\Projects\MARS-Summer-Research\data\raw\KolektorSDD2\train\11060_GT.png
train,train,11061,1,Defective,C:\Users\james\OneDrive - Lancaster University\Documents\Projects\MARS-Summer-Research\data\raw\KolektorSDD2\train\11061.png,C:\Users\james\OneDrive - Lancaster University\Documents\Projects\MARS-Summer-Research\data\raw\KolektorSDD2\train\11061_GT.png
train,train,11062,0,Normal,C:\Users\james\OneDrive - Lancaster University\Documents\Projects\MARS-Summer-Research\data\raw\KolektorSDD2\train\11062.png,C:\Users\james\OneDrive - Lancaster University\Documents\Projects\MARS-Summer-Research\data\raw\KolektorSDD2\train\11062_GT.png
train,train,11064,0,Normal,C:\Users\james\OneDrive - Lancaster University\Documents\Projects\MARS-Summer-Research\data\raw\KolektorSDD2\train\11064.png,C:\Users\james\OneDrive - Lancaster University\Documents\Projects\MARS-Summer-Research\data\raw\KolektorSDD2\train\11064_GT.png
train,train,11065,0,Normal,C:\Users\james\OneDrive - Lancaster University\Documents\Projects\MARS-Summer-Research\data\raw\KolektorSDD2\train\11065.png,C:\Users\james\OneDrive - Lancaster University\Documents\Projects\MARS-Summer-Research\data\raw\KolektorSDD2\train\11065_GT.png
train,train,11069,0,Normal,C:\Users\james\OneDrive - Lancaster University\Documents\Projects\MARS-Summer-Research\data\raw\KolektorSDD2\train\11069.png,C:\Users\james\OneDrive - Lancaster University\Documents\Projects\MARS-Summer-Research\data\raw\KolektorSDD2\train\11069_GT.png
train,train,11070,0,Normal,C:\Users\james\OneDrive - Lancaster University\Documents\Projects\MARS-Summer-Research\data\raw\KolektorSDD2\train\11070.png,C:\Users\james\OneDrive - Lancaster University\Documents\Projects\MARS-Summer-Research\data\raw\KolektorSDD2\train\11070_GT.png
train,train,11073,0,Normal,C:\Users\james\OneDrive - Lancaster University\Documents\Projects\MARS-Summer-Research\data\raw\KolektorSDD2\train\11073.png,C:\Users\james\OneDrive - Lancaster University\Documents\Projects\MARS-Summer-Research\data\raw\KolektorSDD2\train\11073_GT.png
train,train,11074,1,Defective,C:\Users\james\OneDrive - Lancaster University\Documents\Projects\MARS-Summer-Research\data\raw\KolektorSDD2\train\11074.png,C:\Users\james\OneDrive - Lancaster University\Documents\Projects\MARS-Summer-Research\data\raw\KolektorSDD2\train\11074_GT.png
train,train,11075,0,Normal,C:\Users\james\OneDrive - Lancaster University\Documents\Projects\MARS-Summer-Research\data\raw\KolektorSDD2\train\11075.png,C:\Users\james\OneDrive - Lancaster University\Documents\Projects\MARS-Summer-Research\data\raw\KolektorSDD2\train\11075_GT.png
train,train,11076,0,Normal,C:\Users\james\OneDrive - Lancaster University\Documents\Projects\MARS-Summer-Research\data\raw\KolektorSDD2\train\11076.png,C:\Users\james\OneDrive - Lancaster University\Documents\Projects\MARS-Summer-Research\data\raw\KolektorSDD2\train\11076_GT.png
train,train,11077,0,Normal,C:\Users\james\OneDrive - Lancaster University\Documents\Projects\MARS-Summer-Research\data\raw\KolektorSDD2\train\11077.png,C:\Users\james\OneDrive - Lancaster University\Documents\Projects\MARS-Summer-Research\data\raw\KolektorSDD2\train\11077_GT.png
train,train,11078,0,Normal,C:\Users\james\OneDrive - Lancaster University\Documents\Projects\MARS-Summer-Research\data\raw\KolektorSDD2\train\11078.png,C:\Users\james\OneDrive - Lancaster University\Documents\Projects\MARS-Summer-Research\data\raw\KolektorSDD2\train\11078_GT.png
train,train,11079,0,Normal,C:\Users\james\OneDrive - Lancaster University\Documents\Projects\MARS-Summer-Research\data\raw\KolektorSDD2\train\11079.png,C:\Users\james\OneDrive - Lancaster University\Documents\Projects\MARS-Summer-Research\data\raw\KolektorSDD2\train\11079_GT.png
train,train,11080,0,Normal,C:\Users\james\OneDrive - Lancaster University\Documents\Projects\MARS-Summer-Research\data\raw\KolektorSDD2\train\11080.png,C:\Users\james\OneDrive - Lancaster University\Documents\Projects\MARS-Summer-Research\data\raw\KolektorSDD2\train\11080_GT.png
train,train,11081,0,Normal,C:\Users\james\OneDrive - Lancaster University\Documents\Projects\MARS-Summer-Research\data\raw\KolektorSDD2\train\11081.png,C:\Users\james\OneDrive - Lancaster University\Documents\Projects\MARS-Summer-Research\data\raw\KolektorSDD2\train\11081_GT.png
train,train,11082,0,Normal,C:\Users\james\OneDrive - Lancaster University\Documents\Projects\MARS-Summer-Research\data\raw\KolektorSDD2\train\11082.png,C:\Users\james\OneDrive - Lancaster University\Documents\Projects\MARS-Summer-Research\data\raw\KolektorSDD2\train\11082_GT.png
train,train,11083,0,Normal,C:\Users\james\OneDrive - Lancaster University\Documents\Projects\MARS-Summer-Research\data\raw\KolektorSDD2\train\11083.png,C:\Users\james\OneDrive - Lancaster University\Documents\Projects\MARS-Summer-Research\data\raw\KolektorSDD2\train\11083_GT.png
train,train,11084,0,Normal,C:\Users\james\OneDrive - Lancaster University\Documents\Projects\MARS-Summer-Research\data\raw\KolektorSDD2\train\11084.png,C:\Users\james\OneDrive - Lancaster University\Documents\Projects\MARS-Summer-Research\data\raw\KolektorSDD2\train\11084_GT.png
train,train,11086,0,Normal,C:\Users\james\OneDrive - Lancaster University\Documents\Projects\MARS-Summer-Research\data\raw\KolektorSDD2\train\11086.png,C:\Users\james\OneDrive - Lancaster University\Documents\Projects\MARS-Summer-Research\data\raw\KolektorSDD2\train\11086_GT.png
train,train,11087,0,Normal,C:\Users\james\OneDrive - Lancaster University\Documents\Projects\MARS-Summer-Research\data\raw\KolektorSDD2\train\11087.png,C:\Users\james\OneDrive - Lancaster University\Documents\Projects\MARS-Summer-Research\data\raw\KolektorSDD2\train\11087_GT.png
train,train,11088,1,Defective,C:\Users\james\OneDrive - Lancaster University\Documents\Projects\MARS-Summer-Research\data\raw\KolektorSDD2\train\11088.png,C:\Users\james\OneDrive - Lancaster University\Documents\Projects\MARS-Summer-Research\data\raw\KolektorSDD2\train\11088_GT.png
train,train,11090,0,Normal,C:\Users\james\OneDrive - Lancaster University\Documents\Projects\MARS-Summer-Research\data\raw\KolektorSDD2\train\11090.png,C:\Users\james\OneDrive - Lancaster University\Documents\Projects\MARS-Summer-Research\data\raw\KolektorSDD2\train\11090_GT.png
train,train,11091,0,Normal,C:\Users\james\OneDrive - Lancaster University\Documents\Projects\MARS-Summer-Research\data\raw\KolektorSDD2\train\11091.png,C:\Users\james\OneDrive - Lancaster University\Documents\Projects\MARS-Summer-Research\data\raw\KolektorSDD2\train\11091_GT.png
train,train,11092,0,Normal,C:\Users\james\OneDrive - Lancaster University\Documents\Projects\MARS-Summer-Research\data\raw\KolektorSDD2\train\11092.png,C:\Users\james\OneDrive - Lancaster University\Documents\Projects\MARS-Summer-Research\data\raw\KolektorSDD2\train\11092_GT.png
train,train,11093,1,Defective,C:\Users\james\OneDrive - Lancaster University\Documents\Projects\MARS-Summer-Research\data\raw\KolektorSDD2\train\11093.png,C:\Users\james\OneDrive - Lancaster University\Documents\Projects\MARS-Summer-Research\data\raw\KolektorSDD2\train\11093_GT.png
train,train,11094,1,Defective,C:\Users\james\OneDrive - Lancaster University\Documents\Projects\MARS-Summer-Research\data\raw\KolektorSDD2\train\11094.png,C:\Users\james\OneDrive - Lancaster University\Documents\Projects\MARS-Summer-Research\data\raw\KolektorSDD2\train\11094_GT.png
train,train,11095,0,Normal,C:\Users\james\OneDrive - Lancaster University\Documents\Projects\MARS-Summer-Research\data\raw\KolektorSDD2\train\11095.png,C:\Users\james\OneDrive - Lancaster University\Documents\Projects\MARS-Summer-Research\data\raw\KolektorSDD2\train\11095_GT.png
train,train,11096,0,Normal,C:\Users\james\OneDrive - Lancaster University\Documents\Projects\MARS-Summer-Research\data\raw\KolektorSDD2\train\11096.png,C:\Users\james\OneDrive - Lancaster University\Documents\Projects\MARS-Summer-Research\data\raw\KolektorSDD2\train\11096_GT.png
train,train,11098,0,Normal,C:\Users\james\OneDrive - Lancaster University\Documents\Projects\MARS-Summer-Research\data\raw\KolektorSDD2\train\11098.png,C:\Users\james\OneDrive - Lancaster University\Documents\Projects\MARS-Summer-Research\data\raw\KolektorSDD2\train\11098_GT.png
train,train,11099,0,Normal,C:\Users\james\OneDrive - Lancaster University\Documents\Projects\MARS-Summer-Research\data\raw\KolektorSDD2\train\11099.png,C:\Users\james\OneDrive - Lancaster University\Documents\Projects\MARS-Summer-Research\data\raw\KolektorSDD2\train\11099_GT.png
train,train,11100,0,Normal,C:\Users\james\OneDrive - Lancaster University\Documents\Projects\MARS-Summer-Research\data\raw\KolektorSDD2\train\11100.png,C:\Users\james\OneDrive - Lancaster University\Documents\Projects\MARS-Summer-Research\data\raw\KolektorSDD2\train\11100_GT.png
train,train,11101,1,Defective,C:\Users\james\OneDrive - Lancaster University\Documents\Projects\MARS-Summer-Research\data\raw\KolektorSDD2\train\11101.png,C:\Users\james\OneDrive - Lancaster University\Documents\Projects\MARS-Summer-Research\data\raw\KolektorSDD2\train\11101_GT.png
train,train,11102,0,Normal,C:\Users\james\OneDrive - Lancaster University\Documents\Projects\MARS-Summer-Research\data\raw\KolektorSDD2\train\11102.png,C:\Users\james\OneDrive - Lancaster University\Documents\Projects\MARS-Summer-Research\data\raw\KolektorSDD2\train\11102_GT.png
train,train,11103,0,Normal,C:\Users\james\OneDrive - Lancaster University\Documents\Projects\MARS-Summer-Research\data\raw\KolektorSDD2\train\11103.png,C:\Users\james\OneDrive - Lancaster University\Documents\Projects\MARS-Summer-Research\data\raw\KolektorSDD2\train\11103_GT.png
train,train,11104,0,Normal,C:\Users\james\OneDrive - Lancaster University\Documents\Projects\MARS-Summer-Research\data\raw\KolektorSDD2\train\11104.png,C:\Users\james\OneDrive - Lancaster University\Documents\Projects\MARS-Summer-Research\data\raw\KolektorSDD2\train\11104_GT.png
train,train,11105,0,Normal,C:\Users\james\OneDrive - Lancaster University\Documents\Projects\MARS-Summer-Research\data\raw\KolektorSDD2\train\11105.png,C:\Users\james\OneDrive - Lancaster University\Documents\Projects\MARS-Summer-Research\data\raw\KolektorSDD2\train\11105_GT.png
train,train,11106,0,Normal,C:\Users\james\OneDrive - Lancaster University\Documents\Projects\MARS-Summer-Research\data\raw\KolektorSDD2\train\11106.png,C:\Users\james\OneDrive - Lancaster University\Documents\Projects\MARS-Summer-Research\data\raw\KolektorSDD2\train\11106_GT.png
train,train,11107,0,Normal,C:\Users\james\OneDrive - Lancaster University\Documents\Projects\MARS-Summer-Research\data\raw\KolektorSDD2\train\11107.png,C:\Users\james\OneDrive - Lancaster University\Documents\Projects\MARS-Summer-Research\data\raw\KolektorSDD2\train\11107_GT.png
train,train,11108,0,Normal,C:\Users\james\OneDrive - Lancaster University\Documents\Projects\MARS-Summer-Research\data\raw\KolektorSDD2\train\11108.png,C:\Users\james\OneDrive - Lancaster University\Documents\Projects\MARS-Summer-Research\data\raw\KolektorSDD2\train\11108_GT.png
train,train,11110,0,Normal,C:\Users\james\OneDrive - Lancaster University\Documents\Projects\MARS-Summer-Research\data\raw\KolektorSDD2\train\11110.png,C:\Users\james\OneDrive - Lancaster University\Documents\Projects\MARS-Summer-Research\data\raw\KolektorSDD2\train\11110_GT.png
train,train,11111,0,Normal,C:\Users\james\OneDrive - Lancaster University\Documents\Projects\MARS-Summer-Research\data\raw\KolektorSDD2\train\11111.png,C:\Users\james\OneDrive - Lancaster University\Documents\Projects\MARS-Summer-Research\data\raw\KolektorSDD2\train\11111_GT.png
train,train,11113,0,Normal,C:\Users\james\OneDrive - Lancaster University\Documents\Projects\MARS-Summer-Research\data\raw\KolektorSDD2\train\11113.png,C:\Users\james\OneDrive - Lancaster University\Documents\Projects\MARS-Summer-Research\data\raw\KolektorSDD2\train\11113_GT.png
train,train,11114,0,Normal,C:\Users\james\OneDrive - Lancaster University\Documents\Projects\MARS-Summer-Research\data\raw\KolektorSDD2\train\11114.png,C:\Users\james\OneDrive - Lancaster University\Documents\Projects\MARS-Summer-Research\data\raw\KolektorSDD2\train\11114_GT.png
train,train,11115,0,Normal,C:\Users\james\OneDrive - Lancaster University\Documents\Projects\MARS-Summer-Research\data\raw\KolektorSDD2\train\11115.png,C:\Users\james\OneDrive - Lancaster University\Documents\Projects\MARS-Summer-Research\data\raw\KolektorSDD2\train\11115_GT.png
train,train,11116,0,Normal,C:\Users\james\OneDrive - Lancaster University\Documents\Projects\MARS-Summer-Research\data\raw\KolektorSDD2\train\11116.png,C:\Users\james\OneDrive - Lancaster University\Documents\Projects\MARS-Summer-Research\data\raw\KolektorSDD2\train\11116_GT.png
train,train,11117,0,Normal,C:\Users\james\OneDrive - Lancaster University\Documents\Projects\MARS-Summer-Research\data\raw\KolektorSDD2\train\11117.png,C:\Users\james\OneDrive - Lancaster University\Documents\Projects\MARS-Summer-Research\data\raw\KolektorSDD2\train\11117_GT.png
train,train,11118,0,Normal,C:\Users\james\OneDrive - Lancaster University\Documents\Projects\MARS-Summer-Research\data\raw\KolektorSDD2\train\11118.png,C:\Users\james\OneDrive - Lancaster University\Documents\Projects\MARS-Summer-Research\data\raw\KolektorSDD2\train\11118_GT.png
train,train,11119,0,Normal,C:\Users\james\OneDrive - Lancaster University\Documents\Projects\MARS-Summer-Research\data\raw\KolektorSDD2\train\11119.png,C:\Users\james\OneDrive - Lancaster University\Documents\Projects\MARS-Summer-Research\data\raw\KolektorSDD2\train\11119_GT.png
train,train,11120,0,Normal,C:\Users\james\OneDrive - Lancaster University\Documents\Projects\MARS-Summer-Research\data\raw\KolektorSDD2\train\11120.png,C:\Users\james\OneDrive - Lancaster University\Documents\Projects\MARS-Summer-Research\data\raw\KolektorSDD2\train\11120_GT.png
train,train,11121,0,Normal,C:\Users\james\OneDrive - Lancaster University\Documents\Projects\MARS-Summer-Research\data\raw\KolektorSDD2\train\11121.png,C:\Users\james\OneDrive - Lancaster University\Documents\Projects\MARS-Summer-Research\data\raw\KolektorSDD2\train\11121_GT.png
train,train,11122,0,Normal,C:\Users\james\OneDrive - Lancaster University\Documents\Projects\MARS-Summer-Research\data\raw\KolektorSDD2\train\11122.png,C:\Users\james\OneDrive - Lancaster University\Documents\Projects\MARS-Summer-Research\data\raw\KolektorSDD2\train\11122_GT.png
train,train,11123,0,Normal,C:\Users\james\OneDrive - Lancaster University\Documents\Projects\MARS-Summer-Research\data\raw\KolektorSDD2\train\11123.png,C:\Users\james\OneDrive - Lancaster University\Documents\Projects\MARS-Summer-Research\data\raw\KolektorSDD2\train\11123_GT.png
train,train,11124,0,Normal,C:\Users\james\OneDrive - Lancaster University\Documents\Projects\MARS-Summer-Research\data\raw\KolektorSDD2\train\11124.png,C:\Users\james\OneDrive - Lancaster University\Documents\Projects\MARS-Summer-Research\data\raw\KolektorSDD2\train\11124_GT.png
train,train,11125,0,Normal,C:\Users\james\OneDrive - Lancaster University\Documents\Projects\MARS-Summer-Research\data\raw\KolektorSDD2\train\11125.png,C:\Users\james\OneDrive - Lancaster University\Documents\Projects\MARS-Summer-Research\data\raw\KolektorSDD2\train\11125_GT.png
train,train,11126,0,Normal,C:\Users\james\OneDrive - Lancaster University\Documents\Projects\MARS-Summer-Research\data\raw\KolektorSDD2\train\11126.png,C:\Users\james\OneDrive - Lancaster University\Documents\Projects\MARS-Summer-Research\data\raw\KolektorSDD2\train\11126_GT.png
train,train,11127,0,Normal,C:\Users\james\OneDrive - Lancaster University\Documents\Projects\MARS-Summer-Research\data\raw\KolektorSDD2\train\11127.png,C:\Users\james\OneDrive - Lancaster University\Documents\Projects\MARS-Summer-Research\data\raw\KolektorSDD2\train\11127_GT.png
train,train,11128,0,Normal,C:\Users\james\OneDrive - Lancaster University\Documents\Projects\MARS-Summer-Research\data\raw\KolektorSDD2\train\11128.png,C:\Users\james\OneDrive - Lancaster University\Documents\Projects\MARS-Summer-Research\data\raw\KolektorSDD2\train\11128_GT.png
train,train,11130,0,Normal,C:\Users\james\OneDrive - Lancaster University\Documents\Projects\MARS-Summer-Research\data\raw\KolektorSDD2\train\11130.png,C:\Users\james\OneDrive - Lancaster University\Documents\Projects\MARS-Summer-Research\data\raw\KolektorSDD2\train\11130_GT.png
train,train,11132,0,Normal,C:\Users\james\OneDrive - Lancaster University\Documents\Projects\MARS-Summer-Research\data\raw\KolektorSDD2\train\11132.png,C:\Users\james\OneDrive - Lancaster University\Documents\Projects\MARS-Summer-Research\data\raw\KolektorSDD2\train\11132_GT.png
train,train,11135,1,Defective,C:\Users\james\OneDrive - Lancaster University\Documents\Projects\MARS-Summer-Research\data\raw\KolektorSDD2\train\11135.png,C:\Users\james\OneDrive - Lancaster University\Documents\Projects\MARS-Summer-Research\data\raw\KolektorSDD2\train\11135_GT.png
train,train,11136,0,Normal,C:\Users\james\OneDrive - Lancaster University\Documents\Projects\MARS-Summer-Research\data\raw\KolektorSDD2\train\11136.png,C:\Users\james\OneDrive - Lancaster University\Documents\Projects\MARS-Summer-Research\data\raw\KolektorSDD2\train\11136_GT.png
train,train,11139,1,Defective,C:\Users\james\OneDrive - Lancaster University\Documents\Projects\MARS-Summer-Research\data\raw\KolektorSDD2\train\11139.png,C:\Users\james\OneDrive - Lancaster University\Documents\Projects\MARS-Summer-Research\data\raw\KolektorSDD2\train\11139_GT.png
train,train,11141,0,Normal,C:\Users\james\OneDrive - Lancaster University\Documents\Projects\MARS-Summer-Research\data\raw\KolektorSDD2\train\11141.png,C:\Users\james\OneDrive - Lancaster University\Documents\Projects\MARS-Summer-Research\data\raw\KolektorSDD2\train\11141_GT.png
train,train,11142,0,Normal,C:\Users\james\OneDrive - Lancaster University\Documents\Projects\MARS-Summer-Research\data\raw\KolektorSDD2\train\11142.png,C:\Users\james\OneDrive - Lancaster University\Documents\Projects\MARS-Summer-Research\data\raw\KolektorSDD2\train\11142_GT.png
train,train,11143,0,Normal,C:\Users\james\OneDrive - Lancaster University\Documents\Projects\MARS-Summer-Research\data\raw\KolektorSDD2\train\11143.png,C:\Users\james\OneDrive - Lancaster University\Documents\Projects\MARS-Summer-Research\data\raw\KolektorSDD2\train\11143_GT.png
train,train,11145,0,Normal,C:\Users\james\OneDrive - Lancaster University\Documents\Projects\MARS-Summer-Research\data\raw\KolektorSDD2\train\11145.png,C:\Users\james\OneDrive - Lancaster University\Documents\Projects\MARS-Summer-Research\data\raw\KolektorSDD2\train\11145_GT.png
train,train,11146,0,Normal,C:\Users\james\OneDrive - Lancaster University\Documents\Projects\MARS-Summer-Research\data\raw\KolektorSDD2\train\11146.png,C:\Users\james\OneDrive - Lancaster University\Documents\Projects\MARS-Summer-Research\data\raw\KolektorSDD2\train\11146_GT.png
train,train,11148,0,Normal,C:\Users\james\OneDrive - Lancaster University\Documents\Projects\MARS-Summer-Research\data\raw\KolektorSDD2\train\11148.png,C:\Users\james\OneDrive - Lancaster University\Documents\Projects\MARS-Summer-Research\data\raw\KolektorSDD2\train\11148_GT.png
train,train,11149,0,Normal,C:\Users\james\OneDrive - Lancaster University\Documents\Projects\MARS-Summer-Research\data\raw\KolektorSDD2\train\11149.png,C:\Users\james\OneDrive - Lancaster University\Documents\Projects\MARS-Summer-Research\data\raw\KolektorSDD2\train\11149_GT.png
train,train,11150,0,Normal,C:\Users\james\OneDrive - Lancaster University\Documents\Projects\MARS-Summer-Research\data\raw\KolektorSDD2\train\11150.png,C:\Users\james\OneDrive - Lancaster University\Documents\Projects\MARS-Summer-Research\data\raw\KolektorSDD2\train\11150_GT.png
train,train,11151,0,Normal,C:\Users\james\OneDrive - Lancaster University\Documents\Projects\MARS-Summer-Research\data\raw\KolektorSDD2\train\11151.png,C:\Users\james\OneDrive - Lancaster University\Documents\Projects\MARS-Summer-Research\data\raw\KolektorSDD2\train\11151_GT.png
train,train,11152,0,Normal,C:\Users\james\OneDrive - Lancaster University\Documents\Projects\MARS-Summer-Research\data\raw\KolektorSDD2\train\11152.png,C:\Users\james\OneDrive - Lancaster University\Documents\Projects\MARS-Summer-Research\data\raw\KolektorSDD2\train\11152_GT.png
train,train,11153,0,Normal,C:\Users\james\OneDrive - Lancaster University\Documents\Projects\MARS-Summer-Research\data\raw\KolektorSDD2\train\11153.png,C:\Users\james\OneDrive - Lancaster University\Documents\Projects\MARS-Summer-Research\data\raw\KolektorSDD2\train\11153_GT.png
train,train,11154,0,Normal,C:\Users\james\OneDrive - Lancaster University\Documents\Projects\MARS-Summer-Research\data\raw\KolektorSDD2\train\11154.png,C:\Users\james\OneDrive - Lancaster University\Documents\Projects\MARS-Summer-Research\data\raw\KolektorSDD2\train\11154_GT.png
train,train,11155,0,Normal,C:\Users\james\OneDrive - Lancaster University\Documents\Projects\MARS-Summer-Research\data\raw\KolektorSDD2\train\11155.png,C:\Users\james\OneDrive - Lancaster University\Documents\Projects\MARS-Summer-Research\data\raw\KolektorSDD2\train\11155_GT.png
train,train,11156,0,Normal,C:\Users\james\OneDrive - Lancaster University\Documents\Projects\MARS-Summer-Research\data\raw\KolektorSDD2\train\11156.png,C:\Users\james\OneDrive - Lancaster University\Documents\Projects\MARS-Summer-Research\data\raw\KolektorSDD2\train\11156_GT.png
train,train,11158,0,Normal,C:\Users\james\OneDrive - Lancaster University\Documents\Projects\MARS-Summer-Research\data\raw\KolektorSDD2\train\11158.png,C:\Users\james\OneDrive - Lancaster University\Documents\Projects\MARS-Summer-Research\data\raw\KolektorSDD2\train\11158_GT.png
train,train,11159,0,Normal,C:\Users\james\OneDrive - Lancaster University\Documents\Projects\MARS-Summer-Research\data\raw\KolektorSDD2\train\11159.png,C:\Users\james\OneDrive - Lancaster University\Documents\Projects\MARS-Summer-Research\data\raw\KolektorSDD2\train\11159_GT.png
train,train,11160,0,Normal,C:\Users\james\OneDrive - Lancaster University\Documents\Projects\MARS-Summer-Research\data\raw\KolektorSDD2\train\11160.png,C:\Users\james\OneDrive - Lancaster University\Documents\Projects\MARS-Summer-Research\data\raw\KolektorSDD2\train\11160_GT.png
train,train,11161,0,Normal,C:\Users\james\OneDrive - Lancaster University\Documents\Projects\MARS-Summer-Research\data\raw\KolektorSDD2\train\11161.png,C:\Users\james\OneDrive - Lancaster University\Documents\Projects\MARS-Summer-Research\data\raw\KolektorSDD2\train\11161_GT.png
train,train,11162,0,Normal,C:\Users\james\OneDrive - Lancaster University\Documents\Projects\MARS-Summer-Research\data\raw\KolektorSDD2\train\11162.png,C:\Users\james\OneDrive - Lancaster University\Documents\Projects\MARS-Summer-Research\data\raw\KolektorSDD2\train\11162_GT.png
train,train,11163,0,Normal,C:\Users\james\OneDrive - Lancaster University\Documents\Projects\MARS-Summer-Research\data\raw\KolektorSDD2\train\11163.png,C:\Users\james\OneDrive - Lancaster University\Documents\Projects\MARS-Summer-Research\data\raw\KolektorSDD2\train\11163_GT.png
train,train,11165,0,Normal,C:\Users\james\OneDrive - Lancaster University\Documents\Projects\MARS-Summer-Research\data\raw\KolektorSDD2\train\11165.png,C:\Users\james\OneDrive - Lancaster University\Documents\Projects\MARS-Summer-Research\data\raw\KolektorSDD2\train\11165_GT.png
train,train,11166,0,Normal,C:\Users\james\OneDrive - Lancaster University\Documents\Projects\MARS-Summer-Research\data\raw\KolektorSDD2\train\11166.png,C:\Users\james\OneDrive - Lancaster University\Documents\Projects\MARS-Summer-Research\data\raw\KolektorSDD2\train\11166_GT.png
train,train,11167,0,Normal,C:\Users\james\OneDrive - Lancaster University\Documents\Projects\MARS-Summer-Research\data\raw\KolektorSDD2\train\11167.png,C:\Users\james\OneDrive - Lancaster University\Documents\Projects\MARS-Summer-Research\data\raw\KolektorSDD2\train\11167_GT.png
train,train,11168,0,Normal,C:\Users\james\OneDrive - Lancaster University\Documents\Projects\MARS-Summer-Research\data\raw\KolektorSDD2\train\11168.png,C:\Users\james\OneDrive - Lancaster University\Documents\Projects\MARS-Summer-Research\data\raw\KolektorSDD2\train\11168_GT.png
train,train,11169,1,Defective,C:\Users\james\OneDrive - Lancaster University\Documents\Projects\MARS-Summer-Research\data\raw\KolektorSDD2\train\11169.png,C:\Users\james\OneDrive - Lancaster University\Documents\Projects\MARS-Summer-Research\data\raw\KolektorSDD2\train\11169_GT.png
train,train,11170,0,Normal,C:\Users\james\OneDrive - Lancaster University\Documents\Projects\MARS-Summer-Research\data\raw\KolektorSDD2\train\11170.png,C:\Users\james\OneDrive - Lancaster University\Documents\Projects\MARS-Summer-Research\data\raw\KolektorSDD2\train\11170_GT.png
train,train,11172,0,Normal,C:\Users\james\OneDrive - Lancaster University\Documents\Projects\MARS-Summer-Research\data\raw\KolektorSDD2\train\11172.png,C:\Users\james\OneDrive - Lancaster University\Documents\Projects\MARS-Summer-Research\data\raw\KolektorSDD2\train\11172_GT.png
train,train,11173,0,Normal,C:\Users\james\OneDrive - Lancaster University\Documents\Projects\MARS-Summer-Research\data\raw\KolektorSDD2\train\11173.png,C:\Users\james\OneDrive - Lancaster University\Documents\Projects\MARS-Summer-Research\data\raw\KolektorSDD2\train\11173_GT.png
train,train,11174,0,Normal,C:\Users\james\OneDrive - Lancaster University\Documents\Projects\MARS-Summer-Research\data\raw\KolektorSDD2\train\11174.png,C:\Users\james\OneDrive - Lancaster University\Documents\Projects\MARS-Summer-Research\data\raw\KolektorSDD2\train\11174_GT.png
train,train,11175,0,Normal,C:\Users\james\OneDrive - Lancaster University\Documents\Projects\MARS-Summer-Research\data\raw\KolektorSDD2\train\11175.png,C:\Users\james\OneDrive - Lancaster University\Documents\Projects\MARS-Summer-Research\data\raw\KolektorSDD2\train\11175_GT.png
train,train,11177,0,Normal,C:\Users\james\OneDrive - Lancaster University\Documents\Projects\MARS-Summer-Research\data\raw\KolektorSDD2\train\11177.png,C:\Users\james\OneDrive - Lancaster University\Documents\Projects\MARS-Summer-Research\data\raw\KolektorSDD2\train\11177_GT.png
train,train,11178,1,Defective,C:\Users\james\OneDrive - Lancaster University\Documents\Projects\MARS-Summer-Research\data\raw\KolektorSDD2\train\11178.png,C:\Users\james\OneDrive - Lancaster University\Documents\Projects\MARS-Summer-Research\data\raw\KolektorSDD2\train\11178_GT.png
train,train,11179,0,Normal,C:\Users\james\OneDrive - Lancaster University\Documents\Projects\MARS-Summer-Research\data\raw\KolektorSDD2\train\11179.png,C:\Users\james\OneDrive - Lancaster University\Documents\Projects\MARS-Summer-Research\data\raw\KolektorSDD2\train\11179_GT.png
train,train,11182,0,Normal,C:\Users\james\OneDrive - Lancaster University\Documents\Projects\MARS-Summer-Research\data\raw\KolektorSDD2\train\11182.png,C:\Users\james\OneDrive - Lancaster University\Documents\Projects\MARS-Summer-Research\data\raw\KolektorSDD2\train\11182_GT.png
train,train,11183,0,Normal,C:\Users\james\OneDrive - Lancaster University\Documents\Projects\MARS-Summer-Research\data\raw\KolektorSDD2\train\11183.png,C:\Users\james\OneDrive - Lancaster University\Documents\Projects\MARS-Summer-Research\data\raw\KolektorSDD2\train\11183_GT.png
train,train,11184,0,Normal,C:\Users\james\OneDrive - Lancaster University\Documents\Projects\MARS-Summer-Research\data\raw\KolektorSDD2\train\11184.png,C:\Users\james\OneDrive - Lancaster University\Documents\Projects\MARS-Summer-Research\data\raw\KolektorSDD2\train\11184_GT.png
train,train,11186,0,Normal,C:\Users\james\OneDrive - Lancaster University\Documents\Projects\MARS-Summer-Research\data\raw\KolektorSDD2\train\11186.png,C:\Users\james\OneDrive - Lancaster University\Documents\Projects\MARS-Summer-Research\data\raw\KolektorSDD2\train\11186_GT.png
train,train,11187,1,Defective,C:\Users\james\OneDrive - Lancaster University\Documents\Projects\MARS-Summer-Research\data\raw\KolektorSDD2\train\11187.png,C:\Users\james\OneDrive - Lancaster University\Documents\Projects\MARS-Summer-Research\data\raw\KolektorSDD2\train\11187_GT.png
train,train,11188,0,Normal,C:\Users\james\OneDrive - Lancaster University\Documents\Projects\MARS-Summer-Research\data\raw\KolektorSDD2\train\11188.png,C:\Users\james\OneDrive - Lancaster University\Documents\Projects\MARS-Summer-Research\data\raw\KolektorSDD2\train\11188_GT.png
train,train,11189,0,Normal,C:\Users\james\OneDrive - Lancaster University\Documents\Projects\MARS-Summer-Research\data\raw\KolektorSDD2\train\11189.png,C:\Users\james\OneDrive - Lancaster University\Documents\Projects\MARS-Summer-Research\data\raw\KolektorSDD2\train\11189_GT.png
train,train,11190,1,Defective,C:\Users\james\OneDrive - Lancaster University\Documents\Projects\MARS-Summer-Research\data\raw\KolektorSDD2\train\11190.png,C:\Users\james\OneDrive - Lancaster University\Documents\Projects\MARS-Summer-Research\data\raw\KolektorSDD2\train\11190_GT.png
train,train,11191,0,Normal,C:\Users\james\OneDrive - Lancaster University\Documents\Projects\MARS-Summer-Research\data\raw\KolektorSDD2\train\11191.png,C:\Users\james\OneDrive - Lancaster University\Documents\Projects\MARS-Summer-Research\data\raw\KolektorSDD2\train\11191_GT.png
train,train,11193,0,Normal,C:\Users\james\OneDrive - Lancaster University\Documents\Projects\MARS-Summer-Research\data\raw\KolektorSDD2\train\11193.png,C:\Users\james\OneDrive - Lancaster University\Documents\Projects\MARS-Summer-Research\data\raw\KolektorSDD2\train\11193_GT.png
train,train,11195,1,Defective,C:\Users\james\OneDrive - Lancaster University\Documents\Projects\MARS-Summer-Research\data\raw\KolektorSDD2\train\11195.png,C:\Users\james\OneDrive - Lancaster University\Documents\Projects\MARS-Summer-Research\data\raw\KolektorSDD2\train\11195_GT.png
train,train,11197,0,Normal,C:\Users\james\OneDrive - Lancaster University\Documents\Projects\MARS-Summer-Research\data\raw\KolektorSDD2\train\11197.png,C:\Users\james\OneDrive - Lancaster University\Documents\Projects\MARS-Summer-Research\data\raw\KolektorSDD2\train\11197_GT.png
train,train,11198,0,Normal,C:\Users\james\OneDrive - Lancaster University\Documents\Projects\MARS-Summer-Research\data\raw\KolektorSDD2\train\11198.png,C:\Users\james\OneDrive - Lancaster University\Documents\Projects\MARS-Summer-Research\data\raw\KolektorSDD2\train\11198_GT.png
train,train,11199,0,Normal,C:\Users\james\OneDrive - Lancaster University\Documents\Projects\MARS-Summer-Research\data\raw\KolektorSDD2\train\11199.png,C:\Users\james\OneDrive - Lancaster University\Documents\Projects\MARS-Summer-Research\data\raw\KolektorSDD2\train\11199_GT.png
train,train,11201,0,Normal,C:\Users\james\OneDrive - Lancaster University\Documents\Projects\MARS-Summer-Research\data\raw\KolektorSDD2\train\11201.png,C:\Users\james\OneDrive - Lancaster University\Documents\Projects\MARS-Summer-Research\data\raw\KolektorSDD2\train\11201_GT.png
train,train,11202,0,Normal,C:\Users\james\OneDrive - Lancaster University\Documents\Projects\MARS-Summer-Research\data\raw\KolektorSDD2\train\11202.png,C:\Users\james\OneDrive - Lancaster University\Documents\Projects\MARS-Summer-Research\data\raw\KolektorSDD2\train\11202_GT.png
train,train,11203,0,Normal,C:\Users\james\OneDrive - Lancaster University\Documents\Projects\MARS-Summer-Research\data\raw\KolektorSDD2\train\11203.png,C:\Users\james\OneDrive - Lancaster University\Documents\Projects\MARS-Summer-Research\data\raw\KolektorSDD2\train\11203_GT.png
train,train,11204,0,Normal,C:\Users\james\OneDrive - Lancaster University\Documents\Projects\MARS-Summer-Research\data\raw\KolektorSDD2\train\11204.png,C:\Users\james\OneDrive - Lancaster University\Documents\Projects\MARS-Summer-Research\data\raw\KolektorSDD2\train\11204_GT.png
train,train,11205,0,Normal,C:\Users\james\OneDrive - Lancaster University\Documents\Projects\MARS-Summer-Research\data\raw\KolektorSDD2\train\11205.png,C:\Users\james\OneDrive - Lancaster University\Documents\Projects\MARS-Summer-Research\data\raw\KolektorSDD2\train\11205_GT.png
train,train,11207,0,Normal,C:\Users\james\OneDrive - Lancaster University\Documents\Projects\MARS-Summer-Research\data\raw\KolektorSDD2\train\11207.png,C:\Users\james\OneDrive - Lancaster University\Documents\Projects\MARS-Summer-Research\data\raw\KolektorSDD2\train\11207_GT.png
train,train,11208,0,Normal,C:\Users\james\OneDrive - Lancaster University\Documents\Projects\MARS-Summer-Research\data\raw\KolektorSDD2\train\11208.png,C:\Users\james\OneDrive - Lancaster University\Documents\Projects\MARS-Summer-Research\data\raw\KolektorSDD2\train\11208_GT.png
train,train,11209,0,Normal,C:\Users\james\OneDrive - Lancaster University\Documents\Projects\MARS-Summer-Research\data\raw\KolektorSDD2\train\11209.png,C:\Users\james\OneDrive - Lancaster University\Documents\Projects\MARS-Summer-Research\data\raw\KolektorSDD2\train\11209_GT.png
train,train,11211,0,Normal,C:\Users\james\OneDrive - Lancaster University\Documents\Projects\MARS-Summer-Research\data\raw\KolektorSDD2\train\11211.png,C:\Users\james\OneDrive - Lancaster University\Documents\Projects\MARS-Summer-Research\data\raw\KolektorSDD2\train\11211_GT.png
train,train,11212,0,Normal,C:\Users\james\OneDrive - Lancaster University\Documents\Projects\MARS-Summer-Research\data\raw\KolektorSDD2\train\11212.png,C:\Users\james\OneDrive - Lancaster University\Documents\Projects\MARS-Summer-Research\data\raw\KolektorSDD2\train\11212_GT.png
train,train,11213,0,Normal,C:\Users\james\OneDrive - Lancaster University\Documents\Projects\MARS-Summer-Research\data\raw\KolektorSDD2\train\11213.png,C:\Users\james\OneDrive - Lancaster University\Documents\Projects\MARS-Summer-Research\data\raw\KolektorSDD2\train\11213_GT.png
train,train,11215,0,Normal,C:\Users\james\OneDrive - Lancaster University\Documents\Projects\MARS-Summer-Research\data\raw\KolektorSDD2\train\11215.png,C:\Users\james\OneDrive - Lancaster University\Documents\Projects\MARS-Summer-Research\data\raw\KolektorSDD2\train\11215_GT.png
train,train,11216,0,Normal,C:\Users\james\OneDrive - Lancaster University\Documents\Projects\MARS-Summer-Research\data\raw\KolektorSDD2\train\11216.png,C:\Users\james\OneDrive - Lancaster University\Documents\Projects\MARS-Summer-Research\data\raw\KolektorSDD2\train\11216_GT.png
train,train,11217,0,Normal,C:\Users\james\OneDrive - Lancaster University\Documents\Projects\MARS-Summer-Research\data\raw\KolektorSDD2\train\11217.png,C:\Users\james\OneDrive - Lancaster University\Documents\Projects\MARS-Summer-Research\data\raw\KolektorSDD2\train\11217_GT.png
train,train,11218,0,Normal,C:\Users\james\OneDrive - Lancaster University\Documents\Projects\MARS-Summer-Research\data\raw\KolektorSDD2\train\11218.png,C:\Users\james\OneDrive - Lancaster University\Documents\Projects\MARS-Summer-Research\data\raw\KolektorSDD2\train\11218_GT.png
train,train,11219,0,Normal,C:\Users\james\OneDrive - Lancaster University\Documents\Projects\MARS-Summer-Research\data\raw\KolektorSDD2\train\11219.png,C:\Users\james\OneDrive - Lancaster University\Documents\Projects\MARS-Summer-Research\data\raw\KolektorSDD2\train\11219_GT.png
train,train,11221,0,Normal,C:\Users\james\OneDrive - Lancaster University\Documents\Projects\MARS-Summer-Research\data\raw\KolektorSDD2\train\11221.png,C:\Users\james\OneDrive - Lancaster University\Documents\Projects\MARS-Summer-Research\data\raw\KolektorSDD2\train\11221_GT.png
train,train,11222,0,Normal,C:\Users\james\OneDrive - Lancaster University\Documents\Projects\MARS-Summer-Research\data\raw\KolektorSDD2\train\11222.png,C:\Users\james\OneDrive - Lancaster University\Documents\Projects\MARS-Summer-Research\data\raw\KolektorSDD2\train\11222_GT.png
train,train,11223,0,Normal,C:\Users\james\OneDrive - Lancaster University\Documents\Projects\MARS-Summer-Research\data\raw\KolektorSDD2\train\11223.png,C:\Users\james\OneDrive - Lancaster University\Documents\Projects\MARS-Summer-Research\data\raw\KolektorSDD2\train\11223_GT.png
train,train,11224,0,Normal,C:\Users\james\OneDrive - Lancaster University\Documents\Projects\MARS-Summer-Research\data\raw\KolektorSDD2\train\11224.png,C:\Users\james\OneDrive - Lancaster University\Documents\Projects\MARS-Summer-Research\data\raw\KolektorSDD2\train\11224_GT.png
train,train,11225,0,Normal,C:\Users\james\OneDrive - Lancaster University\Documents\Projects\MARS-Summer-Research\data\raw\KolektorSDD2\train\11225.png,C:\Users\james\OneDrive - Lancaster University\Documents\Projects\MARS-Summer-Research\data\raw\KolektorSDD2\train\11225_GT.png
train,train,11226,0,Normal,C:\Users\james\OneDrive - Lancaster University\Documents\Projects\MARS-Summer-Research\data\raw\KolektorSDD2\train\11226.png,C:\Users\james\OneDrive - Lancaster University\Documents\Projects\MARS-Summer-Research\data\raw\KolektorSDD2\train\11226_GT.png
train,train,11227,0,Normal,C:\Users\james\OneDrive - Lancaster University\Documents\Projects\MARS-Summer-Research\data\raw\KolektorSDD2\train\11227.png,C:\Users\james\OneDrive - Lancaster University\Documents\Projects\MARS-Summer-Research\data\raw\KolektorSDD2\train\11227_GT.png
train,train,11228,1,Defective,C:\Users\james\OneDrive - Lancaster University\Documents\Projects\MARS-Summer-Research\data\raw\KolektorSDD2\train\11228.png,C:\Users\james\OneDrive - Lancaster University\Documents\Projects\MARS-Summer-Research\data\raw\KolektorSDD2\train\11228_GT.png
train,train,11229,0,Normal,C:\Users\james\OneDrive - Lancaster University\Documents\Projects\MARS-Summer-Research\data\raw\KolektorSDD2\train\11229.png,C:\Users\james\OneDrive - Lancaster University\Documents\Projects\MARS-Summer-Research\data\raw\KolektorSDD2\train\11229_GT.png
train,train,11230,1,Defective,C:\Users\james\OneDrive - Lancaster University\Documents\Projects\MARS-Summer-Research\data\raw\KolektorSDD2\train\11230.png,C:\Users\james\OneDrive - Lancaster University\Documents\Projects\MARS-Summer-Research\data\raw\KolektorSDD2\train\11230_GT.png
train,train,11232,0,Normal,C:\Users\james\OneDrive - Lancaster University\Documents\Projects\MARS-Summer-Research\data\raw\KolektorSDD2\train\11232.png,C:\Users\james\OneDrive - Lancaster University\Documents\Projects\MARS-Summer-Research\data\raw\KolektorSDD2\train\11232_GT.png
train,train,11233,0,Normal,C:\Users\james\OneDrive - Lancaster University\Documents\Projects\MARS-Summer-Research\data\raw\KolektorSDD2\train\11233.png,C:\Users\james\OneDrive - Lancaster University\Documents\Projects\MARS-Summer-Research\data\raw\KolektorSDD2\train\11233_GT.png
train,train,11234,0,Normal,C:\Users\james\OneDrive - Lancaster University\Documents\Projects\MARS-Summer-Research\data\raw\KolektorSDD2\train\11234.png,C:\Users\james\OneDrive - Lancaster University\Documents\Projects\MARS-Summer-Research\data\raw\KolektorSDD2\train\11234_GT.png
train,train,11235,0,Normal,C:\Users\james\OneDrive - Lancaster University\Documents\Projects\MARS-Summer-Research\data\raw\KolektorSDD2\train\11235.png,C:\Users\james\OneDrive - Lancaster University\Documents\Projects\MARS-Summer-Research\data\raw\KolektorSDD2\train\11235_GT.png
train,train,11237,0,Normal,C:\Users\james\OneDrive - Lancaster University\Documents\Projects\MARS-Summer-Research\data\raw\KolektorSDD2\train\11237.png,C:\Users\james\OneDrive - Lancaster University\Documents\Projects\MARS-Summer-Research\data\raw\KolektorSDD2\train\11237_GT.png
train,train,11238,0,Normal,C:\Users\james\OneDrive - Lancaster University\Documents\Projects\MARS-Summer-Research\data\raw\KolektorSDD2\train\11238.png,C:\Users\james\OneDrive - Lancaster University\Documents\Projects\MARS-Summer-Research\data\raw\KolektorSDD2\train\11238_GT.png
train,train,11239,0,Normal,C:\Users\james\OneDrive - Lancaster University\Documents\Projects\MARS-Summer-Research\data\raw\KolektorSDD2\train\11239.png,C:\Users\james\OneDrive - Lancaster University\Documents\Projects\MARS-Summer-Research\data\raw\KolektorSDD2\train\11239_GT.png
train,train,11240,0,Normal,C:\Users\james\OneDrive - Lancaster University\Documents\Projects\MARS-Summer-Research\data\raw\KolektorSDD2\train\11240.png,C:\Users\james\OneDrive - Lancaster University\Documents\Projects\MARS-Summer-Research\data\raw\KolektorSDD2\train\11240_GT.png
train,train,11241,0,Normal,C:\Users\james\OneDrive - Lancaster University\Documents\Projects\MARS-Summer-Research\data\raw\KolektorSDD2\train\11241.png,C:\Users\james\OneDrive - Lancaster University\Documents\Projects\MARS-Summer-Research\data\raw\KolektorSDD2\train\11241_GT.png
train,train,11242,1,Defective,C:\Users\james\OneDrive - Lancaster University\Documents\Projects\MARS-Summer-Research\data\raw\KolektorSDD2\train\11242.png,C:\Users\james\OneDrive - Lancaster University\Documents\Projects\MARS-Summer-Research\data\raw\KolektorSDD2\train\11242_GT.png
train,train,11243,0,Normal,C:\Users\james\OneDrive - Lancaster University\Documents\Projects\MARS-Summer-Research\data\raw\KolektorSDD2\train\11243.png,C:\Users\james\OneDrive - Lancaster University\Documents\Projects\MARS-Summer-Research\data\raw\KolektorSDD2\train\11243_GT.png
train,train,11244,0,Normal,C:\Users\james\OneDrive - Lancaster University\Documents\Projects\MARS-Summer-Research\data\raw\KolektorSDD2\train\11244.png,C:\Users\james\OneDrive - Lancaster University\Documents\Projects\MARS-Summer-Research\data\raw\KolektorSDD2\train\11244_GT.png
train,train,11245,0,Normal,C:\Users\james\OneDrive - Lancaster University\Documents\Projects\MARS-Summer-Research\data\raw\KolektorSDD2\train\11245.png,C:\Users\james\OneDrive - Lancaster University\Documents\Projects\MARS-Summer-Research\data\raw\KolektorSDD2\train\11245_GT.png
train,train,11246,0,Normal,C:\Users\james\OneDrive - Lancaster University\Documents\Projects\MARS-Summer-Research\data\raw\KolektorSDD2\train\11246.png,C:\Users\james\OneDrive - Lancaster University\Documents\Projects\MARS-Summer-Research\data\raw\KolektorSDD2\train\11246_GT.png
train,train,11247,0,Normal,C:\Users\james\OneDrive - Lancaster University\Documents\Projects\MARS-Summer-Research\data\raw\KolektorSDD2\train\11247.png,C:\Users\james\OneDrive - Lancaster University\Documents\Projects\MARS-Summer-Research\data\raw\KolektorSDD2\train\11247_GT.png
train,train,11248,0,Normal,C:\Users\james\OneDrive - Lancaster University\Documents\Projects\MARS-Summer-Research\data\raw\KolektorSDD2\train\11248.png,C:\Users\james\OneDrive - Lancaster University\Documents\Projects\MARS-Summer-Research\data\raw\KolektorSDD2\train\11248_GT.png
train,train,11249,0,Normal,C:\Users\james\OneDrive - Lancaster University\Documents\Projects\MARS-Summer-Research\data\raw\KolektorSDD2\train\11249.png,C:\Users\james\OneDrive - Lancaster University\Documents\Projects\MARS-Summer-Research\data\raw\KolektorSDD2\train\11249_GT.png
train,train,11252,0,Normal,C:\Users\james\OneDrive - Lancaster University\Documents\Projects\MARS-Summer-Research\data\raw\KolektorSDD2\train\11252.png,C:\Users\james\OneDrive - Lancaster University\Documents\Projects\MARS-Summer-Research\data\raw\KolektorSDD2\train\11252_GT.png
train,train,11253,0,Normal,C:\Users\james\OneDrive - Lancaster University\Documents\Projects\MARS-Summer-Research\data\raw\KolektorSDD2\train\11253.png,C:\Users\james\OneDrive - Lancaster University\Documents\Projects\MARS-Summer-Research\data\raw\KolektorSDD2\train\11253_GT.png
train,train,11254,0,Normal,C:\Users\james\OneDrive - Lancaster University\Documents\Projects\MARS-Summer-Research\data\raw\KolektorSDD2\train\11254.png,C:\Users\james\OneDrive - Lancaster University\Documents\Projects\MARS-Summer-Research\data\raw\KolektorSDD2\train\11254_GT.png
train,train,11255,0,Normal,C:\Users\james\OneDrive - Lancaster University\Documents\Projects\MARS-Summer-Research\data\raw\KolektorSDD2\train\11255.png,C:\Users\james\OneDrive - Lancaster University\Documents\Projects\MARS-Summer-Research\data\raw\KolektorSDD2\train\11255_GT.png
train,train,11256,0,Normal,C:\Users\james\OneDrive - Lancaster University\Documents\Projects\MARS-Summer-Research\data\raw\KolektorSDD2\train\11256.png,C:\Users\james\OneDrive - Lancaster University\Documents\Projects\MARS-Summer-Research\data\raw\KolektorSDD2\train\11256_GT.png
train,train,11257,0,Normal,C:\Users\james\OneDrive - Lancaster University\Documents\Projects\MARS-Summer-Research\data\raw\KolektorSDD2\train\11257.png,C:\Users\james\OneDrive - Lancaster University\Documents\Projects\MARS-Summer-Research\data\raw\KolektorSDD2\train\11257_GT.png
train,train,11258,1,Defective,C:\Users\james\OneDrive - Lancaster University\Documents\Projects\MARS-Summer-Research\data\raw\KolektorSDD2\train\11258.png,C:\Users\james\OneDrive - Lancaster University\Documents\Projects\MARS-Summer-Research\data\raw\KolektorSDD2\train\11258_GT.png
train,train,11261,0,Normal,C:\Users\james\OneDrive - Lancaster University\Documents\Projects\MARS-Summer-Research\data\raw\KolektorSDD2\train\11261.png,C:\Users\james\OneDrive - Lancaster University\Documents\Projects\MARS-Summer-Research\data\raw\KolektorSDD2\train\11261_GT.png
train,train,11262,0,Normal,C:\Users\james\OneDrive - Lancaster University\Documents\Projects\MARS-Summer-Research\data\raw\KolektorSDD2\train\11262.png,C:\Users\james\OneDrive - Lancaster University\Documents\Projects\MARS-Summer-Research\data\raw\KolektorSDD2\train\11262_GT.png
train,train,11263,0,Normal,C:\Users\james\OneDrive - Lancaster University\Documents\Projects\MARS-Summer-Research\data\raw\KolektorSDD2\train\11263.png,C:\Users\james\OneDrive - Lancaster University\Documents\Projects\MARS-Summer-Research\data\raw\KolektorSDD2\train\11263_GT.png
train,train,11264,0,Normal,C:\Users\james\OneDrive - Lancaster University\Documents\Projects\MARS-Summer-Research\data\raw\KolektorSDD2\train\11264.png,C:\Users\james\OneDrive - Lancaster University\Documents\Projects\MARS-Summer-Research\data\raw\KolektorSDD2\train\11264_GT.png
train,train,11267,0,Normal,C:\Users\james\OneDrive - Lancaster University\Documents\Projects\MARS-Summer-Research\data\raw\KolektorSDD2\train\11267.png,C:\Users\james\OneDrive - Lancaster University\Documents\Projects\MARS-Summer-Research\data\raw\KolektorSDD2\train\11267_GT.png
train,train,11268,0,Normal,C:\Users\james\OneDrive - Lancaster University\Documents\Projects\MARS-Summer-Research\data\raw\KolektorSDD2\train\11268.png,C:\Users\james\OneDrive - Lancaster University\Documents\Projects\MARS-Summer-Research\data\raw\KolektorSDD2\train\11268_GT.png
train,train,11269,1,Defective,C:\Users\james\OneDrive - Lancaster University\Documents\Projects\MARS-Summer-Research\data\raw\KolektorSDD2\train\11269.png,C:\Users\james\OneDrive - Lancaster University\Documents\Projects\MARS-Summer-Research\data\raw\KolektorSDD2\train\11269_GT.png
train,train,11270,0,Normal,C:\Users\james\OneDrive - Lancaster University\Documents\Projects\MARS-Summer-Research\data\raw\KolektorSDD2\train\11270.png,C:\Users\james\OneDrive - Lancaster University\Documents\Projects\MARS-Summer-Research\data\raw\KolektorSDD2\train\11270_GT.png
train,train,11271,0,Normal,C:\Users\james\OneDrive - Lancaster University\Documents\Projects\MARS-Summer-Research\data\raw\KolektorSDD2\train\11271.png,C:\Users\james\OneDrive - Lancaster University\Documents\Projects\MARS-Summer-Research\data\raw\KolektorSDD2\train\11271_GT.png
train,train,11272,0,Normal,C:\Users\james\OneDrive - Lancaster University\Documents\Projects\MARS-Summer-Research\data\raw\KolektorSDD2\train\11272.png,C:\Users\james\OneDrive - Lancaster University\Documents\Projects\MARS-Summer-Research\data\raw\KolektorSDD2\train\11272_GT.png
train,train,11273,0,Normal,C:\Users\james\OneDrive - Lancaster University\Documents\Projects\MARS-Summer-Research\data\raw\KolektorSDD2\train\11273.png,C:\Users\james\OneDrive - Lancaster University\Documents\Projects\MARS-Summer-Research\data\raw\KolektorSDD2\train\11273_GT.png
train,train,11275,0,Normal,C:\Users\james\OneDrive - Lancaster University\Documents\Projects\MARS-Summer-Research\data\raw\KolektorSDD2\train\11275.png,C:\Users\james\OneDrive - Lancaster University\Documents\Projects\MARS-Summer-Research\data\raw\KolektorSDD2\train\11275_GT.png
train,train,11276,0,Normal,C:\Users\james\OneDrive - Lancaster University\Documents\Projects\MARS-Summer-Research\data\raw\KolektorSDD2\train\11276.png,C:\Users\james\OneDrive - Lancaster University\Documents\Projects\MARS-Summer-Research\data\raw\KolektorSDD2\train\11276_GT.png
train,train,11277,0,Normal,C:\Users\james\OneDrive - Lancaster University\Documents\Projects\MARS-Summer-Research\data\raw\KolektorSDD2\train\11277.png,C:\Users\james\OneDrive - Lancaster University\Documents\Projects\MARS-Summer-Research\data\raw\KolektorSDD2\train\11277_GT.png
train,train,11279,0,Normal,C:\Users\james\OneDrive - Lancaster University\Documents\Projects\MARS-Summer-Research\data\raw\KolektorSDD2\train\11279.png,C:\Users\james\OneDrive - Lancaster University\Documents\Projects\MARS-Summer-Research\data\raw\KolektorSDD2\train\11279_GT.png
train,train,11280,0,Normal,C:\Users\james\OneDrive - Lancaster University\Documents\Projects\MARS-Summer-Research\data\raw\KolektorSDD2\train\11280.png,C:\Users\james\OneDrive - Lancaster University\Documents\Projects\MARS-Summer-Research\data\raw\KolektorSDD2\train\11280_GT.png
train,train,11281,0,Normal,C:\Users\james\OneDrive - Lancaster University\Documents\Projects\MARS-Summer-Research\data\raw\KolektorSDD2\train\11281.png,C:\Users\james\OneDrive - Lancaster University\Documents\Projects\MARS-Summer-Research\data\raw\KolektorSDD2\train\11281_GT.png
train,train,11283,0,Normal,C:\Users\james\OneDrive - Lancaster University\Documents\Projects\MARS-Summer-Research\data\raw\KolektorSDD2\train\11283.png,C:\Users\james\OneDrive - Lancaster University\Documents\Projects\MARS-Summer-Research\data\raw\KolektorSDD2\train\11283_GT.png
train,train,11287,0,Normal,C:\Users\james\OneDrive - Lancaster University\Documents\Projects\MARS-Summer-Research\data\raw\KolektorSDD2\train\11287.png,C:\Users\james\OneDrive - Lancaster University\Documents\Projects\MARS-Summer-Research\data\raw\KolektorSDD2\train\11287_GT.png
train,train,11288,0,Normal,C:\Users\james\OneDrive - Lancaster University\Documents\Projects\MARS-Summer-Research\data\raw\KolektorSDD2\train\11288.png,C:\Users\james\OneDrive - Lancaster University\Documents\Projects\MARS-Summer-Research\data\raw\KolektorSDD2\train\11288_GT.png
train,train,11289,0,Normal,C:\Users\james\OneDrive - Lancaster University\Documents\Projects\MARS-Summer-Research\data\raw\KolektorSDD2\train\11289.png,C:\Users\james\OneDrive - Lancaster University\Documents\Projects\MARS-Summer-Research\data\raw\KolektorSDD2\train\11289_GT.png
train,train,11291,0,Normal,C:\Users\james\OneDrive - Lancaster University\Documents\Projects\MARS-Summer-Research\data\raw\KolektorSDD2\train\11291.png,C:\Users\james\OneDrive - Lancaster University\Documents\Projects\MARS-Summer-Research\data\raw\KolektorSDD2\train\11291_GT.png
train,train,11292,0,Normal,C:\Users\james\OneDrive - Lancaster University\Documents\Projects\MARS-Summer-Research\data\raw\KolektorSDD2\train\11292.png,C:\Users\james\OneDrive - Lancaster University\Documents\Projects\MARS-Summer-Research\data\raw\KolektorSDD2\train\11292_GT.png
train,train,11293,0,Normal,C:\Users\james\OneDrive - Lancaster University\Documents\Projects\MARS-Summer-Research\data\raw\KolektorSDD2\train\11293.png,C:\Users\james\OneDrive - Lancaster University\Documents\Projects\MARS-Summer-Research\data\raw\KolektorSDD2\train\11293_GT.png
train,train,11295,0,Normal,C:\Users\james\OneDrive - Lancaster University\Documents\Projects\MARS-Summer-Research\data\raw\KolektorSDD2\train\11295.png,C:\Users\james\OneDrive - Lancaster University\Documents\Projects\MARS-Summer-Research\data\raw\KolektorSDD2\train\11295_GT.png
train,train,11296,0,Normal,C:\Users\james\OneDrive - Lancaster University\Documents\Projects\MARS-Summer-Research\data\raw\KolektorSDD2\train\11296.png,C:\Users\james\OneDrive - Lancaster University\Documents\Projects\MARS-Summer-Research\data\raw\KolektorSDD2\train\11296_GT.png
train,train,11297,0,Normal,C:\Users\james\OneDrive - Lancaster University\Documents\Projects\MARS-Summer-Research\data\raw\KolektorSDD2\train\11297.png,C:\Users\james\OneDrive - Lancaster University\Documents\Projects\MARS-Summer-Research\data\raw\KolektorSDD2\train\11297_GT.png
train,train,11298,0,Normal,C:\Users\james\OneDrive - Lancaster University\Documents\Projects\MARS-Summer-Research\data\raw\KolektorSDD2\train\11298.png,C:\Users\james\OneDrive - Lancaster University\Documents\Projects\MARS-Summer-Research\data\raw\KolektorSDD2\train\11298_GT.png
train,train,11299,1,Defective,C:\Users\james\OneDrive - Lancaster University\Documents\Projects\MARS-Summer-Research\data\raw\KolektorSDD2\train\11299.png,C:\Users\james\OneDrive - Lancaster University\Documents\Projects\MARS-Summer-Research\data\raw\KolektorSDD2\train\11299_GT.png
train,train,11300,0,Normal,C:\Users\james\OneDrive - Lancaster University\Documents\Projects\MARS-Summer-Research\data\raw\KolektorSDD2\train\11300.png,C:\Users\james\OneDrive - Lancaster University\Documents\Projects\MARS-Summer-Research\data\raw\KolektorSDD2\train\11300_GT.png
train,train,11301,0,Normal,C:\Users\james\OneDrive - Lancaster University\Documents\Projects\MARS-Summer-Research\data\raw\KolektorSDD2\train\11301.png,C:\Users\james\OneDrive - Lancaster University\Documents\Projects\MARS-Summer-Research\data\raw\KolektorSDD2\train\11301_GT.png
train,train,11302,0,Normal,C:\Users\james\OneDrive - Lancaster University\Documents\Projects\MARS-Summer-Research\data\raw\KolektorSDD2\train\11302.png,C:\Users\james\OneDrive - Lancaster University\Documents\Projects\MARS-Summer-Research\data\raw\KolektorSDD2\train\11302_GT.png
train,train,11303,0,Normal,C:\Users\james\OneDrive - Lancaster University\Documents\Projects\MARS-Summer-Research\data\raw\KolektorSDD2\train\11303.png,C:\Users\james\OneDrive - Lancaster University\Documents\Projects\MARS-Summer-Research\data\raw\KolektorSDD2\train\11303_GT.png
train,train,11305,0,Normal,C:\Users\james\OneDrive - Lancaster University\Documents\Projects\MARS-Summer-Research\data\raw\KolektorSDD2\train\11305.png,C:\Users\james\OneDrive - Lancaster University\Documents\Projects\MARS-Summer-Research\data\raw\KolektorSDD2\train\11305_GT.png
train,train,11306,0,Normal,C:\Users\james\OneDrive - Lancaster University\Documents\Projects\MARS-Summer-Research\data\raw\KolektorSDD2\train\11306.png,C:\Users\james\OneDrive - Lancaster University\Documents\Projects\MARS-Summer-Research\data\raw\KolektorSDD2\train\11306_GT.png
train,train,11307,0,Normal,C:\Users\james\OneDrive - Lancaster University\Documents\Projects\MARS-Summer-Research\data\raw\KolektorSDD2\train\11307.png,C:\Users\james\OneDrive - Lancaster University\Documents\Projects\MARS-Summer-Research\data\raw\KolektorSDD2\train\11307_GT.png
train,train,11308,0,Normal,C:\Users\james\OneDrive - Lancaster University\Documents\Projects\MARS-Summer-Research\data\raw\KolektorSDD2\train\11308.png,C:\Users\james\OneDrive - Lancaster University\Documents\Projects\MARS-Summer-Research\data\raw\KolektorSDD2\train\11308_GT.png
train,train,11309,0,Normal,C:\Users\james\OneDrive - Lancaster University\Documents\Projects\MARS-Summer-Research\data\raw\KolektorSDD2\train\11309.png,C:\Users\james\OneDrive - Lancaster University\Documents\Projects\MARS-Summer-Research\data\raw\KolektorSDD2\train\11309_GT.png
train,train,11310,0,Normal,C:\Users\james\OneDrive - Lancaster University\Documents\Projects\MARS-Summer-Research\data\raw\KolektorSDD2\train\11310.png,C:\Users\james\OneDrive - Lancaster University\Documents\Projects\MARS-Summer-Research\data\raw\KolektorSDD2\train\11310_GT.png
train,train,11311,0,Normal,C:\Users\james\OneDrive - Lancaster University\Documents\Projects\MARS-Summer-Research\data\raw\KolektorSDD2\train\11311.png,C:\Users\james\OneDrive - Lancaster University\Documents\Projects\MARS-Summer-Research\data\raw\KolektorSDD2\train\11311_GT.png
train,train,11312,0,Normal,C:\Users\james\OneDrive - Lancaster University\Documents\Projects\MARS-Summer-Research\data\raw\KolektorSDD2\train\11312.png,C:\Users\james\OneDrive - Lancaster University\Documents\Projects\MARS-Summer-Research\data\raw\KolektorSDD2\train\11312_GT.png
train,train,11314,0,Normal,C:\Users\james\OneDrive - Lancaster University\Documents\Projects\MARS-Summer-Research\data\raw\KolektorSDD2\train\11314.png,C:\Users\james\OneDrive - Lancaster University\Documents\Projects\MARS-Summer-Research\data\raw\KolektorSDD2\train\11314_GT.png
train,train,11315,1,Defective,C:\Users\james\OneDrive - Lancaster University\Documents\Projects\MARS-Summer-Research\data\raw\KolektorSDD2\train\11315.png,C:\Users\james\OneDrive - Lancaster University\Documents\Projects\MARS-Summer-Research\data\raw\KolektorSDD2\train\11315_GT.png
train,train,11316,0,Normal,C:\Users\james\OneDrive - Lancaster University\Documents\Projects\MARS-Summer-Research\data\raw\KolektorSDD2\train\11316.png,C:\Users\james\OneDrive - Lancaster University\Documents\Projects\MARS-Summer-Research\data\raw\KolektorSDD2\train\11316_GT.png
train,train,11319,0,Normal,C:\Users\james\OneDrive - Lancaster University\Documents\Projects\MARS-Summer-Research\data\raw\KolektorSDD2\train\11319.png,C:\Users\james\OneDrive - Lancaster University\Documents\Projects\MARS-Summer-Research\data\raw\KolektorSDD2\train\11319_GT.png
train,train,11321,0,Normal,C:\Users\james\OneDrive - Lancaster University\Documents\Projects\MARS-Summer-Research\data\raw\KolektorSDD2\train\11321.png,C:\Users\james\OneDrive - Lancaster University\Documents\Projects\MARS-Summer-Research\data\raw\KolektorSDD2\train\11321_GT.png
train,train,11322,0,Normal,C:\Users\james\OneDrive - Lancaster University\Documents\Projects\MARS-Summer-Research\data\raw\KolektorSDD2\train\11322.png,C:\Users\james\OneDrive - Lancaster University\Documents\Projects\MARS-Summer-Research\data\raw\KolektorSDD2\train\11322_GT.png
train,train,11323,0,Normal,C:\Users\james\OneDrive - Lancaster University\Documents\Projects\MARS-Summer-Research\data\raw\KolektorSDD2\train\11323.png,C:\Users\james\OneDrive - Lancaster University\Documents\Projects\MARS-Summer-Research\data\raw\KolektorSDD2\train\11323_GT.png
train,train,11324,0,Normal,C:\Users\james\OneDrive - Lancaster University\Documents\Projects\MARS-Summer-Research\data\raw\KolektorSDD2\train\11324.png,C:\Users\james\OneDrive - Lancaster University\Documents\Projects\MARS-Summer-Research\data\raw\KolektorSDD2\train\11324_GT.png
train,train,11325,0,Normal,C:\Users\james\OneDrive - Lancaster University\Documents\Projects\MARS-Summer-Research\data\raw\KolektorSDD2\train\11325.png,C:\Users\james\OneDrive - Lancaster University\Documents\Projects\MARS-Summer-Research\data\raw\KolektorSDD2\train\11325_GT.png
train,train,11326,0,Normal,C:\Users\james\OneDrive - Lancaster University\Documents\Projects\MARS-Summer-Research\data\raw\KolektorSDD2\train\11326.png,C:\Users\james\OneDrive - Lancaster University\Documents\Projects\MARS-Summer-Research\data\raw\KolektorSDD2\train\11326_GT.png
train,train,11327,0,Normal,C:\Users\james\OneDrive - Lancaster University\Documents\Projects\MARS-Summer-Research\data\raw\KolektorSDD2\train\11327.png,C:\Users\james\OneDrive - Lancaster University\Documents\Projects\MARS-Summer-Research\data\raw\KolektorSDD2\train\11327_GT.png
train,train,11330,0,Normal,C:\Users\james\OneDrive - Lancaster University\Documents\Projects\MARS-Summer-Research\data\raw\KolektorSDD2\train\11330.png,C:\Users\james\OneDrive - Lancaster University\Documents\Projects\MARS-Summer-Research\data\raw\KolektorSDD2\train\11330_GT.png
train,train,11331,0,Normal,C:\Users\james\OneDrive - Lancaster University\Documents\Projects\MARS-Summer-Research\data\raw\KolektorSDD2\train\11331.png,C:\Users\james\OneDrive - Lancaster University\Documents\Projects\MARS-Summer-Research\data\raw\KolektorSDD2\train\11331_GT.png
train,train,11332,0,Normal,C:\Users\james\OneDrive - Lancaster University\Documents\Projects\MARS-Summer-Research\data\raw\KolektorSDD2\train\11332.png,C:\Users\james\OneDrive - Lancaster University\Documents\Projects\MARS-Summer-Research\data\raw\KolektorSDD2\train\11332_GT.png
train,train,11333,0,Normal,C:\Users\james\OneDrive - Lancaster University\Documents\Projects\MARS-Summer-Research\data\raw\KolektorSDD2\train\11333.png,C:\Users\james\OneDrive - Lancaster University\Documents\Projects\MARS-Summer-Research\data\raw\KolektorSDD2\train\11333_GT.png
train,train,11334,0,Normal,C:\Users\james\OneDrive - Lancaster University\Documents\Projects\MARS-Summer-Research\data\raw\KolektorSDD2\train\11334.png,C:\Users\james\OneDrive - Lancaster University\Documents\Projects\MARS-Summer-Research\data\raw\KolektorSDD2\train\11334_GT.png
train,train,11335,0,Normal,C:\Users\james\OneDrive - Lancaster University\Documents\Projects\MARS-Summer-Research\data\raw\KolektorSDD2\train\11335.png,C:\Users\james\OneDrive - Lancaster University\Documents\Projects\MARS-Summer-Research\data\raw\KolektorSDD2\train\11335_GT.png
train,train,11336,0,Normal,C:\Users\james\OneDrive - Lancaster University\Documents\Projects\MARS-Summer-Research\data\raw\KolektorSDD2\train\11336.png,C:\Users\james\OneDrive - Lancaster University\Documents\Projects\MARS-Summer-Research\data\raw\KolektorSDD2\train\11336_GT.png
train,train,11337,0,Normal,C:\Users\james\OneDrive - Lancaster University\Documents\Projects\MARS-Summer-Research\data\raw\KolektorSDD2\train\11337.png,C:\Users\james\OneDrive - Lancaster University\Documents\Projects\MARS-Summer-Research\data\raw\KolektorSDD2\train\11337_GT.png
train,train,11338,0,Normal,C:\Users\james\OneDrive - Lancaster University\Documents\Projects\MARS-Summer-Research\data\raw\KolektorSDD2\train\11338.png,C:\Users\james\OneDrive - Lancaster University\Documents\Projects\MARS-Summer-Research\data\raw\KolektorSDD2\train\11338_GT.png
train,train,11339,1,Defective,C:\Users\james\OneDrive - Lancaster University\Documents\Projects\MARS-Summer-Research\data\raw\KolektorSDD2\train\11339.png,C:\Users\james\OneDrive - Lancaster University\Documents\Projects\MARS-Summer-Research\data\raw\KolektorSDD2\train\11339_GT.png
train,train,11340,0,Normal,C:\Users\james\OneDrive - Lancaster University\Documents\Projects\MARS-Summer-Research\data\raw\KolektorSDD2\train\11340.png,C:\Users\james\OneDrive - Lancaster University\Documents\Projects\MARS-Summer-Research\data\raw\KolektorSDD2\train\11340_GT.png
train,train,11341,0,Normal,C:\Users\james\OneDrive - Lancaster University\Documents\Projects\MARS-Summer-Research\data\raw\KolektorSDD2\train\11341.png,C:\Users\james\OneDrive - Lancaster University\Documents\Projects\MARS-Summer-Research\data\raw\KolektorSDD2\train\11341_GT.png
train,train,11343,0,Normal,C:\Users\james\OneDrive - Lancaster University\Documents\Projects\MARS-Summer-Research\data\raw\KolektorSDD2\train\11343.png,C:\Users\james\OneDrive - Lancaster University\Documents\Projects\MARS-Summer-Research\data\raw\KolektorSDD2\train\11343_GT.png
train,train,11344,0,Normal,C:\Users\james\OneDrive - Lancaster University\Documents\Projects\MARS-Summer-Research\data\raw\KolektorSDD2\train\11344.png,C:\Users\james\OneDrive - Lancaster University\Documents\Projects\MARS-Summer-Research\data\raw\KolektorSDD2\train\11344_GT.png
train,train,11345,0,Normal,C:\Users\james\OneDrive - Lancaster University\Documents\Projects\MARS-Summer-Research\data\raw\KolektorSDD2\train\11345.png,C:\Users\james\OneDrive - Lancaster University\Documents\Projects\MARS-Summer-Research\data\raw\KolektorSDD2\train\11345_GT.png
train,train,11346,0,Normal,C:\Users\james\OneDrive - Lancaster University\Documents\Projects\MARS-Summer-Research\data\raw\KolektorSDD2\train\11346.png,C:\Users\james\OneDrive - Lancaster University\Documents\Projects\MARS-Summer-Research\data\raw\KolektorSDD2\train\11346_GT.png
train,train,11347,0,Normal,C:\Users\james\OneDrive - Lancaster University\Documents\Projects\MARS-Summer-Research\data\raw\KolektorSDD2\train\11347.png,C:\Users\james\OneDrive - Lancaster University\Documents\Projects\MARS-Summer-Research\data\raw\KolektorSDD2\train\11347_GT.png
train,train,11348,0,Normal,C:\Users\james\OneDrive - Lancaster University\Documents\Projects\MARS-Summer-Research\data\raw\KolektorSDD2\train\11348.png,C:\Users\james\OneDrive - Lancaster University\Documents\Projects\MARS-Summer-Research\data\raw\KolektorSDD2\train\11348_GT.png
train,train,11349,0,Normal,C:\Users\james\OneDrive - Lancaster University\Documents\Projects\MARS-Summer-Research\data\raw\KolektorSDD2\train\11349.png,C:\Users\james\OneDrive - Lancaster University\Documents\Projects\MARS-Summer-Research\data\raw\KolektorSDD2\train\11349_GT.png
train,train,11350,1,Defective,C:\Users\james\OneDrive - Lancaster University\Documents\Projects\MARS-Summer-Research\data\raw\KolektorSDD2\train\11350.png,C:\Users\james\OneDrive - Lancaster University\Documents\Projects\MARS-Summer-Research\data\raw\KolektorSDD2\train\11350_GT.png
train,train,11351,1,Defective,C:\Users\james\OneDrive - Lancaster University\Documents\Projects\MARS-Summer-Research\data\raw\KolektorSDD2\train\11351.png,C:\Users\james\OneDrive - Lancaster University\Documents\Projects\MARS-Summer-Research\data\raw\KolektorSDD2\train\11351_GT.png
train,train,11353,0,Normal,C:\Users\james\OneDrive - Lancaster University\Documents\Projects\MARS-Summer-Research\data\raw\KolektorSDD2\train\11353.png,C:\Users\james\OneDrive - Lancaster University\Documents\Projects\MARS-Summer-Research\data\raw\KolektorSDD2\train\11353_GT.png
train,train,11354,0,Normal,C:\Users\james\OneDrive - Lancaster University\Documents\Projects\MARS-Summer-Research\data\raw\KolektorSDD2\train\11354.png,C:\Users\james\OneDrive - Lancaster University\Documents\Projects\MARS-Summer-Research\data\raw\KolektorSDD2\train\11354_GT.png
train,train,11356,0,Normal,C:\Users\james\OneDrive - Lancaster University\Documents\Projects\MARS-Summer-Research\data\raw\KolektorSDD2\train\11356.png,C:\Users\james\OneDrive - Lancaster University\Documents\Projects\MARS-Summer-Research\data\raw\KolektorSDD2\train\11356_GT.png
train,train,11357,0,Normal,C:\Users\james\OneDrive - Lancaster University\Documents\Projects\MARS-Summer-Research\data\raw\KolektorSDD2\train\11357.png,C:\Users\james\OneDrive - Lancaster University\Documents\Projects\MARS-Summer-Research\data\raw\KolektorSDD2\train\11357_GT.png
train,train,11358,0,Normal,C:\Users\james\OneDrive - Lancaster University\Documents\Projects\MARS-Summer-Research\data\raw\KolektorSDD2\train\11358.png,C:\Users\james\OneDrive - Lancaster University\Documents\Projects\MARS-Summer-Research\data\raw\KolektorSDD2\train\11358_GT.png
train,train,11359,0,Normal,C:\Users\james\OneDrive - Lancaster University\Documents\Projects\MARS-Summer-Research\data\raw\KolektorSDD2\train\11359.png,C:\Users\james\OneDrive - Lancaster University\Documents\Projects\MARS-Summer-Research\data\raw\KolektorSDD2\train\11359_GT.png
train,train,11360,1,Defective,C:\Users\james\OneDrive - Lancaster University\Documents\Projects\MARS-Summer-Research\data\raw\KolektorSDD2\train\11360.png,C:\Users\james\OneDrive - Lancaster University\Documents\Projects\MARS-Summer-Research\data\raw\KolektorSDD2\train\11360_GT.png
train,train,11361,0,Normal,C:\Users\james\OneDrive - Lancaster University\Documents\Projects\MARS-Summer-Research\data\raw\KolektorSDD2\train\11361.png,C:\Users\james\OneDrive - Lancaster University\Documents\Projects\MARS-Summer-Research\data\raw\KolektorSDD2\train\11361_GT.png
train,train,11363,1,Defective,C:\Users\james\OneDrive - Lancaster University\Documents\Projects\MARS-Summer-Research\data\raw\KolektorSDD2\train\11363.png,C:\Users\james\OneDrive - Lancaster University\Documents\Projects\MARS-Summer-Research\data\raw\KolektorSDD2\train\11363_GT.png
train,train,11364,1,Defective,C:\Users\james\OneDrive - Lancaster University\Documents\Projects\MARS-Summer-Research\data\raw\KolektorSDD2\train\11364.png,C:\Users\james\OneDrive - Lancaster University\Documents\Projects\MARS-Summer-Research\data\raw\KolektorSDD2\train\11364_GT.png
train,train,11365,0,Normal,C:\Users\james\OneDrive - Lancaster University\Documents\Projects\MARS-Summer-Research\data\raw\KolektorSDD2\train\11365.png,C:\Users\james\OneDrive - Lancaster University\Documents\Projects\MARS-Summer-Research\data\raw\KolektorSDD2\train\11365_GT.png
train,train,11366,0,Normal,C:\Users\james\OneDrive - Lancaster University\Documents\Projects\MARS-Summer-Research\data\raw\KolektorSDD2\train\11366.png,C:\Users\james\OneDrive - Lancaster University\Documents\Projects\MARS-Summer-Research\data\raw\KolektorSDD2\train\11366_GT.png
train,train,11367,0,Normal,C:\Users\james\OneDrive - Lancaster University\Documents\Projects\MARS-Summer-Research\data\raw\KolektorSDD2\train\11367.png,C:\Users\james\OneDrive - Lancaster University\Documents\Projects\MARS-Summer-Research\data\raw\KolektorSDD2\train\11367_GT.png
train,train,11368,0,Normal,C:\Users\james\OneDrive - Lancaster University\Documents\Projects\MARS-Summer-Research\data\raw\KolektorSDD2\train\11368.png,C:\Users\james\OneDrive - Lancaster University\Documents\Projects\MARS-Summer-Research\data\raw\KolektorSDD2\train\11368_GT.png
train,train,11369,0,Normal,C:\Users\james\OneDrive - Lancaster University\Documents\Projects\MARS-Summer-Research\data\raw\KolektorSDD2\train\11369.png,C:\Users\james\OneDrive - Lancaster University\Documents\Projects\MARS-Summer-Research\data\raw\KolektorSDD2\train\11369_GT.png
train,train,11370,0,Normal,C:\Users\james\OneDrive - Lancaster University\Documents\Projects\MARS-Summer-Research\data\raw\KolektorSDD2\train\11370.png,C:\Users\james\OneDrive - Lancaster University\Documents\Projects\MARS-Summer-Research\data\raw\KolektorSDD2\train\11370_GT.png
train,train,11371,0,Normal,C:\Users\james\OneDrive - Lancaster University\Documents\Projects\MARS-Summer-Research\data\raw\KolektorSDD2\train\11371.png,C:\Users\james\OneDrive - Lancaster University\Documents\Projects\MARS-Summer-Research\data\raw\KolektorSDD2\train\11371_GT.png
train,train,11372,0,Normal,C:\Users\james\OneDrive - Lancaster University\Documents\Projects\MARS-Summer-Research\data\raw\KolektorSDD2\train\11372.png,C:\Users\james\OneDrive - Lancaster University\Documents\Projects\MARS-Summer-Research\data\raw\KolektorSDD2\train\11372_GT.png
train,train,11373,0,Normal,C:\Users\james\OneDrive - Lancaster University\Documents\Projects\MARS-Summer-Research\data\raw\KolektorSDD2\train\11373.png,C:\Users\james\OneDrive - Lancaster University\Documents\Projects\MARS-Summer-Research\data\raw\KolektorSDD2\train\11373_GT.png
train,train,11374,0,Normal,C:\Users\james\OneDrive - Lancaster University\Documents\Projects\MARS-Summer-Research\data\raw\KolektorSDD2\train\11374.png,C:\Users\james\OneDrive - Lancaster University\Documents\Projects\MARS-Summer-Research\data\raw\KolektorSDD2\train\11374_GT.png
train,train,11375,0,Normal,C:\Users\james\OneDrive - Lancaster University\Documents\Projects\MARS-Summer-Research\data\raw\KolektorSDD2\train\11375.png,C:\Users\james\OneDrive - Lancaster University\Documents\Projects\MARS-Summer-Research\data\raw\KolektorSDD2\train\11375_GT.png
train,train,11376,0,Normal,C:\Users\james\OneDrive - Lancaster University\Documents\Projects\MARS-Summer-Research\data\raw\KolektorSDD2\train\11376.png,C:\Users\james\OneDrive - Lancaster University\Documents\Projects\MARS-Summer-Research\data\raw\KolektorSDD2\train\11376_GT.png
train,train,11377,0,Normal,C:\Users\james\OneDrive - Lancaster University\Documents\Projects\MARS-Summer-Research\data\raw\KolektorSDD2\train\11377.png,C:\Users\james\OneDrive - Lancaster University\Documents\Projects\MARS-Summer-Research\data\raw\KolektorSDD2\train\11377_GT.png
train,train,11379,0,Normal,C:\Users\james\OneDrive - Lancaster University\Documents\Projects\MARS-Summer-Research\data\raw\KolektorSDD2\train\11379.png,C:\Users\james\OneDrive - Lancaster University\Documents\Projects\MARS-Summer-Research\data\raw\KolektorSDD2\train\11379_GT.png
train,train,11380,0,Normal,C:\Users\james\OneDrive - Lancaster University\Documents\Projects\MARS-Summer-Research\data\raw\KolektorSDD2\train\11380.png,C:\Users\james\OneDrive - Lancaster University\Documents\Projects\MARS-Summer-Research\data\raw\KolektorSDD2\train\11380_GT.png
train,train,11382,0,Normal,C:\Users\james\OneDrive - Lancaster University\Documents\Projects\MARS-Summer-Research\data\raw\KolektorSDD2\train\11382.png,C:\Users\james\OneDrive - Lancaster University\Documents\Projects\MARS-Summer-Research\data\raw\KolektorSDD2\train\11382_GT.png
train,train,11384,0,Normal,C:\Users\james\OneDrive - Lancaster University\Documents\Projects\MARS-Summer-Research\data\raw\KolektorSDD2\train\11384.png,C:\Users\james\OneDrive - Lancaster University\Documents\Projects\MARS-Summer-Research\data\raw\KolektorSDD2\train\11384_GT.png
train,train,11385,0,Normal,C:\Users\james\OneDrive - Lancaster University\Documents\Projects\MARS-Summer-Research\data\raw\KolektorSDD2\train\11385.png,C:\Users\james\OneDrive - Lancaster University\Documents\Projects\MARS-Summer-Research\data\raw\KolektorSDD2\train\11385_GT.png
train,train,11387,0,Normal,C:\Users\james\OneDrive - Lancaster University\Documents\Projects\MARS-Summer-Research\data\raw\KolektorSDD2\train\11387.png,C:\Users\james\OneDrive - Lancaster University\Documents\Projects\MARS-Summer-Research\data\raw\KolektorSDD2\train\11387_GT.png
train,train,11389,0,Normal,C:\Users\james\OneDrive - Lancaster University\Documents\Projects\MARS-Summer-Research\data\raw\KolektorSDD2\train\11389.png,C:\Users\james\OneDrive - Lancaster University\Documents\Projects\MARS-Summer-Research\data\raw\KolektorSDD2\train\11389_GT.png
train,train,11391,0,Normal,C:\Users\james\OneDrive - Lancaster University\Documents\Projects\MARS-Summer-Research\data\raw\KolektorSDD2\train\11391.png,C:\Users\james\OneDrive - Lancaster University\Documents\Projects\MARS-Summer-Research\data\raw\KolektorSDD2\train\11391_GT.png
train,train,11393,0,Normal,C:\Users\james\OneDrive - Lancaster University\Documents\Projects\MARS-Summer-Research\data\raw\KolektorSDD2\train\11393.png,C:\Users\james\OneDrive - Lancaster University\Documents\Projects\MARS-Summer-Research\data\raw\KolektorSDD2\train\11393_GT.png
train,train,11394,0,Normal,C:\Users\james\OneDrive - Lancaster University\Documents\Projects\MARS-Summer-Research\data\raw\KolektorSDD2\train\11394.png,C:\Users\james\OneDrive - Lancaster University\Documents\Projects\MARS-Summer-Research\data\raw\KolektorSDD2\train\11394_GT.png
train,train,11395,0,Normal,C:\Users\james\OneDrive - Lancaster University\Documents\Projects\MARS-Summer-Research\data\raw\KolektorSDD2\train\11395.png,C:\Users\james\OneDrive - Lancaster University\Documents\Projects\MARS-Summer-Research\data\raw\KolektorSDD2\train\11395_GT.png
train,train,11397,0,Normal,C:\Users\james\OneDrive - Lancaster University\Documents\Projects\MARS-Summer-Research\data\raw\KolektorSDD2\train\11397.png,C:\Users\james\OneDrive - Lancaster University\Documents\Projects\MARS-Summer-Research\data\raw\KolektorSDD2\train\11397_GT.png
train,train,11398,1,Defective,C:\Users\james\OneDrive - Lancaster University\Documents\Projects\MARS-Summer-Research\data\raw\KolektorSDD2\train\11398.png,C:\Users\james\OneDrive - Lancaster University\Documents\Projects\MARS-Summer-Research\data\raw\KolektorSDD2\train\11398_GT.png
train,train,11401,0,Normal,C:\Users\james\OneDrive - Lancaster University\Documents\Projects\MARS-Summer-Research\data\raw\KolektorSDD2\train\11401.png,C:\Users\james\OneDrive - Lancaster University\Documents\Projects\MARS-Summer-Research\data\raw\KolektorSDD2\train\11401_GT.png
train,train,11402,0,Normal,C:\Users\james\OneDrive - Lancaster University\Documents\Projects\MARS-Summer-Research\data\raw\KolektorSDD2\train\11402.png,C:\Users\james\OneDrive - Lancaster University\Documents\Projects\MARS-Summer-Research\data\raw\KolektorSDD2\train\11402_GT.png
train,train,11403,0,Normal,C:\Users\james\OneDrive - Lancaster University\Documents\Projects\MARS-Summer-Research\data\raw\KolektorSDD2\train\11403.png,C:\Users\james\OneDrive - Lancaster University\Documents\Projects\MARS-Summer-Research\data\raw\KolektorSDD2\train\11403_GT.png
train,train,11404,1,Defective,C:\Users\james\OneDrive - Lancaster University\Documents\Projects\MARS-Summer-Research\data\raw\KolektorSDD2\train\11404.png,C:\Users\james\OneDrive - Lancaster University\Documents\Projects\MARS-Summer-Research\data\raw\KolektorSDD2\train\11404_GT.png
train,train,11405,0,Normal,C:\Users\james\OneDrive - Lancaster University\Documents\Projects\MARS-Summer-Research\data\raw\KolektorSDD2\train\11405.png,C:\Users\james\OneDrive - Lancaster University\Documents\Projects\MARS-Summer-Research\data\raw\KolektorSDD2\train\11405_GT.png
train,train,11406,0,Normal,C:\Users\james\OneDrive - Lancaster University\Documents\Projects\MARS-Summer-Research\data\raw\KolektorSDD2\train\11406.png,C:\Users\james\OneDrive - Lancaster University\Documents\Projects\MARS-Summer-Research\data\raw\KolektorSDD2\train\11406_GT.png
train,train,11407,0,Normal,C:\Users\james\OneDrive - Lancaster University\Documents\Projects\MARS-Summer-Research\data\raw\KolektorSDD2\train\11407.png,C:\Users\james\OneDrive - Lancaster University\Documents\Projects\MARS-Summer-Research\data\raw\KolektorSDD2\train\11407_GT.png
train,train,11409,0,Normal,C:\Users\james\OneDrive - Lancaster University\Documents\Projects\MARS-Summer-Research\data\raw\KolektorSDD2\train\11409.png,C:\Users\james\OneDrive - Lancaster University\Documents\Projects\MARS-Summer-Research\data\raw\KolektorSDD2\train\11409_GT.png
train,train,11412,0,Normal,C:\Users\james\OneDrive - Lancaster University\Documents\Projects\MARS-Summer-Research\data\raw\KolektorSDD2\train\11412.png,C:\Users\james\OneDrive - Lancaster University\Documents\Projects\MARS-Summer-Research\data\raw\KolektorSDD2\train\11412_GT.png
train,train,11413,0,Normal,C:\Users\james\OneDrive - Lancaster University\Documents\Projects\MARS-Summer-Research\data\raw\KolektorSDD2\train\11413.png,C:\Users\james\OneDrive - Lancaster University\Documents\Projects\MARS-Summer-Research\data\raw\KolektorSDD2\train\11413_GT.png
train,train,11414,0,Normal,C:\Users\james\OneDrive - Lancaster University\Documents\Projects\MARS-Summer-Research\data\raw\KolektorSDD2\train\11414.png,C:\Users\james\OneDrive - Lancaster University\Documents\Projects\MARS-Summer-Research\data\raw\KolektorSDD2\train\11414_GT.png
train,train,11415,0,Normal,C:\Users\james\OneDrive - Lancaster University\Documents\Projects\MARS-Summer-Research\data\raw\KolektorSDD2\train\11415.png,C:\Users\james\OneDrive - Lancaster University\Documents\Projects\MARS-Summer-Research\data\raw\KolektorSDD2\train\11415_GT.png
train,train,11416,0,Normal,C:\Users\james\OneDrive - Lancaster University\Documents\Projects\MARS-Summer-Research\data\raw\KolektorSDD2\train\11416.png,C:\Users\james\OneDrive - Lancaster University\Documents\Projects\MARS-Summer-Research\data\raw\KolektorSDD2\train\11416_GT.png
train,train,11417,1,Defective,C:\Users\james\OneDrive - Lancaster University\Documents\Projects\MARS-Summer-Research\data\raw\KolektorSDD2\train\11417.png,C:\Users\james\OneDrive - Lancaster University\Documents\Projects\MARS-Summer-Research\data\raw\KolektorSDD2\train\11417_GT.png
train,train,11418,0,Normal,C:\Users\james\OneDrive - Lancaster University\Documents\Projects\MARS-Summer-Research\data\raw\KolektorSDD2\train\11418.png,C:\Users\james\OneDrive - Lancaster University\Documents\Projects\MARS-Summer-Research\data\raw\KolektorSDD2\train\11418_GT.png
train,train,11419,0,Normal,C:\Users\james\OneDrive - Lancaster University\Documents\Projects\MARS-Summer-Research\data\raw\KolektorSDD2\train\11419.png,C:\Users\james\OneDrive - Lancaster University\Documents\Projects\MARS-Summer-Research\data\raw\KolektorSDD2\train\11419_GT.png
train,train,11421,0,Normal,C:\Users\james\OneDrive - Lancaster University\Documents\Projects\MARS-Summer-Research\data\raw\KolektorSDD2\train\11421.png,C:\Users\james\OneDrive - Lancaster University\Documents\Projects\MARS-Summer-Research\data\raw\KolektorSDD2\train\11421_GT.png
train,train,11422,0,Normal,C:\Users\james\OneDrive - Lancaster University\Documents\Projects\MARS-Summer-Research\data\raw\KolektorSDD2\train\11422.png,C:\Users\james\OneDrive - Lancaster University\Documents\Projects\MARS-Summer-Research\data\raw\KolektorSDD2\train\11422_GT.png
train,train,11423,0,Normal,C:\Users\james\OneDrive - Lancaster University\Documents\Projects\MARS-Summer-Research\data\raw\KolektorSDD2\train\11423.png,C:\Users\james\OneDrive - Lancaster University\Documents\Projects\MARS-Summer-Research\data\raw\KolektorSDD2\train\11423_GT.png
train,train,11424,0,Normal,C:\Users\james\OneDrive - Lancaster University\Documents\Projects\MARS-Summer-Research\data\raw\KolektorSDD2\train\11424.png,C:\Users\james\OneDrive - Lancaster University\Documents\Projects\MARS-Summer-Research\data\raw\KolektorSDD2\train\11424_GT.png
train,train,11425,0,Normal,C:\Users\james\OneDrive - Lancaster University\Documents\Projects\MARS-Summer-Research\data\raw\KolektorSDD2\train\11425.png,C:\Users\james\OneDrive - Lancaster University\Documents\Projects\MARS-Summer-Research\data\raw\KolektorSDD2\train\11425_GT.png
train,train,11426,0,Normal,C:\Users\james\OneDrive - Lancaster University\Documents\Projects\MARS-Summer-Research\data\raw\KolektorSDD2\train\11426.png,C:\Users\james\OneDrive - Lancaster University\Documents\Projects\MARS-Summer-Research\data\raw\KolektorSDD2\train\11426_GT.png
train,train,11428,0,Normal,C:\Users\james\OneDrive - Lancaster University\Documents\Projects\MARS-Summer-Research\data\raw\KolektorSDD2\train\11428.png,C:\Users\james\OneDrive - Lancaster University\Documents\Projects\MARS-Summer-Research\data\raw\KolektorSDD2\train\11428_GT.png
train,train,11429,0,Normal,C:\Users\james\OneDrive - Lancaster University\Documents\Projects\MARS-Summer-Research\data\raw\KolektorSDD2\train\11429.png,C:\Users\james\OneDrive - Lancaster University\Documents\Projects\MARS-Summer-Research\data\raw\KolektorSDD2\train\11429_GT.png
train,train,11430,1,Defective,C:\Users\james\OneDrive - Lancaster University\Documents\Projects\MARS-Summer-Research\data\raw\KolektorSDD2\train\11430.png,C:\Users\james\OneDrive - Lancaster University\Documents\Projects\MARS-Summer-Research\data\raw\KolektorSDD2\train\11430_GT.png
train,train,11431,0,Normal,C:\Users\james\OneDrive - Lancaster University\Documents\Projects\MARS-Summer-Research\data\raw\KolektorSDD2\train\11431.png,C:\Users\james\OneDrive - Lancaster University\Documents\Projects\MARS-Summer-Research\data\raw\KolektorSDD2\train\11431_GT.png
train,train,11433,0,Normal,C:\Users\james\OneDrive - Lancaster University\Documents\Projects\MARS-Summer-Research\data\raw\KolektorSDD2\train\11433.png,C:\Users\james\OneDrive - Lancaster University\Documents\Projects\MARS-Summer-Research\data\raw\KolektorSDD2\train\11433_GT.png
train,train,11434,0,Normal,C:\Users\james\OneDrive - Lancaster University\Documents\Projects\MARS-Summer-Research\data\raw\KolektorSDD2\train\11434.png,C:\Users\james\OneDrive - Lancaster University\Documents\Projects\MARS-Summer-Research\data\raw\KolektorSDD2\train\11434_GT.png
train,train,11435,0,Normal,C:\Users\james\OneDrive - Lancaster University\Documents\Projects\MARS-Summer-Research\data\raw\KolektorSDD2\train\11435.png,C:\Users\james\OneDrive - Lancaster University\Documents\Projects\MARS-Summer-Research\data\raw\KolektorSDD2\train\11435_GT.png
train,train,11436,0,Normal,C:\Users\james\OneDrive - Lancaster University\Documents\Projects\MARS-Summer-Research\data\raw\KolektorSDD2\train\11436.png,C:\Users\james\OneDrive - Lancaster University\Documents\Projects\MARS-Summer-Research\data\raw\KolektorSDD2\train\11436_GT.png
train,train,11437,0,Normal,C:\Users\james\OneDrive - Lancaster University\Documents\Projects\MARS-Summer-Research\data\raw\KolektorSDD2\train\11437.png,C:\Users\james\OneDrive - Lancaster University\Documents\Projects\MARS-Summer-Research\data\raw\KolektorSDD2\train\11437_GT.png
train,train,11439,0,Normal,C:\Users\james\OneDrive - Lancaster University\Documents\Projects\MARS-Summer-Research\data\raw\KolektorSDD2\train\11439.png,C:\Users\james\OneDrive - Lancaster University\Documents\Projects\MARS-Summer-Research\data\raw\KolektorSDD2\train\11439_GT.png
train,train,11440,0,Normal,C:\Users\james\OneDrive - Lancaster University\Documents\Projects\MARS-Summer-Research\data\raw\KolektorSDD2\train\11440.png,C:\Users\james\OneDrive - Lancaster University\Documents\Projects\MARS-Summer-Research\data\raw\KolektorSDD2\train\11440_GT.png
train,train,11442,0,Normal,C:\Users\james\OneDrive - Lancaster University\Documents\Projects\MARS-Summer-Research\data\raw\KolektorSDD2\train\11442.png,C:\Users\james\OneDrive - Lancaster University\Documents\Projects\MARS-Summer-Research\data\raw\KolektorSDD2\train\11442_GT.png
train,train,11443,0,Normal,C:\Users\james\OneDrive - Lancaster University\Documents\Projects\MARS-Summer-Research\data\raw\KolektorSDD2\train\11443.png,C:\Users\james\OneDrive - Lancaster University\Documents\Projects\MARS-Summer-Research\data\raw\KolektorSDD2\train\11443_GT.png
train,train,11444,1,Defective,C:\Users\james\OneDrive - Lancaster University\Documents\Projects\MARS-Summer-Research\data\raw\KolektorSDD2\train\11444.png,C:\Users\james\OneDrive - Lancaster University\Documents\Projects\MARS-Summer-Research\data\raw\KolektorSDD2\train\11444_GT.png
train,train,11446,0,Normal,C:\Users\james\OneDrive - Lancaster University\Documents\Projects\MARS-Summer-Research\data\raw\KolektorSDD2\train\11446.png,C:\Users\james\OneDrive - Lancaster University\Documents\Projects\MARS-Summer-Research\data\raw\KolektorSDD2\train\11446_GT.png
train,train,11447,1,Defective,C:\Users\james\OneDrive - Lancaster University\Documents\Projects\MARS-Summer-Research\data\raw\KolektorSDD2\train\11447.png,C:\Users\james\OneDrive - Lancaster University\Documents\Projects\MARS-Summer-Research\data\raw\KolektorSDD2\train\11447_GT.png
train,train,11448,0,Normal,C:\Users\james\OneDrive - Lancaster University\Documents\Projects\MARS-Summer-Research\data\raw\KolektorSDD2\train\11448.png,C:\Users\james\OneDrive - Lancaster University\Documents\Projects\MARS-Summer-Research\data\raw\KolektorSDD2\train\11448_GT.png
train,train,11450,0,Normal,C:\Users\james\OneDrive - Lancaster University\Documents\Projects\MARS-Summer-Research\data\raw\KolektorSDD2\train\11450.png,C:\Users\james\OneDrive - Lancaster University\Documents\Projects\MARS-Summer-Research\data\raw\KolektorSDD2\train\11450_GT.png
train,train,11451,0,Normal,C:\Users\james\OneDrive - Lancaster University\Documents\Projects\MARS-Summer-Research\data\raw\KolektorSDD2\train\11451.png,C:\Users\james\OneDrive - Lancaster University\Documents\Projects\MARS-Summer-Research\data\raw\KolektorSDD2\train\11451_GT.png
train,train,11452,0,Normal,C:\Users\james\OneDrive - Lancaster University\Documents\Projects\MARS-Summer-Research\data\raw\KolektorSDD2\train\11452.png,C:\Users\james\OneDrive - Lancaster University\Documents\Projects\MARS-Summer-Research\data\raw\KolektorSDD2\train\11452_GT.png
train,train,11453,0,Normal,C:\Users\james\OneDrive - Lancaster University\Documents\Projects\MARS-Summer-Research\data\raw\KolektorSDD2\train\11453.png,C:\Users\james\OneDrive - Lancaster University\Documents\Projects\MARS-Summer-Research\data\raw\KolektorSDD2\train\11453_GT.png
train,train,11454,0,Normal,C:\Users\james\OneDrive - Lancaster University\Documents\Projects\MARS-Summer-Research\data\raw\KolektorSDD2\train\11454.png,C:\Users\james\OneDrive - Lancaster University\Documents\Projects\MARS-Summer-Research\data\raw\KolektorSDD2\train\11454_GT.png
train,train,11456,0,Normal,C:\Users\james\OneDrive - Lancaster University\Documents\Projects\MARS-Summer-Research\data\raw\KolektorSDD2\train\11456.png,C:\Users\james\OneDrive - Lancaster University\Documents\Projects\MARS-Summer-Research\data\raw\KolektorSDD2\train\11456_GT.png
train,train,11457,0,Normal,C:\Users\james\OneDrive - Lancaster University\Documents\Projects\MARS-Summer-Research\data\raw\KolektorSDD2\train\11457.png,C:\Users\james\OneDrive - Lancaster University\Documents\Projects\MARS-Summer-Research\data\raw\KolektorSDD2\train\11457_GT.png
train,train,11458,1,Defective,C:\Users\james\OneDrive - Lancaster University\Documents\Projects\MARS-Summer-Research\data\raw\KolektorSDD2\train\11458.png,C:\Users\james\OneDrive - Lancaster University\Documents\Projects\MARS-Summer-Research\data\raw\KolektorSDD2\train\11458_GT.png
train,train,11459,0,Normal,C:\Users\james\OneDrive - Lancaster University\Documents\Projects\MARS-Summer-Research\data\raw\KolektorSDD2\train\11459.png,C:\Users\james\OneDrive - Lancaster University\Documents\Projects\MARS-Summer-Research\data\raw\KolektorSDD2\train\11459_GT.png
train,train,11460,0,Normal,C:\Users\james\OneDrive - Lancaster University\Documents\Projects\MARS-Summer-Research\data\raw\KolektorSDD2\train\11460.png,C:\Users\james\OneDrive - Lancaster University\Documents\Projects\MARS-Summer-Research\data\raw\KolektorSDD2\train\11460_GT.png
train,train,11461,0,Normal,C:\Users\james\OneDrive - Lancaster University\Documents\Projects\MARS-Summer-Research\data\raw\KolektorSDD2\train\11461.png,C:\Users\james\OneDrive - Lancaster University\Documents\Projects\MARS-Summer-Research\data\raw\KolektorSDD2\train\11461_GT.png
train,train,11462,0,Normal,C:\Users\james\OneDrive - Lancaster University\Documents\Projects\MARS-Summer-Research\data\raw\KolektorSDD2\train\11462.png,C:\Users\james\OneDrive - Lancaster University\Documents\Projects\MARS-Summer-Research\data\raw\KolektorSDD2\train\11462_GT.png
train,train,11463,0,Normal,C:\Users\james\OneDrive - Lancaster University\Documents\Projects\MARS-Summer-Research\data\raw\KolektorSDD2\train\11463.png,C:\Users\james\OneDrive - Lancaster University\Documents\Projects\MARS-Summer-Research\data\raw\KolektorSDD2\train\11463_GT.png
train,train,11464,0,Normal,C:\Users\james\OneDrive - Lancaster University\Documents\Projects\MARS-Summer-Research\data\raw\KolektorSDD2\train\11464.png,C:\Users\james\OneDrive - Lancaster University\Documents\Projects\MARS-Summer-Research\data\raw\KolektorSDD2\train\11464_GT.png
train,train,11465,0,Normal,C:\Users\james\OneDrive - Lancaster University\Documents\Projects\MARS-Summer-Research\data\raw\KolektorSDD2\train\11465.png,C:\Users\james\OneDrive - Lancaster University\Documents\Projects\MARS-Summer-Research\data\raw\KolektorSDD2\train\11465_GT.png
train,train,11466,0,Normal,C:\Users\james\OneDrive - Lancaster University\Documents\Projects\MARS-Summer-Research\data\raw\KolektorSDD2\train\11466.png,C:\Users\james\OneDrive - Lancaster University\Documents\Projects\MARS-Summer-Research\data\raw\KolektorSDD2\train\11466_GT.png
train,train,11467,0,Normal,C:\Users\james\OneDrive - Lancaster University\Documents\Projects\MARS-Summer-Research\data\raw\KolektorSDD2\train\11467.png,C:\Users\james\OneDrive - Lancaster University\Documents\Projects\MARS-Summer-Research\data\raw\KolektorSDD2\train\11467_GT.png
train,train,11468,0,Normal,C:\Users\james\OneDrive - Lancaster University\Documents\Projects\MARS-Summer-Research\data\raw\KolektorSDD2\train\11468.png,C:\Users\james\OneDrive - Lancaster University\Documents\Projects\MARS-Summer-Research\data\raw\KolektorSDD2\train\11468_GT.png
train,train,11469,0,Normal,C:\Users\james\OneDrive - Lancaster University\Documents\Projects\MARS-Summer-Research\data\raw\KolektorSDD2\train\11469.png,C:\Users\james\OneDrive - Lancaster University\Documents\Projects\MARS-Summer-Research\data\raw\KolektorSDD2\train\11469_GT.png
train,train,11470,0,Normal,C:\Users\james\OneDrive - Lancaster University\Documents\Projects\MARS-Summer-Research\data\raw\KolektorSDD2\train\11470.png,C:\Users\james\OneDrive - Lancaster University\Documents\Projects\MARS-Summer-Research\data\raw\KolektorSDD2\train\11470_GT.png
train,train,11472,0,Normal,C:\Users\james\OneDrive - Lancaster University\Documents\Projects\MARS-Summer-Research\data\raw\KolektorSDD2\train\11472.png,C:\Users\james\OneDrive - Lancaster University\Documents\Projects\MARS-Summer-Research\data\raw\KolektorSDD2\train\11472_GT.png
train,train,11473,0,Normal,C:\Users\james\OneDrive - Lancaster University\Documents\Projects\MARS-Summer-Research\data\raw\KolektorSDD2\train\11473.png,C:\Users\james\OneDrive - Lancaster University\Documents\Projects\MARS-Summer-Research\data\raw\KolektorSDD2\train\11473_GT.png
train,train,11474,0,Normal,C:\Users\james\OneDrive - Lancaster University\Documents\Projects\MARS-Summer-Research\data\raw\KolektorSDD2\train\11474.png,C:\Users\james\OneDrive - Lancaster University\Documents\Projects\MARS-Summer-Research\data\raw\KolektorSDD2\train\11474_GT.png
train,train,11475,0,Normal,C:\Users\james\OneDrive - Lancaster University\Documents\Projects\MARS-Summer-Research\data\raw\KolektorSDD2\train\11475.png,C:\Users\james\OneDrive - Lancaster University\Documents\Projects\MARS-Summer-Research\data\raw\KolektorSDD2\train\11475_GT.png
train,train,11476,0,Normal,C:\Users\james\OneDrive - Lancaster University\Documents\Projects\MARS-Summer-Research\data\raw\KolektorSDD2\train\11476.png,C:\Users\james\OneDrive - Lancaster University\Documents\Projects\MARS-Summer-Research\data\raw\KolektorSDD2\train\11476_GT.png
train,train,11477,1,Defective,C:\Users\james\OneDrive - Lancaster University\Documents\Projects\MARS-Summer-Research\data\raw\KolektorSDD2\train\11477.png,C:\Users\james\OneDrive - Lancaster University\Documents\Projects\MARS-Summer-Research\data\raw\KolektorSDD2\train\11477_GT.png
train,train,11479,0,Normal,C:\Users\james\OneDrive - Lancaster University\Documents\Projects\MARS-Summer-Research\data\raw\KolektorSDD2\train\11479.png,C:\Users\james\OneDrive - Lancaster University\Documents\Projects\MARS-Summer-Research\data\raw\KolektorSDD2\train\11479_GT.png
train,train,11480,0,Normal,C:\Users\james\OneDrive - Lancaster University\Documents\Projects\MARS-Summer-Research\data\raw\KolektorSDD2\train\11480.png,C:\Users\james\OneDrive - Lancaster University\Documents\Projects\MARS-Summer-Research\data\raw\KolektorSDD2\train\11480_GT.png
train,train,11481,1,Defective,C:\Users\james\OneDrive - Lancaster University\Documents\Projects\MARS-Summer-Research\data\raw\KolektorSDD2\train\11481.png,C:\Users\james\OneDrive - Lancaster University\Documents\Projects\MARS-Summer-Research\data\raw\KolektorSDD2\train\11481_GT.png
train,train,11482,1,Defective,C:\Users\james\OneDrive - Lancaster University\Documents\Projects\MARS-Summer-Research\data\raw\KolektorSDD2\train\11482.png,C:\Users\james\OneDrive - Lancaster University\Documents\Projects\MARS-Summer-Research\data\raw\KolektorSDD2\train\11482_GT.png
train,train,11483,0,Normal,C:\Users\james\OneDrive - Lancaster University\Documents\Projects\MARS-Summer-Research\data\raw\KolektorSDD2\train\11483.png,C:\Users\james\OneDrive - Lancaster University\Documents\Projects\MARS-Summer-Research\data\raw\KolektorSDD2\train\11483_GT.png
train,train,11484,0,Normal,C:\Users\james\OneDrive - Lancaster University\Documents\Projects\MARS-Summer-Research\data\raw\KolektorSDD2\train\11484.png,C:\Users\james\OneDrive - Lancaster University\Documents\Projects\MARS-Summer-Research\data\raw\KolektorSDD2\train\11484_GT.png
train,train,11485,0,Normal,C:\Users\james\OneDrive - Lancaster University\Documents\Projects\MARS-Summer-Research\data\raw\KolektorSDD2\train\11485.png,C:\Users\james\OneDrive - Lancaster University\Documents\Projects\MARS-Summer-Research\data\raw\KolektorSDD2\train\11485_GT.png
train,train,11486,0,Normal,C:\Users\james\OneDrive - Lancaster University\Documents\Projects\MARS-Summer-Research\data\raw\KolektorSDD2\train\11486.png,C:\Users\james\OneDrive - Lancaster University\Documents\Projects\MARS-Summer-Research\data\raw\KolektorSDD2\train\11486_GT.png
train,train,11487,0,Normal,C:\Users\james\OneDrive - Lancaster University\Documents\Projects\MARS-Summer-Research\data\raw\KolektorSDD2\train\11487.png,C:\Users\james\OneDrive - Lancaster University\Documents\Projects\MARS-Summer-Research\data\raw\KolektorSDD2\train\11487_GT.png
train,train,11488,0,Normal,C:\Users\james\OneDrive - Lancaster University\Documents\Projects\MARS-Summer-Research\data\raw\KolektorSDD2\train\11488.png,C:\Users\james\OneDrive - Lancaster University\Documents\Projects\MARS-Summer-Research\data\raw\KolektorSDD2\train\11488_GT.png
train,train,11489,0,Normal,C:\Users\james\OneDrive - Lancaster University\Documents\Projects\MARS-Summer-Research\data\raw\KolektorSDD2\train\11489.png,C:\Users\james\OneDrive - Lancaster University\Documents\Projects\MARS-Summer-Research\data\raw\KolektorSDD2\train\11489_GT.png
train,train,11490,0,Normal,C:\Users\james\OneDrive - Lancaster University\Documents\Projects\MARS-Summer-Research\data\raw\KolektorSDD2\train\11490.png,C:\Users\james\OneDrive - Lancaster University\Documents\Projects\MARS-Summer-Research\data\raw\KolektorSDD2\train\11490_GT.png
train,train,11491,0,Normal,C:\Users\james\OneDrive - Lancaster University\Documents\Projects\MARS-Summer-Research\data\raw\KolektorSDD2\train\11491.png,C:\Users\james\OneDrive - Lancaster University\Documents\Projects\MARS-Summer-Research\data\raw\KolektorSDD2\train\11491_GT.png
train,train,11492,0,Normal,C:\Users\james\OneDrive - Lancaster University\Documents\Projects\MARS-Summer-Research\data\raw\KolektorSDD2\train\11492.png,C:\Users\james\OneDrive - Lancaster University\Documents\Projects\MARS-Summer-Research\data\raw\KolektorSDD2\train\11492_GT.png
train,train,11493,0,Normal,C:\Users\james\OneDrive - Lancaster University\Documents\Projects\MARS-Summer-Research\data\raw\KolektorSDD2\train\11493.png,C:\Users\james\OneDrive - Lancaster University\Documents\Projects\MARS-Summer-Research\data\raw\KolektorSDD2\train\11493_GT.png
train,train,11494,0,Normal,C:\Users\james\OneDrive - Lancaster University\Documents\Projects\MARS-Summer-Research\data\raw\KolektorSDD2\train\11494.png,C:\Users\james\OneDrive - Lancaster University\Documents\Projects\MARS-Summer-Research\data\raw\KolektorSDD2\train\11494_GT.png
train,train,11495,0,Normal,C:\Users\james\OneDrive - Lancaster University\Documents\Projects\MARS-Summer-Research\data\raw\KolektorSDD2\train\11495.png,C:\Users\james\OneDrive - Lancaster University\Documents\Projects\MARS-Summer-Research\data\raw\KolektorSDD2\train\11495_GT.png
train,train,11496,0,Normal,C:\Users\james\OneDrive - Lancaster University\Documents\Projects\MARS-Summer-Research\data\raw\KolektorSDD2\train\11496.png,C:\Users\james\OneDrive - Lancaster University\Documents\Projects\MARS-Summer-Research\data\raw\KolektorSDD2\train\11496_GT.png
train,train,11497,0,Normal,C:\Users\james\OneDrive - Lancaster University\Documents\Projects\MARS-Summer-Research\data\raw\KolektorSDD2\train\11497.png,C:\Users\james\OneDrive - Lancaster University\Documents\Projects\MARS-Summer-Research\data\raw\KolektorSDD2\train\11497_GT.png
train,train,11498,0,Normal,C:\Users\james\OneDrive - Lancaster University\Documents\Projects\MARS-Summer-Research\data\raw\KolektorSDD2\train\11498.png,C:\Users\james\OneDrive - Lancaster University\Documents\Projects\MARS-Summer-Research\data\raw\KolektorSDD2\train\11498_GT.png
train,train,11499,0,Normal,C:\Users\james\OneDrive - Lancaster University\Documents\Projects\MARS-Summer-Research\data\raw\KolektorSDD2\train\11499.png,C:\Users\james\OneDrive - Lancaster University\Documents\Projects\MARS-Summer-Research\data\raw\KolektorSDD2\train\11499_GT.png
train,train,11500,1,Defective,C:\Users\james\OneDrive - Lancaster University\Documents\Projects\MARS-Summer-Research\data\raw\KolektorSDD2\train\11500.png,C:\Users\james\OneDrive - Lancaster University\Documents\Projects\MARS-Summer-Research\data\raw\KolektorSDD2\train\11500_GT.png
train,train,11501,0,Normal,C:\Users\james\OneDrive - Lancaster University\Documents\Projects\MARS-Summer-Research\data\raw\KolektorSDD2\train\11501.png,C:\Users\james\OneDrive - Lancaster University\Documents\Projects\MARS-Summer-Research\data\raw\KolektorSDD2\train\11501_GT.png
train,train,11502,0,Normal,C:\Users\james\OneDrive - Lancaster University\Documents\Projects\MARS-Summer-Research\data\raw\KolektorSDD2\train\11502.png,C:\Users\james\OneDrive - Lancaster University\Documents\Projects\MARS-Summer-Research\data\raw\KolektorSDD2\train\11502_GT.png
train,train,11504,0,Normal,C:\Users\james\OneDrive - Lancaster University\Documents\Projects\MARS-Summer-Research\data\raw\KolektorSDD2\train\11504.png,C:\Users\james\OneDrive - Lancaster University\Documents\Projects\MARS-Summer-Research\data\raw\KolektorSDD2\train\11504_GT.png
train,train,11505,0,Normal,C:\Users\james\OneDrive - Lancaster University\Documents\Projects\MARS-Summer-Research\data\raw\KolektorSDD2\train\11505.png,C:\Users\james\OneDrive - Lancaster University\Documents\Projects\MARS-Summer-Research\data\raw\KolektorSDD2\train\11505_GT.png
train,train,11506,1,Defective,C:\Users\james\OneDrive - Lancaster University\Documents\Projects\MARS-Summer-Research\data\raw\KolektorSDD2\train\11506.png,C:\Users\james\OneDrive - Lancaster University\Documents\Projects\MARS-Summer-Research\data\raw\KolektorSDD2\train\11506_GT.png
train,train,11507,0,Normal,C:\Users\james\OneDrive - Lancaster University\Documents\Projects\MARS-Summer-Research\data\raw\KolektorSDD2\train\11507.png,C:\Users\james\OneDrive - Lancaster University\Documents\Projects\MARS-Summer-Research\data\raw\KolektorSDD2\train\11507_GT.png
train,train,11508,0,Normal,C:\Users\james\OneDrive - Lancaster University\Documents\Projects\MARS-Summer-Research\data\raw\KolektorSDD2\train\11508.png,C:\Users\james\OneDrive - Lancaster University\Documents\Projects\MARS-Summer-Research\data\raw\KolektorSDD2\train\11508_GT.png
train,train,11510,0,Normal,C:\Users\james\OneDrive - Lancaster University\Documents\Projects\MARS-Summer-Research\data\raw\KolektorSDD2\train\11510.png,C:\Users\james\OneDrive - Lancaster University\Documents\Projects\MARS-Summer-Research\data\raw\KolektorSDD2\train\11510_GT.png
train,train,11511,0,Normal,C:\Users\james\OneDrive - Lancaster University\Documents\Projects\MARS-Summer-Research\data\raw\KolektorSDD2\train\11511.png,C:\Users\james\OneDrive - Lancaster University\Documents\Projects\MARS-Summer-Research\data\raw\KolektorSDD2\train\11511_GT.png
train,train,11512,1,Defective,C:\Users\james\OneDrive - Lancaster University\Documents\Projects\MARS-Summer-Research\data\raw\KolektorSDD2\train\11512.png,C:\Users\james\OneDrive - Lancaster University\Documents\Projects\MARS-Summer-Research\data\raw\KolektorSDD2\train\11512_GT.png
train,train,11513,0,Normal,C:\Users\james\OneDrive - Lancaster University\Documents\Projects\MARS-Summer-Research\data\raw\KolektorSDD2\train\11513.png,C:\Users\james\OneDrive - Lancaster University\Documents\Projects\MARS-Summer-Research\data\raw\KolektorSDD2\train\11513_GT.png
train,train,11514,0,Normal,C:\Users\james\OneDrive - Lancaster University\Documents\Projects\MARS-Summer-Research\data\raw\KolektorSDD2\train\11514.png,C:\Users\james\OneDrive - Lancaster University\Documents\Projects\MARS-Summer-Research\data\raw\KolektorSDD2\train\11514_GT.png
train,train,11515,0,Normal,C:\Users\james\OneDrive - Lancaster University\Documents\Projects\MARS-Summer-Research\data\raw\KolektorSDD2\train\11515.png,C:\Users\james\OneDrive - Lancaster University\Documents\Projects\MARS-Summer-Research\data\raw\KolektorSDD2\train\11515_GT.png
train,train,11516,0,Normal,C:\Users\james\OneDrive - Lancaster University\Documents\Projects\MARS-Summer-Research\data\raw\KolektorSDD2\train\11516.png,C:\Users\james\OneDrive - Lancaster University\Documents\Projects\MARS-Summer-Research\data\raw\KolektorSDD2\train\11516_GT.png
train,train,11517,0,Normal,C:\Users\james\OneDrive - Lancaster University\Documents\Projects\MARS-Summer-Research\data\raw\KolektorSDD2\train\11517.png,C:\Users\james\OneDrive - Lancaster University\Documents\Projects\MARS-Summer-Research\data\raw\KolektorSDD2\train\11517_GT.png
train,train,11518,0,Normal,C:\Users\james\OneDrive - Lancaster University\Documents\Projects\MARS-Summer-Research\data\raw\KolektorSDD2\train\11518.png,C:\Users\james\OneDrive - Lancaster University\Documents\Projects\MARS-Summer-Research\data\raw\KolektorSDD2\train\11518_GT.png
train,train,11520,0,Normal,C:\Users\james\OneDrive - Lancaster University\Documents\Projects\MARS-Summer-Research\data\raw\KolektorSDD2\train\11520.png,C:\Users\james\OneDrive - Lancaster University\Documents\Projects\MARS-Summer-Research\data\raw\KolektorSDD2\train\11520_GT.png
train,train,11521,0,Normal,C:\Users\james\OneDrive - Lancaster University\Documents\Projects\MARS-Summer-Research\data\raw\KolektorSDD2\train\11521.png,C:\Users\james\OneDrive - Lancaster University\Documents\Projects\MARS-Summer-Research\data\raw\KolektorSDD2\train\11521_GT.png
train,train,11522,0,Normal,C:\Users\james\OneDrive - Lancaster University\Documents\Projects\MARS-Summer-Research\data\raw\KolektorSDD2\train\11522.png,C:\Users\james\OneDrive - Lancaster University\Documents\Projects\MARS-Summer-Research\data\raw\KolektorSDD2\train\11522_GT.png
train,train,11524,0,Normal,C:\Users\james\OneDrive - Lancaster University\Documents\Projects\MARS-Summer-Research\data\raw\KolektorSDD2\train\11524.png,C:\Users\james\OneDrive - Lancaster University\Documents\Projects\MARS-Summer-Research\data\raw\KolektorSDD2\train\11524_GT.png
train,train,11526,0,Normal,C:\Users\james\OneDrive - Lancaster University\Documents\Projects\MARS-Summer-Research\data\raw\KolektorSDD2\train\11526.png,C:\Users\james\OneDrive - Lancaster University\Documents\Projects\MARS-Summer-Research\data\raw\KolektorSDD2\train\11526_GT.png
train,train,11529,0,Normal,C:\Users\james\OneDrive - Lancaster University\Documents\Projects\MARS-Summer-Research\data\raw\KolektorSDD2\train\11529.png,C:\Users\james\OneDrive - Lancaster University\Documents\Projects\MARS-Summer-Research\data\raw\KolektorSDD2\train\11529_GT.png
train,train,11530,0,Normal,C:\Users\james\OneDrive - Lancaster University\Documents\Projects\MARS-Summer-Research\data\raw\KolektorSDD2\train\11530.png,C:\Users\james\OneDrive - Lancaster University\Documents\Projects\MARS-Summer-Research\data\raw\KolektorSDD2\train\11530_GT.png
train,train,11531,0,Normal,C:\Users\james\OneDrive - Lancaster University\Documents\Projects\MARS-Summer-Research\data\raw\KolektorSDD2\train\11531.png,C:\Users\james\OneDrive - Lancaster University\Documents\Projects\MARS-Summer-Research\data\raw\KolektorSDD2\train\11531_GT.png
train,train,11532,0,Normal,C:\Users\james\OneDrive - Lancaster University\Documents\Projects\MARS-Summer-Research\data\raw\KolektorSDD2\train\11532.png,C:\Users\james\OneDrive - Lancaster University\Documents\Projects\MARS-Summer-Research\data\raw\KolektorSDD2\train\11532_GT.png
train,train,11533,0,Normal,C:\Users\james\OneDrive - Lancaster University\Documents\Projects\MARS-Summer-Research\data\raw\KolektorSDD2\train\11533.png,C:\Users\james\OneDrive - Lancaster University\Documents\Projects\MARS-Summer-Research\data\raw\KolektorSDD2\train\11533_GT.png
train,train,11534,0,Normal,C:\Users\james\OneDrive - Lancaster University\Documents\Projects\MARS-Summer-Research\data\raw\KolektorSDD2\train\11534.png,C:\Users\james\OneDrive - Lancaster University\Documents\Projects\MARS-Summer-Research\data\raw\KolektorSDD2\train\11534_GT.png
train,train,11535,0,Normal,C:\Users\james\OneDrive - Lancaster University\Documents\Projects\MARS-Summer-Research\data\raw\KolektorSDD2\train\11535.png,C:\Users\james\OneDrive - Lancaster University\Documents\Projects\MARS-Summer-Research\data\raw\KolektorSDD2\train\11535_GT.png
train,train,11536,0,Normal,C:\Users\james\OneDrive - Lancaster University\Documents\Projects\MARS-Summer-Research\data\raw\KolektorSDD2\train\11536.png,C:\Users\james\OneDrive - Lancaster University\Documents\Projects\MARS-Summer-Research\data\raw\KolektorSDD2\train\11536_GT.png
train,train,11537,0,Normal,C:\Users\james\OneDrive - Lancaster University\Documents\Projects\MARS-Summer-Research\data\raw\KolektorSDD2\train\11537.png,C:\Users\james\OneDrive - Lancaster University\Documents\Projects\MARS-Summer-Research\data\raw\KolektorSDD2\train\11537_GT.png
train,train,11539,0,Normal,C:\Users\james\OneDrive - Lancaster University\Documents\Projects\MARS-Summer-Research\data\raw\KolektorSDD2\train\11539.png,C:\Users\james\OneDrive - Lancaster University\Documents\Projects\MARS-Summer-Research\data\raw\KolektorSDD2\train\11539_GT.png
train,train,11540,0,Normal,C:\Users\james\OneDrive - Lancaster University\Documents\Projects\MARS-Summer-Research\data\raw\KolektorSDD2\train\11540.png,C:\Users\james\OneDrive - Lancaster University\Documents\Projects\MARS-Summer-Research\data\raw\KolektorSDD2\train\11540_GT.png
train,train,11541,0,Normal,C:\Users\james\OneDrive - Lancaster University\Documents\Projects\MARS-Summer-Research\data\raw\KolektorSDD2\train\11541.png,C:\Users\james\OneDrive - Lancaster University\Documents\Projects\MARS-Summer-Research\data\raw\KolektorSDD2\train\11541_GT.png
train,train,11542,0,Normal,C:\Users\james\OneDrive - Lancaster University\Documents\Projects\MARS-Summer-Research\data\raw\KolektorSDD2\train\11542.png,C:\Users\james\OneDrive - Lancaster University\Documents\Projects\MARS-Summer-Research\data\raw\KolektorSDD2\train\11542_GT.png
train,train,11543,1,Defective,C:\Users\james\OneDrive - Lancaster University\Documents\Projects\MARS-Summer-Research\data\raw\KolektorSDD2\train\11543.png,C:\Users\james\OneDrive - Lancaster University\Documents\Projects\MARS-Summer-Research\data\raw\KolektorSDD2\train\11543_GT.png
train,train,11544,0,Normal,C:\Users\james\OneDrive - Lancaster University\Documents\Projects\MARS-Summer-Research\data\raw\KolektorSDD2\train\11544.png,C:\Users\james\OneDrive - Lancaster University\Documents\Projects\MARS-Summer-Research\data\raw\KolektorSDD2\train\11544_GT.png
train,train,11546,0,Normal,C:\Users\james\OneDrive - Lancaster University\Documents\Projects\MARS-Summer-Research\data\raw\KolektorSDD2\train\11546.png,C:\Users\james\OneDrive - Lancaster University\Documents\Projects\MARS-Summer-Research\data\raw\KolektorSDD2\train\11546_GT.png
train,train,11548,0,Normal,C:\Users\james\OneDrive - Lancaster University\Documents\Projects\MARS-Summer-Research\data\raw\KolektorSDD2\train\11548.png,C:\Users\james\OneDrive - Lancaster University\Documents\Projects\MARS-Summer-Research\data\raw\KolektorSDD2\train\11548_GT.png
train,train,11549,1,Defective,C:\Users\james\OneDrive - Lancaster University\Documents\Projects\MARS-Summer-Research\data\raw\KolektorSDD2\train\11549.png,C:\Users\james\OneDrive - Lancaster University\Documents\Projects\MARS-Summer-Research\data\raw\KolektorSDD2\train\11549_GT.png
train,train,11550,0,Normal,C:\Users\james\OneDrive - Lancaster University\Documents\Projects\MARS-Summer-Research\data\raw\KolektorSDD2\train\11550.png,C:\Users\james\OneDrive - Lancaster University\Documents\Projects\MARS-Summer-Research\data\raw\KolektorSDD2\train\11550_GT.png
train,train,11551,0,Normal,C:\Users\james\OneDrive - Lancaster University\Documents\Projects\MARS-Summer-Research\data\raw\KolektorSDD2\train\11551.png,C:\Users\james\OneDrive - Lancaster University\Documents\Projects\MARS-Summer-Research\data\raw\KolektorSDD2\train\11551_GT.png
train,train,11552,0,Normal,C:\Users\james\OneDrive - Lancaster University\Documents\Projects\MARS-Summer-Research\data\raw\KolektorSDD2\train\11552.png,C:\Users\james\OneDrive - Lancaster University\Documents\Projects\MARS-Summer-Research\data\raw\KolektorSDD2\train\11552_GT.png
train,train,11554,0,Normal,C:\Users\james\OneDrive - Lancaster University\Documents\Projects\MARS-Summer-Research\data\raw\KolektorSDD2\train\11554.png,C:\Users\james\OneDrive - Lancaster University\Documents\Projects\MARS-Summer-Research\data\raw\KolektorSDD2\train\11554_GT.png
train,train,11558,0,Normal,C:\Users\james\OneDrive - Lancaster University\Documents\Projects\MARS-Summer-Research\data\raw\KolektorSDD2\train\11558.png,C:\Users\james\OneDrive - Lancaster University\Documents\Projects\MARS-Summer-Research\data\raw\KolektorSDD2\train\11558_GT.png
train,train,11560,0,Normal,C:\Users\james\OneDrive - Lancaster University\Documents\Projects\MARS-Summer-Research\data\raw\KolektorSDD2\train\11560.png,C:\Users\james\OneDrive - Lancaster University\Documents\Projects\MARS-Summer-Research\data\raw\KolektorSDD2\train\11560_GT.png
train,train,11561,0,Normal,C:\Users\james\OneDrive - Lancaster University\Documents\Projects\MARS-Summer-Research\data\raw\KolektorSDD2\train\11561.png,C:\Users\james\OneDrive - Lancaster University\Documents\Projects\MARS-Summer-Research\data\raw\KolektorSDD2\train\11561_GT.png
train,train,11562,0,Normal,C:\Users\james\OneDrive - Lancaster University\Documents\Projects\MARS-Summer-Research\data\raw\KolektorSDD2\train\11562.png,C:\Users\james\OneDrive - Lancaster University\Documents\Projects\MARS-Summer-Research\data\raw\KolektorSDD2\train\11562_GT.png
train,train,11563,0,Normal,C:\Users\james\OneDrive - Lancaster University\Documents\Projects\MARS-Summer-Research\data\raw\KolektorSDD2\train\11563.png,C:\Users\james\OneDrive - Lancaster University\Documents\Projects\MARS-Summer-Research\data\raw\KolektorSDD2\train\11563_GT.png
train,train,11564,0,Normal,C:\Users\james\OneDrive - Lancaster University\Documents\Projects\MARS-Summer-Research\data\raw\KolektorSDD2\train\11564.png,C:\Users\james\OneDrive - Lancaster University\Documents\Projects\MARS-Summer-Research\data\raw\KolektorSDD2\train\11564_GT.png
train,train,11565,0,Normal,C:\Users\james\OneDrive - Lancaster University\Documents\Projects\MARS-Summer-Research\data\raw\KolektorSDD2\train\11565.png,C:\Users\james\OneDrive - Lancaster University\Documents\Projects\MARS-Summer-Research\data\raw\KolektorSDD2\train\11565_GT.png
train,train,11566,0,Normal,C:\Users\james\OneDrive - Lancaster University\Documents\Projects\MARS-Summer-Research\data\raw\KolektorSDD2\train\11566.png,C:\Users\james\OneDrive - Lancaster University\Documents\Projects\MARS-Summer-Research\data\raw\KolektorSDD2\train\11566_GT.png
train,train,11568,1,Defective,C:\Users\james\OneDrive - Lancaster University\Documents\Projects\MARS-Summer-Research\data\raw\KolektorSDD2\train\11568.png,C:\Users\james\OneDrive - Lancaster University\Documents\Projects\MARS-Summer-Research\data\raw\KolektorSDD2\train\11568_GT.png
train,train,11572,0,Normal,C:\Users\james\OneDrive - Lancaster University\Documents\Projects\MARS-Summer-Research\data\raw\KolektorSDD2\train\11572.png,C:\Users\james\OneDrive - Lancaster University\Documents\Projects\MARS-Summer-Research\data\raw\KolektorSDD2\train\11572_GT.png
train,train,11574,1,Defective,C:\Users\james\OneDrive - Lancaster University\Documents\Projects\MARS-Summer-Research\data\raw\KolektorSDD2\train\11574.png,C:\Users\james\OneDrive - Lancaster University\Documents\Projects\MARS-Summer-Research\data\raw\KolektorSDD2\train\11574_GT.png
train,train,11576,0,Normal,C:\Users\james\OneDrive - Lancaster University\Documents\Projects\MARS-Summer-Research\data\raw\KolektorSDD2\train\11576.png,C:\Users\james\OneDrive - Lancaster University\Documents\Projects\MARS-Summer-Research\data\raw\KolektorSDD2\train\11576_GT.png
train,train,11578,0,Normal,C:\Users\james\OneDrive - Lancaster University\Documents\Projects\MARS-Summer-Research\data\raw\KolektorSDD2\train\11578.png,C:\Users\james\OneDrive - Lancaster University\Documents\Projects\MARS-Summer-Research\data\raw\KolektorSDD2\train\11578_GT.png
train,train,11579,0,Normal,C:\Users\james\OneDrive - Lancaster University\Documents\Projects\MARS-Summer-Research\data\raw\KolektorSDD2\train\11579.png,C:\Users\james\OneDrive - Lancaster University\Documents\Projects\MARS-Summer-Research\data\raw\KolektorSDD2\train\11579_GT.png
train,train,11580,0,Normal,C:\Users\james\OneDrive - Lancaster University\Documents\Projects\MARS-Summer-Research\data\raw\KolektorSDD2\train\11580.png,C:\Users\james\OneDrive - Lancaster University\Documents\Projects\MARS-Summer-Research\data\raw\KolektorSDD2\train\11580_GT.png
train,train,11581,0,Normal,C:\Users\james\OneDrive - Lancaster University\Documents\Projects\MARS-Summer-Research\data\raw\KolektorSDD2\train\11581.png,C:\Users\james\OneDrive - Lancaster University\Documents\Projects\MARS-Summer-Research\data\raw\KolektorSDD2\train\11581_GT.png
train,train,11582,0,Normal,C:\Users\james\OneDrive - Lancaster University\Documents\Projects\MARS-Summer-Research\data\raw\KolektorSDD2\train\11582.png,C:\Users\james\OneDrive - Lancaster University\Documents\Projects\MARS-Summer-Research\data\raw\KolektorSDD2\train\11582_GT.png
train,train,11583,0,Normal,C:\Users\james\OneDrive - Lancaster University\Documents\Projects\MARS-Summer-Research\data\raw\KolektorSDD2\train\11583.png,C:\Users\james\OneDrive - Lancaster University\Documents\Projects\MARS-Summer-Research\data\raw\KolektorSDD2\train\11583_GT.png
train,train,11584,1,Defective,C:\Users\james\OneDrive - Lancaster University\Documents\Projects\MARS-Summer-Research\data\raw\KolektorSDD2\train\11584.png,C:\Users\james\OneDrive - Lancaster University\Documents\Projects\MARS-Summer-Research\data\raw\KolektorSDD2\train\11584_GT.png
train,train,11585,1,Defective,C:\Users\james\OneDrive - Lancaster University\Documents\Projects\MARS-Summer-Research\data\raw\KolektorSDD2\train\11585.png,C:\Users\james\OneDrive - Lancaster University\Documents\Projects\MARS-Summer-Research\data\raw\KolektorSDD2\train\11585_GT.png
train,train,11586,0,Normal,C:\Users\james\OneDrive - Lancaster University\Documents\Projects\MARS-Summer-Research\data\raw\KolektorSDD2\train\11586.png,C:\Users\james\OneDrive - Lancaster University\Documents\Projects\MARS-Summer-Research\data\raw\KolektorSDD2\train\11586_GT.png
train,train,11587,0,Normal,C:\Users\james\OneDrive - Lancaster University\Documents\Projects\MARS-Summer-Research\data\raw\KolektorSDD2\train\11587.png,C:\Users\james\OneDrive - Lancaster University\Documents\Projects\MARS-Summer-Research\data\raw\KolektorSDD2\train\11587_GT.png
train,train,11588,0,Normal,C:\Users\james\OneDrive - Lancaster University\Documents\Projects\MARS-Summer-Research\data\raw\KolektorSDD2\train\11588.png,C:\Users\james\OneDrive - Lancaster University\Documents\Projects\MARS-Summer-Research\data\raw\KolektorSDD2\train\11588_GT.png
train,train,11589,0,Normal,C:\Users\james\OneDrive - Lancaster University\Documents\Projects\MARS-Summer-Research\data\raw\KolektorSDD2\train\11589.png,C:\Users\james\OneDrive - Lancaster University\Documents\Projects\MARS-Summer-Research\data\raw\KolektorSDD2\train\11589_GT.png
train,train,11590,1,Defective,C:\Users\james\OneDrive - Lancaster University\Documents\Projects\MARS-Summer-Research\data\raw\KolektorSDD2\train\11590.png,C:\Users\james\OneDrive - Lancaster University\Documents\Projects\MARS-Summer-Research\data\raw\KolektorSDD2\train\11590_GT.png
train,train,11592,0,Normal,C:\Users\james\OneDrive - Lancaster University\Documents\Projects\MARS-Summer-Research\data\raw\KolektorSDD2\train\11592.png,C:\Users\james\OneDrive - Lancaster University\Documents\Projects\MARS-Summer-Research\data\raw\KolektorSDD2\train\11592_GT.png
train,train,11593,0,Normal,C:\Users\james\OneDrive - Lancaster University\Documents\Projects\MARS-Summer-Research\data\raw\KolektorSDD2\train\11593.png,C:\Users\james\OneDrive - Lancaster University\Documents\Projects\MARS-Summer-Research\data\raw\KolektorSDD2\train\11593_GT.png
train,train,11594,0,Normal,C:\Users\james\OneDrive - Lancaster University\Documents\Projects\MARS-Summer-Research\data\raw\KolektorSDD2\train\11594.png,C:\Users\james\OneDrive - Lancaster University\Documents\Projects\MARS-Summer-Research\data\raw\KolektorSDD2\train\11594_GT.png
train,train,11596,0,Normal,C:\Users\james\OneDrive - Lancaster University\Documents\Projects\MARS-Summer-Research\data\raw\KolektorSDD2\train\11596.png,C:\Users\james\OneDrive - Lancaster University\Documents\Projects\MARS-Summer-Research\data\raw\KolektorSDD2\train\11596_GT.png
train,train,11597,0,Normal,C:\Users\james\OneDrive - Lancaster University\Documents\Projects\MARS-Summer-Research\data\raw\KolektorSDD2\train\11597.png,C:\Users\james\OneDrive - Lancaster University\Documents\Projects\MARS-Summer-Research\data\raw\KolektorSDD2\train\11597_GT.png
train,train,11598,0,Normal,C:\Users\james\OneDrive - Lancaster University\Documents\Projects\MARS-Summer-Research\data\raw\KolektorSDD2\train\11598.png,C:\Users\james\OneDrive - Lancaster University\Documents\Projects\MARS-Summer-Research\data\raw\KolektorSDD2\train\11598_GT.png
train,train,11600,0,Normal,C:\Users\james\OneDrive - Lancaster University\Documents\Projects\MARS-Summer-Research\data\raw\KolektorSDD2\train\11600.png,C:\Users\james\OneDrive - Lancaster University\Documents\Projects\MARS-Summer-Research\data\raw\KolektorSDD2\train\11600_GT.png
train,train,11601,1,Defective,C:\Users\james\OneDrive - Lancaster University\Documents\Projects\MARS-Summer-Research\data\raw\KolektorSDD2\train\11601.png,C:\Users\james\OneDrive - Lancaster University\Documents\Projects\MARS-Summer-Research\data\raw\KolektorSDD2\train\11601_GT.png
train,train,11602,0,Normal,C:\Users\james\OneDrive - Lancaster University\Documents\Projects\MARS-Summer-Research\data\raw\KolektorSDD2\train\11602.png,C:\Users\james\OneDrive - Lancaster University\Documents\Projects\MARS-Summer-Research\data\raw\KolektorSDD2\train\11602_GT.png
train,train,11603,0,Normal,C:\Users\james\OneDrive - Lancaster University\Documents\Projects\MARS-Summer-Research\data\raw\KolektorSDD2\train\11603.png,C:\Users\james\OneDrive - Lancaster University\Documents\Projects\MARS-Summer-Research\data\raw\KolektorSDD2\train\11603_GT.png
train,train,11606,0,Normal,C:\Users\james\OneDrive - Lancaster University\Documents\Projects\MARS-Summer-Research\data\raw\KolektorSDD2\train\11606.png,C:\Users\james\OneDrive - Lancaster University\Documents\Projects\MARS-Summer-Research\data\raw\KolektorSDD2\train\11606_GT.png
train,train,11607,0,Normal,C:\Users\james\OneDrive - Lancaster University\Documents\Projects\MARS-Summer-Research\data\raw\KolektorSDD2\train\11607.png,C:\Users\james\OneDrive - Lancaster University\Documents\Projects\MARS-Summer-Research\data\raw\KolektorSDD2\train\11607_GT.png
train,train,11608,0,Normal,C:\Users\james\OneDrive - Lancaster University\Documents\Projects\MARS-Summer-Research\data\raw\KolektorSDD2\train\11608.png,C:\Users\james\OneDrive - Lancaster University\Documents\Projects\MARS-Summer-Research\data\raw\KolektorSDD2\train\11608_GT.png
train,train,11610,0,Normal,C:\Users\james\OneDrive - Lancaster University\Documents\Projects\MARS-Summer-Research\data\raw\KolektorSDD2\train\11610.png,C:\Users\james\OneDrive - Lancaster University\Documents\Projects\MARS-Summer-Research\data\raw\KolektorSDD2\train\11610_GT.png
train,train,11612,1,Defective,C:\Users\james\OneDrive - Lancaster University\Documents\Projects\MARS-Summer-Research\data\raw\KolektorSDD2\train\11612.png,C:\Users\james\OneDrive - Lancaster University\Documents\Projects\MARS-Summer-Research\data\raw\KolektorSDD2\train\11612_GT.png
train,train,11613,0,Normal,C:\Users\james\OneDrive - Lancaster University\Documents\Projects\MARS-Summer-Research\data\raw\KolektorSDD2\train\11613.png,C:\Users\james\OneDrive - Lancaster University\Documents\Projects\MARS-Summer-Research\data\raw\KolektorSDD2\train\11613_GT.png
train,train,11614,0,Normal,C:\Users\james\OneDrive - Lancaster University\Documents\Projects\MARS-Summer-Research\data\raw\KolektorSDD2\train\11614.png,C:\Users\james\OneDrive - Lancaster University\Documents\Projects\MARS-Summer-Research\data\raw\KolektorSDD2\train\11614_GT.png
train,train,11615,0,Normal,C:\Users\james\OneDrive - Lancaster University\Documents\Projects\MARS-Summer-Research\data\raw\KolektorSDD2\train\11615.png,C:\Users\james\OneDrive - Lancaster University\Documents\Projects\MARS-Summer-Research\data\raw\KolektorSDD2\train\11615_GT.png
train,train,11616,1,Defective,C:\Users\james\OneDrive - Lancaster University\Documents\Projects\MARS-Summer-Research\data\raw\KolektorSDD2\train\11616.png,C:\Users\james\OneDrive - Lancaster University\Documents\Projects\MARS-Summer-Research\data\raw\KolektorSDD2\train\11616_GT.png
train,train,11617,0,Normal,C:\Users\james\OneDrive - Lancaster University\Documents\Projects\MARS-Summer-Research\data\raw\KolektorSDD2\train\11617.png,C:\Users\james\OneDrive - Lancaster University\Documents\Projects\MARS-Summer-Research\data\raw\KolektorSDD2\train\11617_GT.png
train,train,11618,0,Normal,C:\Users\james\OneDrive - Lancaster University\Documents\Projects\MARS-Summer-Research\data\raw\KolektorSDD2\train\11618.png,C:\Users\james\OneDrive - Lancaster University\Documents\Projects\MARS-Summer-Research\data\raw\KolektorSDD2\train\11618_GT.png
train,train,11620,0,Normal,C:\Users\james\OneDrive - Lancaster University\Documents\Projects\MARS-Summer-Research\data\raw\KolektorSDD2\train\11620.png,C:\Users\james\OneDrive - Lancaster University\Documents\Projects\MARS-Summer-Research\data\raw\KolektorSDD2\train\11620_GT.png
train,train,11621,0,Normal,C:\Users\james\OneDrive - Lancaster University\Documents\Projects\MARS-Summer-Research\data\raw\KolektorSDD2\train\11621.png,C:\Users\james\OneDrive - Lancaster University\Documents\Projects\MARS-Summer-Research\data\raw\KolektorSDD2\train\11621_GT.png
train,train,11622,0,Normal,C:\Users\james\OneDrive - Lancaster University\Documents\Projects\MARS-Summer-Research\data\raw\KolektorSDD2\train\11622.png,C:\Users\james\OneDrive - Lancaster University\Documents\Projects\MARS-Summer-Research\data\raw\KolektorSDD2\train\11622_GT.png
train,train,11623,0,Normal,C:\Users\james\OneDrive - Lancaster University\Documents\Projects\MARS-Summer-Research\data\raw\KolektorSDD2\train\11623.png,C:\Users\james\OneDrive - Lancaster University\Documents\Projects\MARS-Summer-Research\data\raw\KolektorSDD2\train\11623_GT.png
train,train,11624,0,Normal,C:\Users\james\OneDrive - Lancaster University\Documents\Projects\MARS-Summer-Research\data\raw\KolektorSDD2\train\11624.png,C:\Users\james\OneDrive - Lancaster University\Documents\Projects\MARS-Summer-Research\data\raw\KolektorSDD2\train\11624_GT.png
train,train,11625,0,Normal,C:\Users\james\OneDrive - Lancaster University\Documents\Projects\MARS-Summer-Research\data\raw\KolektorSDD2\train\11625.png,C:\Users\james\OneDrive - Lancaster University\Documents\Projects\MARS-Summer-Research\data\raw\KolektorSDD2\train\11625_GT.png
train,train,11626,0,Normal,C:\Users\james\OneDrive - Lancaster University\Documents\Projects\MARS-Summer-Research\data\raw\KolektorSDD2\train\11626.png,C:\Users\james\OneDrive - Lancaster University\Documents\Projects\MARS-Summer-Research\data\raw\KolektorSDD2\train\11626_GT.png
train,train,11627,0,Normal,C:\Users\james\OneDrive - Lancaster University\Documents\Projects\MARS-Summer-Research\data\raw\KolektorSDD2\train\11627.png,C:\Users\james\OneDrive - Lancaster University\Documents\Projects\MARS-Summer-Research\data\raw\KolektorSDD2\train\11627_GT.png
train,train,11628,0,Normal,C:\Users\james\OneDrive - Lancaster University\Documents\Projects\MARS-Summer-Research\data\raw\KolektorSDD2\train\11628.png,C:\Users\james\OneDrive - Lancaster University\Documents\Projects\MARS-Summer-Research\data\raw\KolektorSDD2\train\11628_GT.png
train,train,11630,0,Normal,C:\Users\james\OneDrive - Lancaster University\Documents\Projects\MARS-Summer-Research\data\raw\KolektorSDD2\train\11630.png,C:\Users\james\OneDrive - Lancaster University\Documents\Projects\MARS-Summer-Research\data\raw\KolektorSDD2\train\11630_GT.png
train,train,11632,1,Defective,C:\Users\james\OneDrive - Lancaster University\Documents\Projects\MARS-Summer-Research\data\raw\KolektorSDD2\train\11632.png,C:\Users\james\OneDrive - Lancaster University\Documents\Projects\MARS-Summer-Research\data\raw\KolektorSDD2\train\11632_GT.png
train,train,11633,0,Normal,C:\Users\james\OneDrive - Lancaster University\Documents\Projects\MARS-Summer-Research\data\raw\KolektorSDD2\train\11633.png,C:\Users\james\OneDrive - Lancaster University\Documents\Projects\MARS-Summer-Research\data\raw\KolektorSDD2\train\11633_GT.png
train,train,11634,0,Normal,C:\Users\james\OneDrive - Lancaster University\Documents\Projects\MARS-Summer-Research\data\raw\KolektorSDD2\train\11634.png,C:\Users\james\OneDrive - Lancaster University\Documents\Projects\MARS-Summer-Research\data\raw\KolektorSDD2\train\11634_GT.png
train,train,11635,0,Normal,C:\Users\james\OneDrive - Lancaster University\Documents\Projects\MARS-Summer-Research\data\raw\KolektorSDD2\train\11635.png,C:\Users\james\OneDrive - Lancaster University\Documents\Projects\MARS-Summer-Research\data\raw\KolektorSDD2\train\11635_GT.png
train,train,11636,0,Normal,C:\Users\james\OneDrive - Lancaster University\Documents\Projects\MARS-Summer-Research\data\raw\KolektorSDD2\train\11636.png,C:\Users\james\OneDrive - Lancaster University\Documents\Projects\MARS-Summer-Research\data\raw\KolektorSDD2\train\11636_GT.png
train,train,11637,0,Normal,C:\Users\james\OneDrive - Lancaster University\Documents\Projects\MARS-Summer-Research\data\raw\KolektorSDD2\train\11637.png,C:\Users\james\OneDrive - Lancaster University\Documents\Projects\MARS-Summer-Research\data\raw\KolektorSDD2\train\11637_GT.png
train,train,11638,0,Normal,C:\Users\james\OneDrive - Lancaster University\Documents\Projects\MARS-Summer-Research\data\raw\KolektorSDD2\train\11638.png,C:\Users\james\OneDrive - Lancaster University\Documents\Projects\MARS-Summer-Research\data\raw\KolektorSDD2\train\11638_GT.png
train,train,11639,0,Normal,C:\Users\james\OneDrive - Lancaster University\Documents\Projects\MARS-Summer-Research\data\raw\KolektorSDD2\train\11639.png,C:\Users\james\OneDrive - Lancaster University\Documents\Projects\MARS-Summer-Research\data\raw\KolektorSDD2\train\11639_GT.png
train,train,11640,0,Normal,C:\Users\james\OneDrive - Lancaster University\Documents\Projects\MARS-Summer-Research\data\raw\KolektorSDD2\train\11640.png,C:\Users\james\OneDrive - Lancaster University\Documents\Projects\MARS-Summer-Research\data\raw\KolektorSDD2\train\11640_GT.png
train,train,11641,1,Defective,C:\Users\james\OneDrive - Lancaster University\Documents\Projects\MARS-Summer-Research\data\raw\KolektorSDD2\train\11641.png,C:\Users\james\OneDrive - Lancaster University\Documents\Projects\MARS-Summer-Research\data\raw\KolektorSDD2\train\11641_GT.png
train,train,11642,1,Defective,C:\Users\james\OneDrive - Lancaster University\Documents\Projects\MARS-Summer-Research\data\raw\KolektorSDD2\train\11642.png,C:\Users\james\OneDrive - Lancaster University\Documents\Projects\MARS-Summer-Research\data\raw\KolektorSDD2\train\11642_GT.png
train,train,11643,1,Defective,C:\Users\james\OneDrive - Lancaster University\Documents\Projects\MARS-Summer-Research\data\raw\KolektorSDD2\train\11643.png,C:\Users\james\OneDrive - Lancaster University\Documents\Projects\MARS-Summer-Research\data\raw\KolektorSDD2\train\11643_GT.png
train,train,11644,0,Normal,C:\Users\james\OneDrive - Lancaster University\Documents\Projects\MARS-Summer-Research\data\raw\KolektorSDD2\train\11644.png,C:\Users\james\OneDrive - Lancaster University\Documents\Projects\MARS-Summer-Research\data\raw\KolektorSDD2\train\11644_GT.png
train,train,11645,0,Normal,C:\Users\james\OneDrive - Lancaster University\Documents\Projects\MARS-Summer-Research\data\raw\KolektorSDD2\train\11645.png,C:\Users\james\OneDrive - Lancaster University\Documents\Projects\MARS-Summer-Research\data\raw\KolektorSDD2\train\11645_GT.png
train,train,11646,0,Normal,C:\Users\james\OneDrive - Lancaster University\Documents\Projects\MARS-Summer-Research\data\raw\KolektorSDD2\train\11646.png,C:\Users\james\OneDrive - Lancaster University\Documents\Projects\MARS-Summer-Research\data\raw\KolektorSDD2\train\11646_GT.png
train,train,11647,0,Normal,C:\Users\james\OneDrive - Lancaster University\Documents\Projects\MARS-Summer-Research\data\raw\KolektorSDD2\train\11647.png,C:\Users\james\OneDrive - Lancaster University\Documents\Projects\MARS-Summer-Research\data\raw\KolektorSDD2\train\11647_GT.png
train,train,11648,0,Normal,C:\Users\james\OneDrive - Lancaster University\Documents\Projects\MARS-Summer-Research\data\raw\KolektorSDD2\train\11648.png,C:\Users\james\OneDrive - Lancaster University\Documents\Projects\MARS-Summer-Research\data\raw\KolektorSDD2\train\11648_GT.png
train,train,11649,0,Normal,C:\Users\james\OneDrive - Lancaster University\Documents\Projects\MARS-Summer-Research\data\raw\KolektorSDD2\train\11649.png,C:\Users\james\OneDrive - Lancaster University\Documents\Projects\MARS-Summer-Research\data\raw\KolektorSDD2\train\11649_GT.png
train,train,11650,0,Normal,C:\Users\james\OneDrive - Lancaster University\Documents\Projects\MARS-Summer-Research\data\raw\KolektorSDD2\train\11650.png,C:\Users\james\OneDrive - Lancaster University\Documents\Projects\MARS-Summer-Research\data\raw\KolektorSDD2\train\11650_GT.png
train,train,11653,0,Normal,C:\Users\james\OneDrive - Lancaster University\Documents\Projects\MARS-Summer-Research\data\raw\KolektorSDD2\train\11653.png,C:\Users\james\OneDrive - Lancaster University\Documents\Projects\MARS-Summer-Research\data\raw\KolektorSDD2\train\11653_GT.png
train,train,11654,0,Normal,C:\Users\james\OneDrive - Lancaster University\Documents\Projects\MARS-Summer-Research\data\raw\KolektorSDD2\train\11654.png,C:\Users\james\OneDrive - Lancaster University\Documents\Projects\MARS-Summer-Research\data\raw\KolektorSDD2\train\11654_GT.png
train,train,11656,0,Normal,C:\Users\james\OneDrive - Lancaster University\Documents\Projects\MARS-Summer-Research\data\raw\KolektorSDD2\train\11656.png,C:\Users\james\OneDrive - Lancaster University\Documents\Projects\MARS-Summer-Research\data\raw\KolektorSDD2\train\11656_GT.png
train,train,11658,1,Defective,C:\Users\james\OneDrive - Lancaster University\Documents\Projects\MARS-Summer-Research\data\raw\KolektorSDD2\train\11658.png,C:\Users\james\OneDrive - Lancaster University\Documents\Projects\MARS-Summer-Research\data\raw\KolektorSDD2\train\11658_GT.png
train,train,11660,0,Normal,C:\Users\james\OneDrive - Lancaster University\Documents\Projects\MARS-Summer-Research\data\raw\KolektorSDD2\train\11660.png,C:\Users\james\OneDrive - Lancaster University\Documents\Projects\MARS-Summer-Research\data\raw\KolektorSDD2\train\11660_GT.png
train,train,11661,0,Normal,C:\Users\james\OneDrive - Lancaster University\Documents\Projects\MARS-Summer-Research\data\raw\KolektorSDD2\train\11661.png,C:\Users\james\OneDrive - Lancaster University\Documents\Projects\MARS-Summer-Research\data\raw\KolektorSDD2\train\11661_GT.png
train,train,11662,1,Defective,C:\Users\james\OneDrive - Lancaster University\Documents\Projects\MARS-Summer-Research\data\raw\KolektorSDD2\train\11662.png,C:\Users\james\OneDrive - Lancaster University\Documents\Projects\MARS-Summer-Research\data\raw\KolektorSDD2\train\11662_GT.png
train,train,11663,0,Normal,C:\Users\james\OneDrive - Lancaster University\Documents\Projects\MARS-Summer-Research\data\raw\KolektorSDD2\train\11663.png,C:\Users\james\OneDrive - Lancaster University\Documents\Projects\MARS-Summer-Research\data\raw\KolektorSDD2\train\11663_GT.png
train,train,11664,0,Normal,C:\Users\james\OneDrive - Lancaster University\Documents\Projects\MARS-Summer-Research\data\raw\KolektorSDD2\train\11664.png,C:\Users\james\OneDrive - Lancaster University\Documents\Projects\MARS-Summer-Research\data\raw\KolektorSDD2\train\11664_GT.png
train,train,11665,0,Normal,C:\Users\james\OneDrive - Lancaster University\Documents\Projects\MARS-Summer-Research\data\raw\KolektorSDD2\train\11665.png,C:\Users\james\OneDrive - Lancaster University\Documents\Projects\MARS-Summer-Research\data\raw\KolektorSDD2\train\11665_GT.png
train,train,11666,0,Normal,C:\Users\james\OneDrive - Lancaster University\Documents\Projects\MARS-Summer-Research\data\raw\KolektorSDD2\train\11666.png,C:\Users\james\OneDrive - Lancaster University\Documents\Projects\MARS-Summer-Research\data\raw\KolektorSDD2\train\11666_GT.png
train,train,11667,0,Normal,C:\Users\james\OneDrive - Lancaster University\Documents\Projects\MARS-Summer-Research\data\raw\KolektorSDD2\train\11667.png,C:\Users\james\OneDrive - Lancaster University\Documents\Projects\MARS-Summer-Research\data\raw\KolektorSDD2\train\11667_GT.png
train,train,11668,0,Normal,C:\Users\james\OneDrive - Lancaster University\Documents\Projects\MARS-Summer-Research\data\raw\KolektorSDD2\train\11668.png,C:\Users\james\OneDrive - Lancaster University\Documents\Projects\MARS-Summer-Research\data\raw\KolektorSDD2\train\11668_GT.png
train,train,11670,1,Defective,C:\Users\james\OneDrive - Lancaster University\Documents\Projects\MARS-Summer-Research\data\raw\KolektorSDD2\train\11670.png,C:\Users\james\OneDrive - Lancaster University\Documents\Projects\MARS-Summer-Research\data\raw\KolektorSDD2\train\11670_GT.png
train,train,11671,0,Normal,C:\Users\james\OneDrive - Lancaster University\Documents\Projects\MARS-Summer-Research\data\raw\KolektorSDD2\train\11671.png,C:\Users\james\OneDrive - Lancaster University\Documents\Projects\MARS-Summer-Research\data\raw\KolektorSDD2\train\11671_GT.png
train,train,11674,0,Normal,C:\Users\james\OneDrive - Lancaster University\Documents\Projects\MARS-Summer-Research\data\raw\KolektorSDD2\train\11674.png,C:\Users\james\OneDrive - Lancaster University\Documents\Projects\MARS-Summer-Research\data\raw\KolektorSDD2\train\11674_GT.png
train,train,11675,0,Normal,C:\Users\james\OneDrive - Lancaster University\Documents\Projects\MARS-Summer-Research\data\raw\KolektorSDD2\train\11675.png,C:\Users\james\OneDrive - Lancaster University\Documents\Projects\MARS-Summer-Research\data\raw\KolektorSDD2\train\11675_GT.png
train,train,11676,0,Normal,C:\Users\james\OneDrive - Lancaster University\Documents\Projects\MARS-Summer-Research\data\raw\KolektorSDD2\train\11676.png,C:\Users\james\OneDrive - Lancaster University\Documents\Projects\MARS-Summer-Research\data\raw\KolektorSDD2\train\11676_GT.png
train,train,11678,0,Normal,C:\Users\james\OneDrive - Lancaster University\Documents\Projects\MARS-Summer-Research\data\raw\KolektorSDD2\train\11678.png,C:\Users\james\OneDrive - Lancaster University\Documents\Projects\MARS-Summer-Research\data\raw\KolektorSDD2\train\11678_GT.png
train,train,11679,0,Normal,C:\Users\james\OneDrive - Lancaster University\Documents\Projects\MARS-Summer-Research\data\raw\KolektorSDD2\train\11679.png,C:\Users\james\OneDrive - Lancaster University\Documents\Projects\MARS-Summer-Research\data\raw\KolektorSDD2\train\11679_GT.png
train,train,11680,0,Normal,C:\Users\james\OneDrive - Lancaster University\Documents\Projects\MARS-Summer-Research\data\raw\KolektorSDD2\train\11680.png,C:\Users\james\OneDrive - Lancaster University\Documents\Projects\MARS-Summer-Research\data\raw\KolektorSDD2\train\11680_GT.png
train,train,11682,0,Normal,C:\Users\james\OneDrive - Lancaster University\Documents\Projects\MARS-Summer-Research\data\raw\KolektorSDD2\train\11682.png,C:\Users\james\OneDrive - Lancaster University\Documents\Projects\MARS-Summer-Research\data\raw\KolektorSDD2\train\11682_GT.png
train,train,11683,0,Normal,C:\Users\james\OneDrive - Lancaster University\Documents\Projects\MARS-Summer-Research\data\raw\KolektorSDD2\train\11683.png,C:\Users\james\OneDrive - Lancaster University\Documents\Projects\MARS-Summer-Research\data\raw\KolektorSDD2\train\11683_GT.png
train,train,11684,0,Normal,C:\Users\james\OneDrive - Lancaster University\Documents\Projects\MARS-Summer-Research\data\raw\KolektorSDD2\train\11684.png,C:\Users\james\OneDrive - Lancaster University\Documents\Projects\MARS-Summer-Research\data\raw\KolektorSDD2\train\11684_GT.png
train,train,11685,0,Normal,C:\Users\james\OneDrive - Lancaster University\Documents\Projects\MARS-Summer-Research\data\raw\KolektorSDD2\train\11685.png,C:\Users\james\OneDrive - Lancaster University\Documents\Projects\MARS-Summer-Research\data\raw\KolektorSDD2\train\11685_GT.png
train,train,11686,0,Normal,C:\Users\james\OneDrive - Lancaster University\Documents\Projects\MARS-Summer-Research\data\raw\KolektorSDD2\train\11686.png,C:\Users\james\OneDrive - Lancaster University\Documents\Projects\MARS-Summer-Research\data\raw\KolektorSDD2\train\11686_GT.png
train,train,11687,0,Normal,C:\Users\james\OneDrive - Lancaster University\Documents\Projects\MARS-Summer-Research\data\raw\KolektorSDD2\train\11687.png,C:\Users\james\OneDrive - Lancaster University\Documents\Projects\MARS-Summer-Research\data\raw\KolektorSDD2\train\11687_GT.png
train,train,11688,0,Normal,C:\Users\james\OneDrive - Lancaster University\Documents\Projects\MARS-Summer-Research\data\raw\KolektorSDD2\train\11688.png,C:\Users\james\OneDrive - Lancaster University\Documents\Projects\MARS-Summer-Research\data\raw\KolektorSDD2\train\11688_GT.png
train,train,11689,0,Normal,C:\Users\james\OneDrive - Lancaster University\Documents\Projects\MARS-Summer-Research\data\raw\KolektorSDD2\train\11689.png,C:\Users\james\OneDrive - Lancaster University\Documents\Projects\MARS-Summer-Research\data\raw\KolektorSDD2\train\11689_GT.png
train,train,11691,0,Normal,C:\Users\james\OneDrive - Lancaster University\Documents\Projects\MARS-Summer-Research\data\raw\KolektorSDD2\train\11691.png,C:\Users\james\OneDrive - Lancaster University\Documents\Projects\MARS-Summer-Research\data\raw\KolektorSDD2\train\11691_GT.png
train,train,11693,0,Normal,C:\Users\james\OneDrive - Lancaster University\Documents\Projects\MARS-Summer-Research\data\raw\KolektorSDD2\train\11693.png,C:\Users\james\OneDrive - Lancaster University\Documents\Projects\MARS-Summer-Research\data\raw\KolektorSDD2\train\11693_GT.png
train,train,11694,0,Normal,C:\Users\james\OneDrive - Lancaster University\Documents\Projects\MARS-Summer-Research\data\raw\KolektorSDD2\train\11694.png,C:\Users\james\OneDrive - Lancaster University\Documents\Projects\MARS-Summer-Research\data\raw\KolektorSDD2\train\11694_GT.png
train,train,11695,1,Defective,C:\Users\james\OneDrive - Lancaster University\Documents\Projects\MARS-Summer-Research\data\raw\KolektorSDD2\train\11695.png,C:\Users\james\OneDrive - Lancaster University\Documents\Projects\MARS-Summer-Research\data\raw\KolektorSDD2\train\11695_GT.png
train,train,11696,0,Normal,C:\Users\james\OneDrive - Lancaster University\Documents\Projects\MARS-Summer-Research\data\raw\KolektorSDD2\train\11696.png,C:\Users\james\OneDrive - Lancaster University\Documents\Projects\MARS-Summer-Research\data\raw\KolektorSDD2\train\11696_GT.png
train,train,11697,0,Normal,C:\Users\james\OneDrive - Lancaster University\Documents\Projects\MARS-Summer-Research\data\raw\KolektorSDD2\train\11697.png,C:\Users\james\OneDrive - Lancaster University\Documents\Projects\MARS-Summer-Research\data\raw\KolektorSDD2\train\11697_GT.png
train,train,11699,0,Normal,C:\Users\james\OneDrive - Lancaster University\Documents\Projects\MARS-Summer-Research\data\raw\KolektorSDD2\train\11699.png,C:\Users\james\OneDrive - Lancaster University\Documents\Projects\MARS-Summer-Research\data\raw\KolektorSDD2\train\11699_GT.png
train,train,11701,0,Normal,C:\Users\james\OneDrive - Lancaster University\Documents\Projects\MARS-Summer-Research\data\raw\KolektorSDD2\train\11701.png,C:\Users\james\OneDrive - Lancaster University\Documents\Projects\MARS-Summer-Research\data\raw\KolektorSDD2\train\11701_GT.png
train,train,11702,0,Normal,C:\Users\james\OneDrive - Lancaster University\Documents\Projects\MARS-Summer-Research\data\raw\KolektorSDD2\train\11702.png,C:\Users\james\OneDrive - Lancaster University\Documents\Projects\MARS-Summer-Research\data\raw\KolektorSDD2\train\11702_GT.png
train,train,11703,0,Normal,C:\Users\james\OneDrive - Lancaster University\Documents\Projects\MARS-Summer-Research\data\raw\KolektorSDD2\train\11703.png,C:\Users\james\OneDrive - Lancaster University\Documents\Projects\MARS-Summer-Research\data\raw\KolektorSDD2\train\11703_GT.png
train,train,11704,0,Normal,C:\Users\james\OneDrive - Lancaster University\Documents\Projects\MARS-Summer-Research\data\raw\KolektorSDD2\train\11704.png,C:\Users\james\OneDrive - Lancaster University\Documents\Projects\MARS-Summer-Research\data\raw\KolektorSDD2\train\11704_GT.png
train,train,11708,0,Normal,C:\Users\james\OneDrive - Lancaster University\Documents\Projects\MARS-Summer-Research\data\raw\KolektorSDD2\train\11708.png,C:\Users\james\OneDrive - Lancaster University\Documents\Projects\MARS-Summer-Research\data\raw\KolektorSDD2\train\11708_GT.png
train,train,11709,0,Normal,C:\Users\james\OneDrive - Lancaster University\Documents\Projects\MARS-Summer-Research\data\raw\KolektorSDD2\train\11709.png,C:\Users\james\OneDrive - Lancaster University\Documents\Projects\MARS-Summer-Research\data\raw\KolektorSDD2\train\11709_GT.png
train,train,11710,0,Normal,C:\Users\james\OneDrive - Lancaster University\Documents\Projects\MARS-Summer-Research\data\raw\KolektorSDD2\train\11710.png,C:\Users\james\OneDrive - Lancaster University\Documents\Projects\MARS-Summer-Research\data\raw\KolektorSDD2\train\11710_GT.png
train,train,11711,1,Defective,C:\Users\james\OneDrive - Lancaster University\Documents\Projects\MARS-Summer-Research\data\raw\KolektorSDD2\train\11711.png,C:\Users\james\OneDrive - Lancaster University\Documents\Projects\MARS-Summer-Research\data\raw\KolektorSDD2\train\11711_GT.png
train,train,11713,1,Defective,C:\Users\james\OneDrive - Lancaster University\Documents\Projects\MARS-Summer-Research\data\raw\KolektorSDD2\train\11713.png,C:\Users\james\OneDrive - Lancaster University\Documents\Projects\MARS-Summer-Research\data\raw\KolektorSDD2\train\11713_GT.png
train,train,11716,0,Normal,C:\Users\james\OneDrive - Lancaster University\Documents\Projects\MARS-Summer-Research\data\raw\KolektorSDD2\train\11716.png,C:\Users\james\OneDrive - Lancaster University\Documents\Projects\MARS-Summer-Research\data\raw\KolektorSDD2\train\11716_GT.png
train,train,11717,0,Normal,C:\Users\james\OneDrive - Lancaster University\Documents\Projects\MARS-Summer-Research\data\raw\KolektorSDD2\train\11717.png,C:\Users\james\OneDrive - Lancaster University\Documents\Projects\MARS-Summer-Research\data\raw\KolektorSDD2\train\11717_GT.png
train,train,11718,0,Normal,C:\Users\james\OneDrive - Lancaster University\Documents\Projects\MARS-Summer-Research\data\raw\KolektorSDD2\train\11718.png,C:\Users\james\OneDrive - Lancaster University\Documents\Projects\MARS-Summer-Research\data\raw\KolektorSDD2\train\11718_GT.png
train,train,11720,0,Normal,C:\Users\james\OneDrive - Lancaster University\Documents\Projects\MARS-Summer-Research\data\raw\KolektorSDD2\train\11720.png,C:\Users\james\OneDrive - Lancaster University\Documents\Projects\MARS-Summer-Research\data\raw\KolektorSDD2\train\11720_GT.png
train,train,11721,0,Normal,C:\Users\james\OneDrive - Lancaster University\Documents\Projects\MARS-Summer-Research\data\raw\KolektorSDD2\train\11721.png,C:\Users\james\OneDrive - Lancaster University\Documents\Projects\MARS-Summer-Research\data\raw\KolektorSDD2\train\11721_GT.png
train,train,11722,0,Normal,C:\Users\james\OneDrive - Lancaster University\Documents\Projects\MARS-Summer-Research\data\raw\KolektorSDD2\train\11722.png,C:\Users\james\OneDrive - Lancaster University\Documents\Projects\MARS-Summer-Research\data\raw\KolektorSDD2\train\11722_GT.png
train,train,11723,0,Normal,C:\Users\james\OneDrive - Lancaster University\Documents\Projects\MARS-Summer-Research\data\raw\KolektorSDD2\train\11723.png,C:\Users\james\OneDrive - Lancaster University\Documents\Projects\MARS-Summer-Research\data\raw\KolektorSDD2\train\11723_GT.png
train,train,11724,0,Normal,C:\Users\james\OneDrive - Lancaster University\Documents\Projects\MARS-Summer-Research\data\raw\KolektorSDD2\train\11724.png,C:\Users\james\OneDrive - Lancaster University\Documents\Projects\MARS-Summer-Research\data\raw\KolektorSDD2\train\11724_GT.png
train,train,11725,0,Normal,C:\Users\james\OneDrive - Lancaster University\Documents\Projects\MARS-Summer-Research\data\raw\KolektorSDD2\train\11725.png,C:\Users\james\OneDrive - Lancaster University\Documents\Projects\MARS-Summer-Research\data\raw\KolektorSDD2\train\11725_GT.png
train,train,11726,0,Normal,C:\Users\james\OneDrive - Lancaster University\Documents\Projects\MARS-Summer-Research\data\raw\KolektorSDD2\train\11726.png,C:\Users\james\OneDrive - Lancaster University\Documents\Projects\MARS-Summer-Research\data\raw\KolektorSDD2\train\11726_GT.png
train,train,11727,0,Normal,C:\Users\james\OneDrive - Lancaster University\Documents\Projects\MARS-Summer-Research\data\raw\KolektorSDD2\train\11727.png,C:\Users\james\OneDrive - Lancaster University\Documents\Projects\MARS-Summer-Research\data\raw\KolektorSDD2\train\11727_GT.png
train,train,11728,0,Normal,C:\Users\james\OneDrive - Lancaster University\Documents\Projects\MARS-Summer-Research\data\raw\KolektorSDD2\train\11728.png,C:\Users\james\OneDrive - Lancaster University\Documents\Projects\MARS-Summer-Research\data\raw\KolektorSDD2\train\11728_GT.png
train,train,11729,0,Normal,C:\Users\james\OneDrive - Lancaster University\Documents\Projects\MARS-Summer-Research\data\raw\KolektorSDD2\train\11729.png,C:\Users\james\OneDrive - Lancaster University\Documents\Projects\MARS-Summer-Research\data\raw\KolektorSDD2\train\11729_GT.png
train,train,11730,0,Normal,C:\Users\james\OneDrive - Lancaster University\Documents\Projects\MARS-Summer-Research\data\raw\KolektorSDD2\train\11730.png,C:\Users\james\OneDrive - Lancaster University\Documents\Projects\MARS-Summer-Research\data\raw\KolektorSDD2\train\11730_GT.png
train,train,11731,0,Normal,C:\Users\james\OneDrive - Lancaster University\Documents\Projects\MARS-Summer-Research\data\raw\KolektorSDD2\train\11731.png,C:\Users\james\OneDrive - Lancaster University\Documents\Projects\MARS-Summer-Research\data\raw\KolektorSDD2\train\11731_GT.png
train,train,11732,0,Normal,C:\Users\james\OneDrive - Lancaster University\Documents\Projects\MARS-Summer-Research\data\raw\KolektorSDD2\train\11732.png,C:\Users\james\OneDrive - Lancaster University\Documents\Projects\MARS-Summer-Research\data\raw\KolektorSDD2\train\11732_GT.png
train,train,11733,0,Normal,C:\Users\james\OneDrive - Lancaster University\Documents\Projects\MARS-Summer-Research\data\raw\KolektorSDD2\train\11733.png,C:\Users\james\OneDrive - Lancaster University\Documents\Projects\MARS-Summer-Research\data\raw\KolektorSDD2\train\11733_GT.png
train,train,11734,0,Normal,C:\Users\james\OneDrive - Lancaster University\Documents\Projects\MARS-Summer-Research\data\raw\KolektorSDD2\train\11734.png,C:\Users\james\OneDrive - Lancaster University\Documents\Projects\MARS-Summer-Research\data\raw\KolektorSDD2\train\11734_GT.png
train,train,11735,0,Normal,C:\Users\james\OneDrive - Lancaster University\Documents\Projects\MARS-Summer-Research\data\raw\KolektorSDD2\train\11735.png,C:\Users\james\OneDrive - Lancaster University\Documents\Projects\MARS-Summer-Research\data\raw\KolektorSDD2\train\11735_GT.png
train,train,11736,0,Normal,C:\Users\james\OneDrive - Lancaster University\Documents\Projects\MARS-Summer-Research\data\raw\KolektorSDD2\train\11736.png,C:\Users\james\OneDrive - Lancaster University\Documents\Projects\MARS-Summer-Research\data\raw\KolektorSDD2\train\11736_GT.png
train,train,11737,0,Normal,C:\Users\james\OneDrive - Lancaster University\Documents\Projects\MARS-Summer-Research\data\raw\KolektorSDD2\train\11737.png,C:\Users\james\OneDrive - Lancaster University\Documents\Projects\MARS-Summer-Research\data\raw\KolektorSDD2\train\11737_GT.png
train,train,11738,0,Normal,C:\Users\james\OneDrive - Lancaster University\Documents\Projects\MARS-Summer-Research\data\raw\KolektorSDD2\train\11738.png,C:\Users\james\OneDrive - Lancaster University\Documents\Projects\MARS-Summer-Research\data\raw\KolektorSDD2\train\11738_GT.png
train,train,11739,1,Defective,C:\Users\james\OneDrive - Lancaster University\Documents\Projects\MARS-Summer-Research\data\raw\KolektorSDD2\train\11739.png,C:\Users\james\OneDrive - Lancaster University\Documents\Projects\MARS-Summer-Research\data\raw\KolektorSDD2\train\11739_GT.png
train,train,11740,0,Normal,C:\Users\james\OneDrive - Lancaster University\Documents\Projects\MARS-Summer-Research\data\raw\KolektorSDD2\train\11740.png,C:\Users\james\OneDrive - Lancaster University\Documents\Projects\MARS-Summer-Research\data\raw\KolektorSDD2\train\11740_GT.png
train,train,11741,0,Normal,C:\Users\james\OneDrive - Lancaster University\Documents\Projects\MARS-Summer-Research\data\raw\KolektorSDD2\train\11741.png,C:\Users\james\OneDrive - Lancaster University\Documents\Projects\MARS-Summer-Research\data\raw\KolektorSDD2\train\11741_GT.png
train,train,11742,0,Normal,C:\Users\james\OneDrive - Lancaster University\Documents\Projects\MARS-Summer-Research\data\raw\KolektorSDD2\train\11742.png,C:\Users\james\OneDrive - Lancaster University\Documents\Projects\MARS-Summer-Research\data\raw\KolektorSDD2\train\11742_GT.png
train,train,11743,0,Normal,C:\Users\james\OneDrive - Lancaster University\Documents\Projects\MARS-Summer-Research\data\raw\KolektorSDD2\train\11743.png,C:\Users\james\OneDrive - Lancaster University\Documents\Projects\MARS-Summer-Research\data\raw\KolektorSDD2\train\11743_GT.png
train,train,11744,0,Normal,C:\Users\james\OneDrive - Lancaster University\Documents\Projects\MARS-Summer-Research\data\raw\KolektorSDD2\train\11744.png,C:\Users\james\OneDrive - Lancaster University\Documents\Projects\MARS-Summer-Research\data\raw\KolektorSDD2\train\11744_GT.png
train,train,11745,0,Normal,C:\Users\james\OneDrive - Lancaster University\Documents\Projects\MARS-Summer-Research\data\raw\KolektorSDD2\train\11745.png,C:\Users\james\OneDrive - Lancaster University\Documents\Projects\MARS-Summer-Research\data\raw\KolektorSDD2\train\11745_GT.png
train,train,11746,1,Defective,C:\Users\james\OneDrive - Lancaster University\Documents\Projects\MARS-Summer-Research\data\raw\KolektorSDD2\train\11746.png,C:\Users\james\OneDrive - Lancaster University\Documents\Projects\MARS-Summer-Research\data\raw\KolektorSDD2\train\11746_GT.png
train,train,11747,0,Normal,C:\Users\james\OneDrive - Lancaster University\Documents\Projects\MARS-Summer-Research\data\raw\KolektorSDD2\train\11747.png,C:\Users\james\OneDrive - Lancaster University\Documents\Projects\MARS-Summer-Research\data\raw\KolektorSDD2\train\11747_GT.png
train,train,11748,0,Normal,C:\Users\james\OneDrive - Lancaster University\Documents\Projects\MARS-Summer-Research\data\raw\KolektorSDD2\train\11748.png,C:\Users\james\OneDrive - Lancaster University\Documents\Projects\MARS-Summer-Research\data\raw\KolektorSDD2\train\11748_GT.png
train,train,11749,0,Normal,C:\Users\james\OneDrive - Lancaster University\Documents\Projects\MARS-Summer-Research\data\raw\KolektorSDD2\train\11749.png,C:\Users\james\OneDrive - Lancaster University\Documents\Projects\MARS-Summer-Research\data\raw\KolektorSDD2\train\11749_GT.png
train,train,11750,1,Defective,C:\Users\james\OneDrive - Lancaster University\Documents\Projects\MARS-Summer-Research\data\raw\KolektorSDD2\train\11750.png,C:\Users\james\OneDrive - Lancaster University\Documents\Projects\MARS-Summer-Research\data\raw\KolektorSDD2\train\11750_GT.png
train,train,11751,0,Normal,C:\Users\james\OneDrive - Lancaster University\Documents\Projects\MARS-Summer-Research\data\raw\KolektorSDD2\train\11751.png,C:\Users\james\OneDrive - Lancaster University\Documents\Projects\MARS-Summer-Research\data\raw\KolektorSDD2\train\11751_GT.png
train,train,11752,0,Normal,C:\Users\james\OneDrive - Lancaster University\Documents\Projects\MARS-Summer-Research\data\raw\KolektorSDD2\train\11752.png,C:\Users\james\OneDrive - Lancaster University\Documents\Projects\MARS-Summer-Research\data\raw\KolektorSDD2\train\11752_GT.png
train,train,11754,0,Normal,C:\Users\james\OneDrive - Lancaster University\Documents\Projects\MARS-Summer-Research\data\raw\KolektorSDD2\train\11754.png,C:\Users\james\OneDrive - Lancaster University\Documents\Projects\MARS-Summer-Research\data\raw\KolektorSDD2\train\11754_GT.png
train,train,11755,1,Defective,C:\Users\james\OneDrive - Lancaster University\Documents\Projects\MARS-Summer-Research\data\raw\KolektorSDD2\train\11755.png,C:\Users\james\OneDrive - Lancaster University\Documents\Projects\MARS-Summer-Research\data\raw\KolektorSDD2\train\11755_GT.png
train,train,11756,0,Normal,C:\Users\james\OneDrive - Lancaster University\Documents\Projects\MARS-Summer-Research\data\raw\KolektorSDD2\train\11756.png,C:\Users\james\OneDrive - Lancaster University\Documents\Projects\MARS-Summer-Research\data\raw\KolektorSDD2\train\11756_GT.png
train,train,11757,0,Normal,C:\Users\james\OneDrive - Lancaster University\Documents\Projects\MARS-Summer-Research\data\raw\KolektorSDD2\train\11757.png,C:\Users\james\OneDrive - Lancaster University\Documents\Projects\MARS-Summer-Research\data\raw\KolektorSDD2\train\11757_GT.png
train,train,11758,0,Normal,C:\Users\james\OneDrive - Lancaster University\Documents\Projects\MARS-Summer-Research\data\raw\KolektorSDD2\train\11758.png,C:\Users\james\OneDrive - Lancaster University\Documents\Projects\MARS-Summer-Research\data\raw\KolektorSDD2\train\11758_GT.png
train,train,11759,0,Normal,C:\Users\james\OneDrive - Lancaster University\Documents\Projects\MARS-Summer-Research\data\raw\KolektorSDD2\train\11759.png,C:\Users\james\OneDrive - Lancaster University\Documents\Projects\MARS-Summer-Research\data\raw\KolektorSDD2\train\11759_GT.png
train,train,11760,0,Normal,C:\Users\james\OneDrive - Lancaster University\Documents\Projects\MARS-Summer-Research\data\raw\KolektorSDD2\train\11760.png,C:\Users\james\OneDrive - Lancaster University\Documents\Projects\MARS-Summer-Research\data\raw\KolektorSDD2\train\11760_GT.png
train,train,11762,0,Normal,C:\Users\james\OneDrive - Lancaster University\Documents\Projects\MARS-Summer-Research\data\raw\KolektorSDD2\train\11762.png,C:\Users\james\OneDrive - Lancaster University\Documents\Projects\MARS-Summer-Research\data\raw\KolektorSDD2\train\11762_GT.png
train,train,11764,0,Normal,C:\Users\james\OneDrive - Lancaster University\Documents\Projects\MARS-Summer-Research\data\raw\KolektorSDD2\train\11764.png,C:\Users\james\OneDrive - Lancaster University\Documents\Projects\MARS-Summer-Research\data\raw\KolektorSDD2\train\11764_GT.png
train,train,11765,0,Normal,C:\Users\james\OneDrive - Lancaster University\Documents\Projects\MARS-Summer-Research\data\raw\KolektorSDD2\train\11765.png,C:\Users\james\OneDrive - Lancaster University\Documents\Projects\MARS-Summer-Research\data\raw\KolektorSDD2\train\11765_GT.png
train,train,11766,0,Normal,C:\Users\james\OneDrive - Lancaster University\Documents\Projects\MARS-Summer-Research\data\raw\KolektorSDD2\train\11766.png,C:\Users\james\OneDrive - Lancaster University\Documents\Projects\MARS-Summer-Research\data\raw\KolektorSDD2\train\11766_GT.png
train,train,11767,0,Normal,C:\Users\james\OneDrive - Lancaster University\Documents\Projects\MARS-Summer-Research\data\raw\KolektorSDD2\train\11767.png,C:\Users\james\OneDrive - Lancaster University\Documents\Projects\MARS-Summer-Research\data\raw\KolektorSDD2\train\11767_GT.png
train,train,11768,0,Normal,C:\Users\james\OneDrive - Lancaster University\Documents\Projects\MARS-Summer-Research\data\raw\KolektorSDD2\train\11768.png,C:\Users\james\OneDrive - Lancaster University\Documents\Projects\MARS-Summer-Research\data\raw\KolektorSDD2\train\11768_GT.png
train,train,11770,1,Defective,C:\Users\james\OneDrive - Lancaster University\Documents\Projects\MARS-Summer-Research\data\raw\KolektorSDD2\train\11770.png,C:\Users\james\OneDrive - Lancaster University\Documents\Projects\MARS-Summer-Research\data\raw\KolektorSDD2\train\11770_GT.png
train,train,11771,0,Normal,C:\Users\james\OneDrive - Lancaster University\Documents\Projects\MARS-Summer-Research\data\raw\KolektorSDD2\train\11771.png,C:\Users\james\OneDrive - Lancaster University\Documents\Projects\MARS-Summer-Research\data\raw\KolektorSDD2\train\11771_GT.png
train,train,11772,0,Normal,C:\Users\james\OneDrive - Lancaster University\Documents\Projects\MARS-Summer-Research\data\raw\KolektorSDD2\train\11772.png,C:\Users\james\OneDrive - Lancaster University\Documents\Projects\MARS-Summer-Research\data\raw\KolektorSDD2\train\11772_GT.png
train,train,11773,0,Normal,C:\Users\james\OneDrive - Lancaster University\Documents\Projects\MARS-Summer-Research\data\raw\KolektorSDD2\train\11773.png,C:\Users\james\OneDrive - Lancaster University\Documents\Projects\MARS-Summer-Research\data\raw\KolektorSDD2\train\11773_GT.png
train,train,11775,1,Defective,C:\Users\james\OneDrive - Lancaster University\Documents\Projects\MARS-Summer-Research\data\raw\KolektorSDD2\train\11775.png,C:\Users\james\OneDrive - Lancaster University\Documents\Projects\MARS-Summer-Research\data\raw\KolektorSDD2\train\11775_GT.png
train,train,11776,0,Normal,C:\Users\james\OneDrive - Lancaster University\Documents\Projects\MARS-Summer-Research\data\raw\KolektorSDD2\train\11776.png,C:\Users\james\OneDrive - Lancaster University\Documents\Projects\MARS-Summer-Research\data\raw\KolektorSDD2\train\11776_GT.png
train,train,11777,0,Normal,C:\Users\james\OneDrive - Lancaster University\Documents\Projects\MARS-Summer-Research\data\raw\KolektorSDD2\train\11777.png,C:\Users\james\OneDrive - Lancaster University\Documents\Projects\MARS-Summer-Research\data\raw\KolektorSDD2\train\11777_GT.png
train,train,11778,0,Normal,C:\Users\james\OneDrive - Lancaster University\Documents\Projects\MARS-Summer-Research\data\raw\KolektorSDD2\train\11778.png,C:\Users\james\OneDrive - Lancaster University\Documents\Projects\MARS-Summer-Research\data\raw\KolektorSDD2\train\11778_GT.png
train,train,11779,0,Normal,C:\Users\james\OneDrive - Lancaster University\Documents\Projects\MARS-Summer-Research\data\raw\KolektorSDD2\train\11779.png,C:\Users\james\OneDrive - Lancaster University\Documents\Projects\MARS-Summer-Research\data\raw\KolektorSDD2\train\11779_GT.png
train,train,11780,0,Normal,C:\Users\james\OneDrive - Lancaster University\Documents\Projects\MARS-Summer-Research\data\raw\KolektorSDD2\train\11780.png,C:\Users\james\OneDrive - Lancaster University\Documents\Projects\MARS-Summer-Research\data\raw\KolektorSDD2\train\11780_GT.png
train,train,11782,0,Normal,C:\Users\james\OneDrive - Lancaster University\Documents\Projects\MARS-Summer-Research\data\raw\KolektorSDD2\train\11782.png,C:\Users\james\OneDrive - Lancaster University\Documents\Projects\MARS-Summer-Research\data\raw\KolektorSDD2\train\11782_GT.png
train,train,11785,0,Normal,C:\Users\james\OneDrive - Lancaster University\Documents\Projects\MARS-Summer-Research\data\raw\KolektorSDD2\train\11785.png,C:\Users\james\OneDrive - Lancaster University\Documents\Projects\MARS-Summer-Research\data\raw\KolektorSDD2\train\11785_GT.png
train,train,11786,0,Normal,C:\Users\james\OneDrive - Lancaster University\Documents\Projects\MARS-Summer-Research\data\raw\KolektorSDD2\train\11786.png,C:\Users\james\OneDrive - Lancaster University\Documents\Projects\MARS-Summer-Research\data\raw\KolektorSDD2\train\11786_GT.png
train,train,11787,0,Normal,C:\Users\james\OneDrive - Lancaster University\Documents\Projects\MARS-Summer-Research\data\raw\KolektorSDD2\train\11787.png,C:\Users\james\OneDrive - Lancaster University\Documents\Projects\MARS-Summer-Research\data\raw\KolektorSDD2\train\11787_GT.png
train,train,11788,0,Normal,C:\Users\james\OneDrive - Lancaster University\Documents\Projects\MARS-Summer-Research\data\raw\KolektorSDD2\train\11788.png,C:\Users\james\OneDrive - Lancaster University\Documents\Projects\MARS-Summer-Research\data\raw\KolektorSDD2\train\11788_GT.png
train,train,11790,0,Normal,C:\Users\james\OneDrive - Lancaster University\Documents\Projects\MARS-Summer-Research\data\raw\KolektorSDD2\train\11790.png,C:\Users\james\OneDrive - Lancaster University\Documents\Projects\MARS-Summer-Research\data\raw\KolektorSDD2\train\11790_GT.png
train,train,11791,0,Normal,C:\Users\james\OneDrive - Lancaster University\Documents\Projects\MARS-Summer-Research\data\raw\KolektorSDD2\train\11791.png,C:\Users\james\OneDrive - Lancaster University\Documents\Projects\MARS-Summer-Research\data\raw\KolektorSDD2\train\11791_GT.png
train,train,11792,0,Normal,C:\Users\james\OneDrive - Lancaster University\Documents\Projects\MARS-Summer-Research\data\raw\KolektorSDD2\train\11792.png,C:\Users\james\OneDrive - Lancaster University\Documents\Projects\MARS-Summer-Research\data\raw\KolektorSDD2\train\11792_GT.png
train,train,11793,0,Normal,C:\Users\james\OneDrive - Lancaster University\Documents\Projects\MARS-Summer-Research\data\raw\KolektorSDD2\train\11793.png,C:\Users\james\OneDrive - Lancaster University\Documents\Projects\MARS-Summer-Research\data\raw\KolektorSDD2\train\11793_GT.png
train,train,11794,0,Normal,C:\Users\james\OneDrive - Lancaster University\Documents\Projects\MARS-Summer-Research\data\raw\KolektorSDD2\train\11794.png,C:\Users\james\OneDrive - Lancaster University\Documents\Projects\MARS-Summer-Research\data\raw\KolektorSDD2\train\11794_GT.png
train,train,11795,0,Normal,C:\Users\james\OneDrive - Lancaster University\Documents\Projects\MARS-Summer-Research\data\raw\KolektorSDD2\train\11795.png,C:\Users\james\OneDrive - Lancaster University\Documents\Projects\MARS-Summer-Research\data\raw\KolektorSDD2\train\11795_GT.png
train,train,11796,0,Normal,C:\Users\james\OneDrive - Lancaster University\Documents\Projects\MARS-Summer-Research\data\raw\KolektorSDD2\train\11796.png,C:\Users\james\OneDrive - Lancaster University\Documents\Projects\MARS-Summer-Research\data\raw\KolektorSDD2\train\11796_GT.png
train,train,11797,0,Normal,C:\Users\james\OneDrive - Lancaster University\Documents\Projects\MARS-Summer-Research\data\raw\KolektorSDD2\train\11797.png,C:\Users\james\OneDrive - Lancaster University\Documents\Projects\MARS-Summer-Research\data\raw\KolektorSDD2\train\11797_GT.png
train,train,11798,0,Normal,C:\Users\james\OneDrive - Lancaster University\Documents\Projects\MARS-Summer-Research\data\raw\KolektorSDD2\train\11798.png,C:\Users\james\OneDrive - Lancaster University\Documents\Projects\MARS-Summer-Research\data\raw\KolektorSDD2\train\11798_GT.png
train,train,11799,0,Normal,C:\Users\james\OneDrive - Lancaster University\Documents\Projects\MARS-Summer-Research\data\raw\KolektorSDD2\train\11799.png,C:\Users\james\OneDrive - Lancaster University\Documents\Projects\MARS-Summer-Research\data\raw\KolektorSDD2\train\11799_GT.png
train,train,11800,1,Defective,C:\Users\james\OneDrive - Lancaster University\Documents\Projects\MARS-Summer-Research\data\raw\KolektorSDD2\train\11800.png,C:\Users\james\OneDrive - Lancaster University\Documents\Projects\MARS-Summer-Research\data\raw\KolektorSDD2\train\11800_GT.png
train,train,11801,0,Normal,C:\Users\james\OneDrive - Lancaster University\Documents\Projects\MARS-Summer-Research\data\raw\KolektorSDD2\train\11801.png,C:\Users\james\OneDrive - Lancaster University\Documents\Projects\MARS-Summer-Research\data\raw\KolektorSDD2\train\11801_GT.png
train,train,11802,0,Normal,C:\Users\james\OneDrive - Lancaster University\Documents\Projects\MARS-Summer-Research\data\raw\KolektorSDD2\train\11802.png,C:\Users\james\OneDrive - Lancaster University\Documents\Projects\MARS-Summer-Research\data\raw\KolektorSDD2\train\11802_GT.png
train,train,11803,0,Normal,C:\Users\james\OneDrive - Lancaster University\Documents\Projects\MARS-Summer-Research\data\raw\KolektorSDD2\train\11803.png,C:\Users\james\OneDrive - Lancaster University\Documents\Projects\MARS-Summer-Research\data\raw\KolektorSDD2\train\11803_GT.png
train,train,11804,1,Defective,C:\Users\james\OneDrive - Lancaster University\Documents\Projects\MARS-Summer-Research\data\raw\KolektorSDD2\train\11804.png,C:\Users\james\OneDrive - Lancaster University\Documents\Projects\MARS-Summer-Research\data\raw\KolektorSDD2\train\11804_GT.png
train,train,11805,0,Normal,C:\Users\james\OneDrive - Lancaster University\Documents\Projects\MARS-Summer-Research\data\raw\KolektorSDD2\train\11805.png,C:\Users\james\OneDrive - Lancaster University\Documents\Projects\MARS-Summer-Research\data\raw\KolektorSDD2\train\11805_GT.png
train,train,11806,0,Normal,C:\Users\james\OneDrive - Lancaster University\Documents\Projects\MARS-Summer-Research\data\raw\KolektorSDD2\train\11806.png,C:\Users\james\OneDrive - Lancaster University\Documents\Projects\MARS-Summer-Research\data\raw\KolektorSDD2\train\11806_GT.png
train,train,11807,0,Normal,C:\Users\james\OneDrive - Lancaster University\Documents\Projects\MARS-Summer-Research\data\raw\KolektorSDD2\train\11807.png,C:\Users\james\OneDrive - Lancaster University\Documents\Projects\MARS-Summer-Research\data\raw\KolektorSDD2\train\11807_GT.png
train,train,11808,1,Defective,C:\Users\james\OneDrive - Lancaster University\Documents\Projects\MARS-Summer-Research\data\raw\KolektorSDD2\train\11808.png,C:\Users\james\OneDrive - Lancaster University\Documents\Projects\MARS-Summer-Research\data\raw\KolektorSDD2\train\11808_GT.png
train,train,11809,0,Normal,C:\Users\james\OneDrive - Lancaster University\Documents\Projects\MARS-Summer-Research\data\raw\KolektorSDD2\train\11809.png,C:\Users\james\OneDrive - Lancaster University\Documents\Projects\MARS-Summer-Research\data\raw\KolektorSDD2\train\11809_GT.png
train,train,11811,0,Normal,C:\Users\james\OneDrive - Lancaster University\Documents\Projects\MARS-Summer-Research\data\raw\KolektorSDD2\train\11811.png,C:\Users\james\OneDrive - Lancaster University\Documents\Projects\MARS-Summer-Research\data\raw\KolektorSDD2\train\11811_GT.png
train,train,11812,0,Normal,C:\Users\james\OneDrive - Lancaster University\Documents\Projects\MARS-Summer-Research\data\raw\KolektorSDD2\train\11812.png,C:\Users\james\OneDrive - Lancaster University\Documents\Projects\MARS-Summer-Research\data\raw\KolektorSDD2\train\11812_GT.png
train,train,11813,0,Normal,C:\Users\james\OneDrive - Lancaster University\Documents\Projects\MARS-Summer-Research\data\raw\KolektorSDD2\train\11813.png,C:\Users\james\OneDrive - Lancaster University\Documents\Projects\MARS-Summer-Research\data\raw\KolektorSDD2\train\11813_GT.png
train,train,11814,0,Normal,C:\Users\james\OneDrive - Lancaster University\Documents\Projects\MARS-Summer-Research\data\raw\KolektorSDD2\train\11814.png,C:\Users\james\OneDrive - Lancaster University\Documents\Projects\MARS-Summer-Research\data\raw\KolektorSDD2\train\11814_GT.png
train,train,11815,0,Normal,C:\Users\james\OneDrive - Lancaster University\Documents\Projects\MARS-Summer-Research\data\raw\KolektorSDD2\train\11815.png,C:\Users\james\OneDrive - Lancaster University\Documents\Projects\MARS-Summer-Research\data\raw\KolektorSDD2\train\11815_GT.png
train,train,11816,0,Normal,C:\Users\james\OneDrive - Lancaster University\Documents\Projects\MARS-Summer-Research\data\raw\KolektorSDD2\train\11816.png,C:\Users\james\OneDrive - Lancaster University\Documents\Projects\MARS-Summer-Research\data\raw\KolektorSDD2\train\11816_GT.png
train,train,11817,0,Normal,C:\Users\james\OneDrive - Lancaster University\Documents\Projects\MARS-Summer-Research\data\raw\KolektorSDD2\train\11817.png,C:\Users\james\OneDrive - Lancaster University\Documents\Projects\MARS-Summer-Research\data\raw\KolektorSDD2\train\11817_GT.png
train,train,11818,0,Normal,C:\Users\james\OneDrive - Lancaster University\Documents\Projects\MARS-Summer-Research\data\raw\KolektorSDD2\train\11818.png,C:\Users\james\OneDrive - Lancaster University\Documents\Projects\MARS-Summer-Research\data\raw\KolektorSDD2\train\11818_GT.png
train,train,11819,0,Normal,C:\Users\james\OneDrive - Lancaster University\Documents\Projects\MARS-Summer-Research\data\raw\KolektorSDD2\train\11819.png,C:\Users\james\OneDrive - Lancaster University\Documents\Projects\MARS-Summer-Research\data\raw\KolektorSDD2\train\11819_GT.png
train,train,11820,0,Normal,C:\Users\james\OneDrive - Lancaster University\Documents\Projects\MARS-Summer-Research\data\raw\KolektorSDD2\train\11820.png,C:\Users\james\OneDrive - Lancaster University\Documents\Projects\MARS-Summer-Research\data\raw\KolektorSDD2\train\11820_GT.png
train,train,11825,0,Normal,C:\Users\james\OneDrive - Lancaster University\Documents\Projects\MARS-Summer-Research\data\raw\KolektorSDD2\train\11825.png,C:\Users\james\OneDrive - Lancaster University\Documents\Projects\MARS-Summer-Research\data\raw\KolektorSDD2\train\11825_GT.png
train,train,11827,0,Normal,C:\Users\james\OneDrive - Lancaster University\Documents\Projects\MARS-Summer-Research\data\raw\KolektorSDD2\train\11827.png,C:\Users\james\OneDrive - Lancaster University\Documents\Projects\MARS-Summer-Research\data\raw\KolektorSDD2\train\11827_GT.png
train,train,11829,0,Normal,C:\Users\james\OneDrive - Lancaster University\Documents\Projects\MARS-Summer-Research\data\raw\KolektorSDD2\train\11829.png,C:\Users\james\OneDrive - Lancaster University\Documents\Projects\MARS-Summer-Research\data\raw\KolektorSDD2\train\11829_GT.png
train,train,11830,0,Normal,C:\Users\james\OneDrive - Lancaster University\Documents\Projects\MARS-Summer-Research\data\raw\KolektorSDD2\train\11830.png,C:\Users\james\OneDrive - Lancaster University\Documents\Projects\MARS-Summer-Research\data\raw\KolektorSDD2\train\11830_GT.png
train,train,11831,0,Normal,C:\Users\james\OneDrive - Lancaster University\Documents\Projects\MARS-Summer-Research\data\raw\KolektorSDD2\train\11831.png,C:\Users\james\OneDrive - Lancaster University\Documents\Projects\MARS-Summer-Research\data\raw\KolektorSDD2\train\11831_GT.png
train,train,11832,1,Defective,C:\Users\james\OneDrive - Lancaster University\Documents\Projects\MARS-Summer-Research\data\raw\KolektorSDD2\train\11832.png,C:\Users\james\OneDrive - Lancaster University\Documents\Projects\MARS-Summer-Research\data\raw\KolektorSDD2\train\11832_GT.png
train,train,11833,0,Normal,C:\Users\james\OneDrive - Lancaster University\Documents\Projects\MARS-Summer-Research\data\raw\KolektorSDD2\train\11833.png,C:\Users\james\OneDrive - Lancaster University\Documents\Projects\MARS-Summer-Research\data\raw\KolektorSDD2\train\11833_GT.png
train,train,11835,0,Normal,C:\Users\james\OneDrive - Lancaster University\Documents\Projects\MARS-Summer-Research\data\raw\KolektorSDD2\train\11835.png,C:\Users\james\OneDrive - Lancaster University\Documents\Projects\MARS-Summer-Research\data\raw\KolektorSDD2\train\11835_GT.png
train,train,11837,0,Normal,C:\Users\james\OneDrive - Lancaster University\Documents\Projects\MARS-Summer-Research\data\raw\KolektorSDD2\train\11837.png,C:\Users\james\OneDrive - Lancaster University\Documents\Projects\MARS-Summer-Research\data\raw\KolektorSDD2\train\11837_GT.png
train,train,11838,0,Normal,C:\Users\james\OneDrive - Lancaster University\Documents\Projects\MARS-Summer-Research\data\raw\KolektorSDD2\train\11838.png,C:\Users\james\OneDrive - Lancaster University\Documents\Projects\MARS-Summer-Research\data\raw\KolektorSDD2\train\11838_GT.png
train,train,11839,0,Normal,C:\Users\james\OneDrive - Lancaster University\Documents\Projects\MARS-Summer-Research\data\raw\KolektorSDD2\train\11839.png,C:\Users\james\OneDrive - Lancaster University\Documents\Projects\MARS-Summer-Research\data\raw\KolektorSDD2\train\11839_GT.png
train,train,11841,0,Normal,C:\Users\james\OneDrive - Lancaster University\Documents\Projects\MARS-Summer-Research\data\raw\KolektorSDD2\train\11841.png,C:\Users\james\OneDrive - Lancaster University\Documents\Projects\MARS-Summer-Research\data\raw\KolektorSDD2\train\11841_GT.png
train,train,11842,0,Normal,C:\Users\james\OneDrive - Lancaster University\Documents\Projects\MARS-Summer-Research\data\raw\KolektorSDD2\train\11842.png,C:\Users\james\OneDrive - Lancaster University\Documents\Projects\MARS-Summer-Research\data\raw\KolektorSDD2\train\11842_GT.png
train,train,11843,0,Normal,C:\Users\james\OneDrive - Lancaster University\Documents\Projects\MARS-Summer-Research\data\raw\KolektorSDD2\train\11843.png,C:\Users\james\OneDrive - Lancaster University\Documents\Projects\MARS-Summer-Research\data\raw\KolektorSDD2\train\11843_GT.png
train,train,11844,0,Normal,C:\Users\james\OneDrive - Lancaster University\Documents\Projects\MARS-Summer-Research\data\raw\KolektorSDD2\train\11844.png,C:\Users\james\OneDrive - Lancaster University\Documents\Projects\MARS-Summer-Research\data\raw\KolektorSDD2\train\11844_GT.png
train,train,11845,0,Normal,C:\Users\james\OneDrive - Lancaster University\Documents\Projects\MARS-Summer-Research\data\raw\KolektorSDD2\train\11845.png,C:\Users\james\OneDrive - Lancaster University\Documents\Projects\MARS-Summer-Research\data\raw\KolektorSDD2\train\11845_GT.png
train,train,11846,0,Normal,C:\Users\james\OneDrive - Lancaster University\Documents\Projects\MARS-Summer-Research\data\raw\KolektorSDD2\train\11846.png,C:\Users\james\OneDrive - Lancaster University\Documents\Projects\MARS-Summer-Research\data\raw\KolektorSDD2\train\11846_GT.png
train,train,11847,0,Normal,C:\Users\james\OneDrive - Lancaster University\Documents\Projects\MARS-Summer-Research\data\raw\KolektorSDD2\train\11847.png,C:\Users\james\OneDrive - Lancaster University\Documents\Projects\MARS-Summer-Research\data\raw\KolektorSDD2\train\11847_GT.png
train,train,11848,0,Normal,C:\Users\james\OneDrive - Lancaster University\Documents\Projects\MARS-Summer-Research\data\raw\KolektorSDD2\train\11848.png,C:\Users\james\OneDrive - Lancaster University\Documents\Projects\MARS-Summer-Research\data\raw\KolektorSDD2\train\11848_GT.png
train,train,11849,0,Normal,C:\Users\james\OneDrive - Lancaster University\Documents\Projects\MARS-Summer-Research\data\raw\KolektorSDD2\train\11849.png,C:\Users\james\OneDrive - Lancaster University\Documents\Projects\MARS-Summer-Research\data\raw\KolektorSDD2\train\11849_GT.png
train,train,11850,0,Normal,C:\Users\james\OneDrive - Lancaster University\Documents\Projects\MARS-Summer-Research\data\raw\KolektorSDD2\train\11850.png,C:\Users\james\OneDrive - Lancaster University\Documents\Projects\MARS-Summer-Research\data\raw\KolektorSDD2\train\11850_GT.png
train,train,11851,1,Defective,C:\Users\james\OneDrive - Lancaster University\Documents\Projects\MARS-Summer-Research\data\raw\KolektorSDD2\train\11851.png,C:\Users\james\OneDrive - Lancaster University\Documents\Projects\MARS-Summer-Research\data\raw\KolektorSDD2\train\11851_GT.png
train,train,11852,0,Normal,C:\Users\james\OneDrive - Lancaster University\Documents\Projects\MARS-Summer-Research\data\raw\KolektorSDD2\train\11852.png,C:\Users\james\OneDrive - Lancaster University\Documents\Projects\MARS-Summer-Research\data\raw\KolektorSDD2\train\11852_GT.png
train,train,11853,0,Normal,C:\Users\james\OneDrive - Lancaster University\Documents\Projects\MARS-Summer-Research\data\raw\KolektorSDD2\train\11853.png,C:\Users\james\OneDrive - Lancaster University\Documents\Projects\MARS-Summer-Research\data\raw\KolektorSDD2\train\11853_GT.png
train,train,11855,0,Normal,C:\Users\james\OneDrive - Lancaster University\Documents\Projects\MARS-Summer-Research\data\raw\KolektorSDD2\train\11855.png,C:\Users\james\OneDrive - Lancaster University\Documents\Projects\MARS-Summer-Research\data\raw\KolektorSDD2\train\11855_GT.png
train,train,11857,0,Normal,C:\Users\james\OneDrive - Lancaster University\Documents\Projects\MARS-Summer-Research\data\raw\KolektorSDD2\train\11857.png,C:\Users\james\OneDrive - Lancaster University\Documents\Projects\MARS-Summer-Research\data\raw\KolektorSDD2\train\11857_GT.png
train,train,11859,0,Normal,C:\Users\james\OneDrive - Lancaster University\Documents\Projects\MARS-Summer-Research\data\raw\KolektorSDD2\train\11859.png,C:\Users\james\OneDrive - Lancaster University\Documents\Projects\MARS-Summer-Research\data\raw\KolektorSDD2\train\11859_GT.png
train,train,11860,0,Normal,C:\Users\james\OneDrive - Lancaster University\Documents\Projects\MARS-Summer-Research\data\raw\KolektorSDD2\train\11860.png,C:\Users\james\OneDrive - Lancaster University\Documents\Projects\MARS-Summer-Research\data\raw\KolektorSDD2\train\11860_GT.png
train,train,11861,0,Normal,C:\Users\james\OneDrive - Lancaster University\Documents\Projects\MARS-Summer-Research\data\raw\KolektorSDD2\train\11861.png,C:\Users\james\OneDrive - Lancaster University\Documents\Projects\MARS-Summer-Research\data\raw\KolektorSDD2\train\11861_GT.png
train,train,11862,0,Normal,C:\Users\james\OneDrive - Lancaster University\Documents\Projects\MARS-Summer-Research\data\raw\KolektorSDD2\train\11862.png,C:\Users\james\OneDrive - Lancaster University\Documents\Projects\MARS-Summer-Research\data\raw\KolektorSDD2\train\11862_GT.png
train,train,11863,0,Normal,C:\Users\james\OneDrive - Lancaster University\Documents\Projects\MARS-Summer-Research\data\raw\KolektorSDD2\train\11863.png,C:\Users\james\OneDrive - Lancaster University\Documents\Projects\MARS-Summer-Research\data\raw\KolektorSDD2\train\11863_GT.png
train,train,11864,0,Normal,C:\Users\james\OneDrive - Lancaster University\Documents\Projects\MARS-Summer-Research\data\raw\KolektorSDD2\train\11864.png,C:\Users\james\OneDrive - Lancaster University\Documents\Projects\MARS-Summer-Research\data\raw\KolektorSDD2\train\11864_GT.png
train,train,11865,0,Normal,C:\Users\james\OneDrive - Lancaster University\Documents\Projects\MARS-Summer-Research\data\raw\KolektorSDD2\train\11865.png,C:\Users\james\OneDrive - Lancaster University\Documents\Projects\MARS-Summer-Research\data\raw\KolektorSDD2\train\11865_GT.png
train,train,11866,0,Normal,C:\Users\james\OneDrive - Lancaster University\Documents\Projects\MARS-Summer-Research\data\raw\KolektorSDD2\train\11866.png,C:\Users\james\OneDrive - Lancaster University\Documents\Projects\MARS-Summer-Research\data\raw\KolektorSDD2\train\11866_GT.png
train,train,11867,1,Defective,C:\Users\james\OneDrive - Lancaster University\Documents\Projects\MARS-Summer-Research\data\raw\KolektorSDD2\train\11867.png,C:\Users\james\OneDrive - Lancaster University\Documents\Projects\MARS-Summer-Research\data\raw\KolektorSDD2\train\11867_GT.png
train,train,11868,0,Normal,C:\Users\james\OneDrive - Lancaster University\Documents\Projects\MARS-Summer-Research\data\raw\KolektorSDD2\train\11868.png,C:\Users\james\OneDrive - Lancaster University\Documents\Projects\MARS-Summer-Research\data\raw\KolektorSDD2\train\11868_GT.png
train,train,11869,0,Normal,C:\Users\james\OneDrive - Lancaster University\Documents\Projects\MARS-Summer-Research\data\raw\KolektorSDD2\train\11869.png,C:\Users\james\OneDrive - Lancaster University\Documents\Projects\MARS-Summer-Research\data\raw\KolektorSDD2\train\11869_GT.png
train,train,11872,0,Normal,C:\Users\james\OneDrive - Lancaster University\Documents\Projects\MARS-Summer-Research\data\raw\KolektorSDD2\train\11872.png,C:\Users\james\OneDrive - Lancaster University\Documents\Projects\MARS-Summer-Research\data\raw\KolektorSDD2\train\11872_GT.png
train,train,11873,0,Normal,C:\Users\james\OneDrive - Lancaster University\Documents\Projects\MARS-Summer-Research\data\raw\KolektorSDD2\train\11873.png,C:\Users\james\OneDrive - Lancaster University\Documents\Projects\MARS-Summer-Research\data\raw\KolektorSDD2\train\11873_GT.png
train,train,11874,1,Defective,C:\Users\james\OneDrive - Lancaster University\Documents\Projects\MARS-Summer-Research\data\raw\KolektorSDD2\train\11874.png,C:\Users\james\OneDrive - Lancaster University\Documents\Projects\MARS-Summer-Research\data\raw\KolektorSDD2\train\11874_GT.png
train,train,11876,0,Normal,C:\Users\james\OneDrive - Lancaster University\Documents\Projects\MARS-Summer-Research\data\raw\KolektorSDD2\train\11876.png,C:\Users\james\OneDrive - Lancaster University\Documents\Projects\MARS-Summer-Research\data\raw\KolektorSDD2\train\11876_GT.png
train,train,11877,0,Normal,C:\Users\james\OneDrive - Lancaster University\Documents\Projects\MARS-Summer-Research\data\raw\KolektorSDD2\train\11877.png,C:\Users\james\OneDrive - Lancaster University\Documents\Projects\MARS-Summer-Research\data\raw\KolektorSDD2\train\11877_GT.png
train,train,11878,0,Normal,C:\Users\james\OneDrive - Lancaster University\Documents\Projects\MARS-Summer-Research\data\raw\KolektorSDD2\train\11878.png,C:\Users\james\OneDrive - Lancaster University\Documents\Projects\MARS-Summer-Research\data\raw\KolektorSDD2\train\11878_GT.png
train,train,11880,0,Normal,C:\Users\james\OneDrive - Lancaster University\Documents\Projects\MARS-Summer-Research\data\raw\KolektorSDD2\train\11880.png,C:\Users\james\OneDrive - Lancaster University\Documents\Projects\MARS-Summer-Research\data\raw\KolektorSDD2\train\11880_GT.png
train,train,11881,0,Normal,C:\Users\james\OneDrive - Lancaster University\Documents\Projects\MARS-Summer-Research\data\raw\KolektorSDD2\train\11881.png,C:\Users\james\OneDrive - Lancaster University\Documents\Projects\MARS-Summer-Research\data\raw\KolektorSDD2\train\11881_GT.png
train,train,11883,0,Normal,C:\Users\james\OneDrive - Lancaster University\Documents\Projects\MARS-Summer-Research\data\raw\KolektorSDD2\train\11883.png,C:\Users\james\OneDrive - Lancaster University\Documents\Projects\MARS-Summer-Research\data\raw\KolektorSDD2\train\11883_GT.png
train,train,11885,0,Normal,C:\Users\james\OneDrive - Lancaster University\Documents\Projects\MARS-Summer-Research\data\raw\KolektorSDD2\train\11885.png,C:\Users\james\OneDrive - Lancaster University\Documents\Projects\MARS-Summer-Research\data\raw\KolektorSDD2\train\11885_GT.png
train,train,11886,0,Normal,C:\Users\james\OneDrive - Lancaster University\Documents\Projects\MARS-Summer-Research\data\raw\KolektorSDD2\train\11886.png,C:\Users\james\OneDrive - Lancaster University\Documents\Projects\MARS-Summer-Research\data\raw\KolektorSDD2\train\11886_GT.png
train,train,11887,0,Normal,C:\Users\james\OneDrive - Lancaster University\Documents\Projects\MARS-Summer-Research\data\raw\KolektorSDD2\train\11887.png,C:\Users\james\OneDrive - Lancaster University\Documents\Projects\MARS-Summer-Research\data\raw\KolektorSDD2\train\11887_GT.png
train,train,11888,0,Normal,C:\Users\james\OneDrive - Lancaster University\Documents\Projects\MARS-Summer-Research\data\raw\KolektorSDD2\train\11888.png,C:\Users\james\OneDrive - Lancaster University\Documents\Projects\MARS-Summer-Research\data\raw\KolektorSDD2\train\11888_GT.png
train,train,11889,0,Normal,C:\Users\james\OneDrive - Lancaster University\Documents\Projects\MARS-Summer-Research\data\raw\KolektorSDD2\train\11889.png,C:\Users\james\OneDrive - Lancaster University\Documents\Projects\MARS-Summer-Research\data\raw\KolektorSDD2\train\11889_GT.png
train,train,11890,0,Normal,C:\Users\james\OneDrive - Lancaster University\Documents\Projects\MARS-Summer-Research\data\raw\KolektorSDD2\train\11890.png,C:\Users\james\OneDrive - Lancaster University\Documents\Projects\MARS-Summer-Research\data\raw\KolektorSDD2\train\11890_GT.png
train,train,11892,0,Normal,C:\Users\james\OneDrive - Lancaster University\Documents\Projects\MARS-Summer-Research\data\raw\KolektorSDD2\train\11892.png,C:\Users\james\OneDrive - Lancaster University\Documents\Projects\MARS-Summer-Research\data\raw\KolektorSDD2\train\11892_GT.png
train,train,11895,0,Normal,C:\Users\james\OneDrive - Lancaster University\Documents\Projects\MARS-Summer-Research\data\raw\KolektorSDD2\train\11895.png,C:\Users\james\OneDrive - Lancaster University\Documents\Projects\MARS-Summer-Research\data\raw\KolektorSDD2\train\11895_GT.png
train,train,11897,0,Normal,C:\Users\james\OneDrive - Lancaster University\Documents\Projects\MARS-Summer-Research\data\raw\KolektorSDD2\train\11897.png,C:\Users\james\OneDrive - Lancaster University\Documents\Projects\MARS-Summer-Research\data\raw\KolektorSDD2\train\11897_GT.png
train,train,11900,0,Normal,C:\Users\james\OneDrive - Lancaster University\Documents\Projects\MARS-Summer-Research\data\raw\KolektorSDD2\train\11900.png,C:\Users\james\OneDrive - Lancaster University\Documents\Projects\MARS-Summer-Research\data\raw\KolektorSDD2\train\11900_GT.png
train,train,11901,0,Normal,C:\Users\james\OneDrive - Lancaster University\Documents\Projects\MARS-Summer-Research\data\raw\KolektorSDD2\train\11901.png,C:\Users\james\OneDrive - Lancaster University\Documents\Projects\MARS-Summer-Research\data\raw\KolektorSDD2\train\11901_GT.png
train,train,11902,0,Normal,C:\Users\james\OneDrive - Lancaster University\Documents\Projects\MARS-Summer-Research\data\raw\KolektorSDD2\train\11902.png,C:\Users\james\OneDrive - Lancaster University\Documents\Projects\MARS-Summer-Research\data\raw\KolektorSDD2\train\11902_GT.png
train,train,11904,0,Normal,C:\Users\james\OneDrive - Lancaster University\Documents\Projects\MARS-Summer-Research\data\raw\KolektorSDD2\train\11904.png,C:\Users\james\OneDrive - Lancaster University\Documents\Projects\MARS-Summer-Research\data\raw\KolektorSDD2\train\11904_GT.png
train,train,11905,1,Defective,C:\Users\james\OneDrive - Lancaster University\Documents\Projects\MARS-Summer-Research\data\raw\KolektorSDD2\train\11905.png,C:\Users\james\OneDrive - Lancaster University\Documents\Projects\MARS-Summer-Research\data\raw\KolektorSDD2\train\11905_GT.png
train,train,11906,0,Normal,C:\Users\james\OneDrive - Lancaster University\Documents\Projects\MARS-Summer-Research\data\raw\KolektorSDD2\train\11906.png,C:\Users\james\OneDrive - Lancaster University\Documents\Projects\MARS-Summer-Research\data\raw\KolektorSDD2\train\11906_GT.png
train,train,11908,0,Normal,C:\Users\james\OneDrive - Lancaster University\Documents\Projects\MARS-Summer-Research\data\raw\KolektorSDD2\train\11908.png,C:\Users\james\OneDrive - Lancaster University\Documents\Projects\MARS-Summer-Research\data\raw\KolektorSDD2\train\11908_GT.png
train,train,11909,0,Normal,C:\Users\james\OneDrive - Lancaster University\Documents\Projects\MARS-Summer-Research\data\raw\KolektorSDD2\train\11909.png,C:\Users\james\OneDrive - Lancaster University\Documents\Projects\MARS-Summer-Research\data\raw\KolektorSDD2\train\11909_GT.png
train,train,11910,0,Normal,C:\Users\james\OneDrive - Lancaster University\Documents\Projects\MARS-Summer-Research\data\raw\KolektorSDD2\train\11910.png,C:\Users\james\OneDrive - Lancaster University\Documents\Projects\MARS-Summer-Research\data\raw\KolektorSDD2\train\11910_GT.png
train,train,11911,0,Normal,C:\Users\james\OneDrive - Lancaster University\Documents\Projects\MARS-Summer-Research\data\raw\KolektorSDD2\train\11911.png,C:\Users\james\OneDrive - Lancaster University\Documents\Projects\MARS-Summer-Research\data\raw\KolektorSDD2\train\11911_GT.png
train,train,11912,1,Defective,C:\Users\james\OneDrive - Lancaster University\Documents\Projects\MARS-Summer-Research\data\raw\KolektorSDD2\train\11912.png,C:\Users\james\OneDrive - Lancaster University\Documents\Projects\MARS-Summer-Research\data\raw\KolektorSDD2\train\11912_GT.png
train,train,11913,0,Normal,C:\Users\james\OneDrive - Lancaster University\Documents\Projects\MARS-Summer-Research\data\raw\KolektorSDD2\train\11913.png,C:\Users\james\OneDrive - Lancaster University\Documents\Projects\MARS-Summer-Research\data\raw\KolektorSDD2\train\11913_GT.png
train,train,11914,0,Normal,C:\Users\james\OneDrive - Lancaster University\Documents\Projects\MARS-Summer-Research\data\raw\KolektorSDD2\train\11914.png,C:\Users\james\OneDrive - Lancaster University\Documents\Projects\MARS-Summer-Research\data\raw\KolektorSDD2\train\11914_GT.png
train,train,11917,1,Defective,C:\Users\james\OneDrive - Lancaster University\Documents\Projects\MARS-Summer-Research\data\raw\KolektorSDD2\train\11917.png,C:\Users\james\OneDrive - Lancaster University\Documents\Projects\MARS-Summer-Research\data\raw\KolektorSDD2\train\11917_GT.png
train,train,11918,0,Normal,C:\Users\james\OneDrive - Lancaster University\Documents\Projects\MARS-Summer-Research\data\raw\KolektorSDD2\train\11918.png,C:\Users\james\OneDrive - Lancaster University\Documents\Projects\MARS-Summer-Research\data\raw\KolektorSDD2\train\11918_GT.png
train,train,11919,0,Normal,C:\Users\james\OneDrive - Lancaster University\Documents\Projects\MARS-Summer-Research\data\raw\KolektorSDD2\train\11919.png,C:\Users\james\OneDrive - Lancaster University\Documents\Projects\MARS-Summer-Research\data\raw\KolektorSDD2\train\11919_GT.png
train,train,11921,0,Normal,C:\Users\james\OneDrive - Lancaster University\Documents\Projects\MARS-Summer-Research\data\raw\KolektorSDD2\train\11921.png,C:\Users\james\OneDrive - Lancaster University\Documents\Projects\MARS-Summer-Research\data\raw\KolektorSDD2\train\11921_GT.png
train,train,11922,0,Normal,C:\Users\james\OneDrive - Lancaster University\Documents\Projects\MARS-Summer-Research\data\raw\KolektorSDD2\train\11922.png,C:\Users\james\OneDrive - Lancaster University\Documents\Projects\MARS-Summer-Research\data\raw\KolektorSDD2\train\11922_GT.png
train,train,11923,1,Defective,C:\Users\james\OneDrive - Lancaster University\Documents\Projects\MARS-Summer-Research\data\raw\KolektorSDD2\train\11923.png,C:\Users\james\OneDrive - Lancaster University\Documents\Projects\MARS-Summer-Research\data\raw\KolektorSDD2\train\11923_GT.png
train,train,11924,1,Defective,C:\Users\james\OneDrive - Lancaster University\Documents\Projects\MARS-Summer-Research\data\raw\KolektorSDD2\train\11924.png,C:\Users\james\OneDrive - Lancaster University\Documents\Projects\MARS-Summer-Research\data\raw\KolektorSDD2\train\11924_GT.png
train,train,11925,0,Normal,C:\Users\james\OneDrive - Lancaster University\Documents\Projects\MARS-Summer-Research\data\raw\KolektorSDD2\train\11925.png,C:\Users\james\OneDrive - Lancaster University\Documents\Projects\MARS-Summer-Research\data\raw\KolektorSDD2\train\11925_GT.png
train,train,11926,0,Normal,C:\Users\james\OneDrive - Lancaster University\Documents\Projects\MARS-Summer-Research\data\raw\KolektorSDD2\train\11926.png,C:\Users\james\OneDrive - Lancaster University\Documents\Projects\MARS-Summer-Research\data\raw\KolektorSDD2\train\11926_GT.png
train,train,11927,1,Defective,C:\Users\james\OneDrive - Lancaster University\Documents\Projects\MARS-Summer-Research\data\raw\KolektorSDD2\train\11927.png,C:\Users\james\OneDrive - Lancaster University\Documents\Projects\MARS-Summer-Research\data\raw\KolektorSDD2\train\11927_GT.png
train,train,11929,0,Normal,C:\Users\james\OneDrive - Lancaster University\Documents\Projects\MARS-Summer-Research\data\raw\KolektorSDD2\train\11929.png,C:\Users\james\OneDrive - Lancaster University\Documents\Projects\MARS-Summer-Research\data\raw\KolektorSDD2\train\11929_GT.png
train,train,11930,0,Normal,C:\Users\james\OneDrive - Lancaster University\Documents\Projects\MARS-Summer-Research\data\raw\KolektorSDD2\train\11930.png,C:\Users\james\OneDrive - Lancaster University\Documents\Projects\MARS-Summer-Research\data\raw\KolektorSDD2\train\11930_GT.png
train,train,11933,0,Normal,C:\Users\james\OneDrive - Lancaster University\Documents\Projects\MARS-Summer-Research\data\raw\KolektorSDD2\train\11933.png,C:\Users\james\OneDrive - Lancaster University\Documents\Projects\MARS-Summer-Research\data\raw\KolektorSDD2\train\11933_GT.png
train,train,11934,0,Normal,C:\Users\james\OneDrive - Lancaster University\Documents\Projects\MARS-Summer-Research\data\raw\KolektorSDD2\train\11934.png,C:\Users\james\OneDrive - Lancaster University\Documents\Projects\MARS-Summer-Research\data\raw\KolektorSDD2\train\11934_GT.png
train,train,11936,0,Normal,C:\Users\james\OneDrive - Lancaster University\Documents\Projects\MARS-Summer-Research\data\raw\KolektorSDD2\train\11936.png,C:\Users\james\OneDrive - Lancaster University\Documents\Projects\MARS-Summer-Research\data\raw\KolektorSDD2\train\11936_GT.png
train,train,11937,0,Normal,C:\Users\james\OneDrive - Lancaster University\Documents\Projects\MARS-Summer-Research\data\raw\KolektorSDD2\train\11937.png,C:\Users\james\OneDrive - Lancaster University\Documents\Projects\MARS-Summer-Research\data\raw\KolektorSDD2\train\11937_GT.png
train,train,11938,0,Normal,C:\Users\james\OneDrive - Lancaster University\Documents\Projects\MARS-Summer-Research\data\raw\KolektorSDD2\train\11938.png,C:\Users\james\OneDrive - Lancaster University\Documents\Projects\MARS-Summer-Research\data\raw\KolektorSDD2\train\11938_GT.png
train,train,11941,0,Normal,C:\Users\james\OneDrive - Lancaster University\Documents\Projects\MARS-Summer-Research\data\raw\KolektorSDD2\train\11941.png,C:\Users\james\OneDrive - Lancaster University\Documents\Projects\MARS-Summer-Research\data\raw\KolektorSDD2\train\11941_GT.png
train,train,11942,0,Normal,C:\Users\james\OneDrive - Lancaster University\Documents\Projects\MARS-Summer-Research\data\raw\KolektorSDD2\train\11942.png,C:\Users\james\OneDrive - Lancaster University\Documents\Projects\MARS-Summer-Research\data\raw\KolektorSDD2\train\11942_GT.png
train,train,11943,0,Normal,C:\Users\james\OneDrive - Lancaster University\Documents\Projects\MARS-Summer-Research\data\raw\KolektorSDD2\train\11943.png,C:\Users\james\OneDrive - Lancaster University\Documents\Projects\MARS-Summer-Research\data\raw\KolektorSDD2\train\11943_GT.png
train,train,11944,0,Normal,C:\Users\james\OneDrive - Lancaster University\Documents\Projects\MARS-Summer-Research\data\raw\KolektorSDD2\train\11944.png,C:\Users\james\OneDrive - Lancaster University\Documents\Projects\MARS-Summer-Research\data\raw\KolektorSDD2\train\11944_GT.png
train,train,11945,0,Normal,C:\Users\james\OneDrive - Lancaster University\Documents\Projects\MARS-Summer-Research\data\raw\KolektorSDD2\train\11945.png,C:\Users\james\OneDrive - Lancaster University\Documents\Projects\MARS-Summer-Research\data\raw\KolektorSDD2\train\11945_GT.png
train,train,11947,0,Normal,C:\Users\james\OneDrive - Lancaster University\Documents\Projects\MARS-Summer-Research\data\raw\KolektorSDD2\train\11947.png,C:\Users\james\OneDrive - Lancaster University\Documents\Projects\MARS-Summer-Research\data\raw\KolektorSDD2\train\11947_GT.png
train,train,11948,0,Normal,C:\Users\james\OneDrive - Lancaster University\Documents\Projects\MARS-Summer-Research\data\raw\KolektorSDD2\train\11948.png,C:\Users\james\OneDrive - Lancaster University\Documents\Projects\MARS-Summer-Research\data\raw\KolektorSDD2\train\11948_GT.png
train,train,11949,0,Normal,C:\Users\james\OneDrive - Lancaster University\Documents\Projects\MARS-Summer-Research\data\raw\KolektorSDD2\train\11949.png,C:\Users\james\OneDrive - Lancaster University\Documents\Projects\MARS-Summer-Research\data\raw\KolektorSDD2\train\11949_GT.png
train,train,11950,0,Normal,C:\Users\james\OneDrive - Lancaster University\Documents\Projects\MARS-Summer-Research\data\raw\KolektorSDD2\train\11950.png,C:\Users\james\OneDrive - Lancaster University\Documents\Projects\MARS-Summer-Research\data\raw\KolektorSDD2\train\11950_GT.png
train,train,11951,0,Normal,C:\Users\james\OneDrive - Lancaster University\Documents\Projects\MARS-Summer-Research\data\raw\KolektorSDD2\train\11951.png,C:\Users\james\OneDrive - Lancaster University\Documents\Projects\MARS-Summer-Research\data\raw\KolektorSDD2\train\11951_GT.png
train,train,11952,0,Normal,C:\Users\james\OneDrive - Lancaster University\Documents\Projects\MARS-Summer-Research\data\raw\KolektorSDD2\train\11952.png,C:\Users\james\OneDrive - Lancaster University\Documents\Projects\MARS-Summer-Research\data\raw\KolektorSDD2\train\11952_GT.png
train,train,11953,0,Normal,C:\Users\james\OneDrive - Lancaster University\Documents\Projects\MARS-Summer-Research\data\raw\KolektorSDD2\train\11953.png,C:\Users\james\OneDrive - Lancaster University\Documents\Projects\MARS-Summer-Research\data\raw\KolektorSDD2\train\11953_GT.png
train,train,11955,0,Normal,C:\Users\james\OneDrive - Lancaster University\Documents\Projects\MARS-Summer-Research\data\raw\KolektorSDD2\train\11955.png,C:\Users\james\OneDrive - Lancaster University\Documents\Projects\MARS-Summer-Research\data\raw\KolektorSDD2\train\11955_GT.png
train,train,11956,1,Defective,C:\Users\james\OneDrive - Lancaster University\Documents\Projects\MARS-Summer-Research\data\raw\KolektorSDD2\train\11956.png,C:\Users\james\OneDrive - Lancaster University\Documents\Projects\MARS-Summer-Research\data\raw\KolektorSDD2\train\11956_GT.png
train,train,11960,0,Normal,C:\Users\james\OneDrive - Lancaster University\Documents\Projects\MARS-Summer-Research\data\raw\KolektorSDD2\train\11960.png,C:\Users\james\OneDrive - Lancaster University\Documents\Projects\MARS-Summer-Research\data\raw\KolektorSDD2\train\11960_GT.png
train,train,11961,0,Normal,C:\Users\james\OneDrive - Lancaster University\Documents\Projects\MARS-Summer-Research\data\raw\KolektorSDD2\train\11961.png,C:\Users\james\OneDrive - Lancaster University\Documents\Projects\MARS-Summer-Research\data\raw\KolektorSDD2\train\11961_GT.png
train,train,11962,1,Defective,C:\Users\james\OneDrive - Lancaster University\Documents\Projects\MARS-Summer-Research\data\raw\KolektorSDD2\train\11962.png,C:\Users\james\OneDrive - Lancaster University\Documents\Projects\MARS-Summer-Research\data\raw\KolektorSDD2\train\11962_GT.png
train,train,11963,0,Normal,C:\Users\james\OneDrive - Lancaster University\Documents\Projects\MARS-Summer-Research\data\raw\KolektorSDD2\train\11963.png,C:\Users\james\OneDrive - Lancaster University\Documents\Projects\MARS-Summer-Research\data\raw\KolektorSDD2\train\11963_GT.png
train,train,11964,0,Normal,C:\Users\james\OneDrive - Lancaster University\Documents\Projects\MARS-Summer-Research\data\raw\KolektorSDD2\train\11964.png,C:\Users\james\OneDrive - Lancaster University\Documents\Projects\MARS-Summer-Research\data\raw\KolektorSDD2\train\11964_GT.png
train,train,11965,0,Normal,C:\Users\james\OneDrive - Lancaster University\Documents\Projects\MARS-Summer-Research\data\raw\KolektorSDD2\train\11965.png,C:\Users\james\OneDrive - Lancaster University\Documents\Projects\MARS-Summer-Research\data\raw\KolektorSDD2\train\11965_GT.png
train,train,11967,0,Normal,C:\Users\james\OneDrive - Lancaster University\Documents\Projects\MARS-Summer-Research\data\raw\KolektorSDD2\train\11967.png,C:\Users\james\OneDrive - Lancaster University\Documents\Projects\MARS-Summer-Research\data\raw\KolektorSDD2\train\11967_GT.png
train,train,11969,1,Defective,C:\Users\james\OneDrive - Lancaster University\Documents\Projects\MARS-Summer-Research\data\raw\KolektorSDD2\train\11969.png,C:\Users\james\OneDrive - Lancaster University\Documents\Projects\MARS-Summer-Research\data\raw\KolektorSDD2\train\11969_GT.png
train,train,11970,0,Normal,C:\Users\james\OneDrive - Lancaster University\Documents\Projects\MARS-Summer-Research\data\raw\KolektorSDD2\train\11970.png,C:\Users\james\OneDrive - Lancaster University\Documents\Projects\MARS-Summer-Research\data\raw\KolektorSDD2\train\11970_GT.png
train,train,11973,0,Normal,C:\Users\james\OneDrive - Lancaster University\Documents\Projects\MARS-Summer-Research\data\raw\KolektorSDD2\train\11973.png,C:\Users\james\OneDrive - Lancaster University\Documents\Projects\MARS-Summer-Research\data\raw\KolektorSDD2\train\11973_GT.png
train,train,11974,0,Normal,C:\Users\james\OneDrive - Lancaster University\Documents\Projects\MARS-Summer-Research\data\raw\KolektorSDD2\train\11974.png,C:\Users\james\OneDrive - Lancaster University\Documents\Projects\MARS-Summer-Research\data\raw\KolektorSDD2\train\11974_GT.png
train,train,11975,0,Normal,C:\Users\james\OneDrive - Lancaster University\Documents\Projects\MARS-Summer-Research\data\raw\KolektorSDD2\train\11975.png,C:\Users\james\OneDrive - Lancaster University\Documents\Projects\MARS-Summer-Research\data\raw\KolektorSDD2\train\11975_GT.png
train,train,11980,1,Defective,C:\Users\james\OneDrive - Lancaster University\Documents\Projects\MARS-Summer-Research\data\raw\KolektorSDD2\train\11980.png,C:\Users\james\OneDrive - Lancaster University\Documents\Projects\MARS-Summer-Research\data\raw\KolektorSDD2\train\11980_GT.png
train,train,11981,0,Normal,C:\Users\james\OneDrive - Lancaster University\Documents\Projects\MARS-Summer-Research\data\raw\KolektorSDD2\train\11981.png,C:\Users\james\OneDrive - Lancaster University\Documents\Projects\MARS-Summer-Research\data\raw\KolektorSDD2\train\11981_GT.png
train,train,11982,0,Normal,C:\Users\james\OneDrive - Lancaster University\Documents\Projects\MARS-Summer-Research\data\raw\KolektorSDD2\train\11982.png,C:\Users\james\OneDrive - Lancaster University\Documents\Projects\MARS-Summer-Research\data\raw\KolektorSDD2\train\11982_GT.png
train,train,11984,0,Normal,C:\Users\james\OneDrive - Lancaster University\Documents\Projects\MARS-Summer-Research\data\raw\KolektorSDD2\train\11984.png,C:\Users\james\OneDrive - Lancaster University\Documents\Projects\MARS-Summer-Research\data\raw\KolektorSDD2\train\11984_GT.png
train,train,11985,0,Normal,C:\Users\james\OneDrive - Lancaster University\Documents\Projects\MARS-Summer-Research\data\raw\KolektorSDD2\train\11985.png,C:\Users\james\OneDrive - Lancaster University\Documents\Projects\MARS-Summer-Research\data\raw\KolektorSDD2\train\11985_GT.png
train,train,11986,1,Defective,C:\Users\james\OneDrive - Lancaster University\Documents\Projects\MARS-Summer-Research\data\raw\KolektorSDD2\train\11986.png,C:\Users\james\OneDrive - Lancaster University\Documents\Projects\MARS-Summer-Research\data\raw\KolektorSDD2\train\11986_GT.png
train,train,11987,0,Normal,C:\Users\james\OneDrive - Lancaster University\Documents\Projects\MARS-Summer-Research\data\raw\KolektorSDD2\train\11987.png,C:\Users\james\OneDrive - Lancaster University\Documents\Projects\MARS-Summer-Research\data\raw\KolektorSDD2\train\11987_GT.png
train,train,11988,0,Normal,C:\Users\james\OneDrive - Lancaster University\Documents\Projects\MARS-Summer-Research\data\raw\KolektorSDD2\train\11988.png,C:\Users\james\OneDrive - Lancaster University\Documents\Projects\MARS-Summer-Research\data\raw\KolektorSDD2\train\11988_GT.png
train,train,11989,0,Normal,C:\Users\james\OneDrive - Lancaster University\Documents\Projects\MARS-Summer-Research\data\raw\KolektorSDD2\train\11989.png,C:\Users\james\OneDrive - Lancaster University\Documents\Projects\MARS-Summer-Research\data\raw\KolektorSDD2\train\11989_GT.png
train,train,11990,0,Normal,C:\Users\james\OneDrive - Lancaster University\Documents\Projects\MARS-Summer-Research\data\raw\KolektorSDD2\train\11990.png,C:\Users\james\OneDrive - Lancaster University\Documents\Projects\MARS-Summer-Research\data\raw\KolektorSDD2\train\11990_GT.png
train,train,11991,0,Normal,C:\Users\james\OneDrive - Lancaster University\Documents\Projects\MARS-Summer-Research\data\raw\KolektorSDD2\train\11991.png,C:\Users\james\OneDrive - Lancaster University\Documents\Projects\MARS-Summer-Research\data\raw\KolektorSDD2\train\11991_GT.png
train,train,11992,0,Normal,C:\Users\james\OneDrive - Lancaster University\Documents\Projects\MARS-Summer-Research\data\raw\KolektorSDD2\train\11992.png,C:\Users\james\OneDrive - Lancaster University\Documents\Projects\MARS-Summer-Research\data\raw\KolektorSDD2\train\11992_GT.png
train,train,11993,0,Normal,C:\Users\james\OneDrive - Lancaster University\Documents\Projects\MARS-Summer-Research\data\raw\KolektorSDD2\train\11993.png,C:\Users\james\OneDrive - Lancaster University\Documents\Projects\MARS-Summer-Research\data\raw\KolektorSDD2\train\11993_GT.png
train,train,11994,0,Normal,C:\Users\james\OneDrive - Lancaster University\Documents\Projects\MARS-Summer-Research\data\raw\KolektorSDD2\train\11994.png,C:\Users\james\OneDrive - Lancaster University\Documents\Projects\MARS-Summer-Research\data\raw\KolektorSDD2\train\11994_GT.png
train,train,11995,0,Normal,C:\Users\james\OneDrive - Lancaster University\Documents\Projects\MARS-Summer-Research\data\raw\KolektorSDD2\train\11995.png,C:\Users\james\OneDrive - Lancaster University\Documents\Projects\MARS-Summer-Research\data\raw\KolektorSDD2\train\11995_GT.png
train,train,11996,0,Normal,C:\Users\james\OneDrive - Lancaster University\Documents\Projects\MARS-Summer-Research\data\raw\KolektorSDD2\train\11996.png,C:\Users\james\OneDrive - Lancaster University\Documents\Projects\MARS-Summer-Research\data\raw\KolektorSDD2\train\11996_GT.png
train,train,11997,0,Normal,C:\Users\james\OneDrive - Lancaster University\Documents\Projects\MARS-Summer-Research\data\raw\KolektorSDD2\train\11997.png,C:\Users\james\OneDrive - Lancaster University\Documents\Projects\MARS-Summer-Research\data\raw\KolektorSDD2\train\11997_GT.png
train,train,11998,0,Normal,C:\Users\james\OneDrive - Lancaster University\Documents\Projects\MARS-Summer-Research\data\raw\KolektorSDD2\train\11998.png,C:\Users\james\OneDrive - Lancaster University\Documents\Projects\MARS-Summer-Research\data\raw\KolektorSDD2\train\11998_GT.png
train,train,12000,0,Normal,C:\Users\james\OneDrive - Lancaster University\Documents\Projects\MARS-Summer-Research\data\raw\KolektorSDD2\train\12000.png,C:\Users\james\OneDrive - Lancaster University\Documents\Projects\MARS-Summer-Research\data\raw\KolektorSDD2\train\12000_GT.png
train,train,12001,0,Normal,C:\Users\james\OneDrive - Lancaster University\Documents\Projects\MARS-Summer-Research\data\raw\KolektorSDD2\train\12001.png,C:\Users\james\OneDrive - Lancaster University\Documents\Projects\MARS-Summer-Research\data\raw\KolektorSDD2\train\12001_GT.png
train,train,12002,0,Normal,C:\Users\james\OneDrive - Lancaster University\Documents\Projects\MARS-Summer-Research\data\raw\KolektorSDD2\train\12002.png,C:\Users\james\OneDrive - Lancaster University\Documents\Projects\MARS-Summer-Research\data\raw\KolektorSDD2\train\12002_GT.png
train,train,12003,0,Normal,C:\Users\james\OneDrive - Lancaster University\Documents\Projects\MARS-Summer-Research\data\raw\KolektorSDD2\train\12003.png,C:\Users\james\OneDrive - Lancaster University\Documents\Projects\MARS-Summer-Research\data\raw\KolektorSDD2\train\12003_GT.png
train,train,12005,0,Normal,C:\Users\james\OneDrive - Lancaster University\Documents\Projects\MARS-Summer-Research\data\raw\KolektorSDD2\train\12005.png,C:\Users\james\OneDrive - Lancaster University\Documents\Projects\MARS-Summer-Research\data\raw\KolektorSDD2\train\12005_GT.png
train,train,12010,0,Normal,C:\Users\james\OneDrive - Lancaster University\Documents\Projects\MARS-Summer-Research\data\raw\KolektorSDD2\train\12010.png,C:\Users\james\OneDrive - Lancaster University\Documents\Projects\MARS-Summer-Research\data\raw\KolektorSDD2\train\12010_GT.png
train,train,12011,0,Normal,C:\Users\james\OneDrive - Lancaster University\Documents\Projects\MARS-Summer-Research\data\raw\KolektorSDD2\train\12011.png,C:\Users\james\OneDrive - Lancaster University\Documents\Projects\MARS-Summer-Research\data\raw\KolektorSDD2\train\12011_GT.png
train,train,12013,0,Normal,C:\Users\james\OneDrive - Lancaster University\Documents\Projects\MARS-Summer-Research\data\raw\KolektorSDD2\train\12013.png,C:\Users\james\OneDrive - Lancaster University\Documents\Projects\MARS-Summer-Research\data\raw\KolektorSDD2\train\12013_GT.png
train,train,12014,0,Normal,C:\Users\james\OneDrive - Lancaster University\Documents\Projects\MARS-Summer-Research\data\raw\KolektorSDD2\train\12014.png,C:\Users\james\OneDrive - Lancaster University\Documents\Projects\MARS-Summer-Research\data\raw\KolektorSDD2\train\12014_GT.png
train,train,12015,0,Normal,C:\Users\james\OneDrive - Lancaster University\Documents\Projects\MARS-Summer-Research\data\raw\KolektorSDD2\train\12015.png,C:\Users\james\OneDrive - Lancaster University\Documents\Projects\MARS-Summer-Research\data\raw\KolektorSDD2\train\12015_GT.png
train,train,12017,0,Normal,C:\Users\james\OneDrive - Lancaster University\Documents\Projects\MARS-Summer-Research\data\raw\KolektorSDD2\train\12017.png,C:\Users\james\OneDrive - Lancaster University\Documents\Projects\MARS-Summer-Research\data\raw\KolektorSDD2\train\12017_GT.png
train,train,12018,0,Normal,C:\Users\james\OneDrive - Lancaster University\Documents\Projects\MARS-Summer-Research\data\raw\KolektorSDD2\train\12018.png,C:\Users\james\OneDrive - Lancaster University\Documents\Projects\MARS-Summer-Research\data\raw\KolektorSDD2\train\12018_GT.png
train,train,12020,0,Normal,C:\Users\james\OneDrive - Lancaster University\Documents\Projects\MARS-Summer-Research\data\raw\KolektorSDD2\train\12020.png,C:\Users\james\OneDrive - Lancaster University\Documents\Projects\MARS-Summer-Research\data\raw\KolektorSDD2\train\12020_GT.png
train,train,12021,0,Normal,C:\Users\james\OneDrive - Lancaster University\Documents\Projects\MARS-Summer-Research\data\raw\KolektorSDD2\train\12021.png,C:\Users\james\OneDrive - Lancaster University\Documents\Projects\MARS-Summer-Research\data\raw\KolektorSDD2\train\12021_GT.png
train,train,12022,0,Normal,C:\Users\james\OneDrive - Lancaster University\Documents\Projects\MARS-Summer-Research\data\raw\KolektorSDD2\train\12022.png,C:\Users\james\OneDrive - Lancaster University\Documents\Projects\MARS-Summer-Research\data\raw\KolektorSDD2\train\12022_GT.png
train,train,12024,0,Normal,C:\Users\james\OneDrive - Lancaster University\Documents\Projects\MARS-Summer-Research\data\raw\KolektorSDD2\train\12024.png,C:\Users\james\OneDrive - Lancaster University\Documents\Projects\MARS-Summer-Research\data\raw\KolektorSDD2\train\12024_GT.png
train,train,12026,1,Defective,C:\Users\james\OneDrive - Lancaster University\Documents\Projects\MARS-Summer-Research\data\raw\KolektorSDD2\train\12026.png,C:\Users\james\OneDrive - Lancaster University\Documents\Projects\MARS-Summer-Research\data\raw\KolektorSDD2\train\12026_GT.png
train,train,12027,0,Normal,C:\Users\james\OneDrive - Lancaster University\Documents\Projects\MARS-Summer-Research\data\raw\KolektorSDD2\train\12027.png,C:\Users\james\OneDrive - Lancaster University\Documents\Projects\MARS-Summer-Research\data\raw\KolektorSDD2\train\12027_GT.png
train,train,12028,1,Defective,C:\Users\james\OneDrive - Lancaster University\Documents\Projects\MARS-Summer-Research\data\raw\KolektorSDD2\train\12028.png,C:\Users\james\OneDrive - Lancaster University\Documents\Projects\MARS-Summer-Research\data\raw\KolektorSDD2\train\12028_GT.png
train,train,12029,0,Normal,C:\Users\james\OneDrive - Lancaster University\Documents\Projects\MARS-Summer-Research\data\raw\KolektorSDD2\train\12029.png,C:\Users\james\OneDrive - Lancaster University\Documents\Projects\MARS-Summer-Research\data\raw\KolektorSDD2\train\12029_GT.png
train,train,12030,0,Normal,C:\Users\james\OneDrive - Lancaster University\Documents\Projects\MARS-Summer-Research\data\raw\KolektorSDD2\train\12030.png,C:\Users\james\OneDrive - Lancaster University\Documents\Projects\MARS-Summer-Research\data\raw\KolektorSDD2\train\12030_GT.png
train,train,12031,0,Normal,C:\Users\james\OneDrive - Lancaster University\Documents\Projects\MARS-Summer-Research\data\raw\KolektorSDD2\train\12031.png,C:\Users\james\OneDrive - Lancaster University\Documents\Projects\MARS-Summer-Research\data\raw\KolektorSDD2\train\12031_GT.png
train,train,12033,0,Normal,C:\Users\james\OneDrive - Lancaster University\Documents\Projects\MARS-Summer-Research\data\raw\KolektorSDD2\train\12033.png,C:\Users\james\OneDrive - Lancaster University\Documents\Projects\MARS-Summer-Research\data\raw\KolektorSDD2\train\12033_GT.png
train,train,12037,0,Normal,C:\Users\james\OneDrive - Lancaster University\Documents\Projects\MARS-Summer-Research\data\raw\KolektorSDD2\train\12037.png,C:\Users\james\OneDrive - Lancaster University\Documents\Projects\MARS-Summer-Research\data\raw\KolektorSDD2\train\12037_GT.png
train,train,12038,0,Normal,C:\Users\james\OneDrive - Lancaster University\Documents\Projects\MARS-Summer-Research\data\raw\KolektorSDD2\train\12038.png,C:\Users\james\OneDrive - Lancaster University\Documents\Projects\MARS-Summer-Research\data\raw\KolektorSDD2\train\12038_GT.png
train,train,12039,0,Normal,C:\Users\james\OneDrive - Lancaster University\Documents\Projects\MARS-Summer-Research\data\raw\KolektorSDD2\train\12039.png,C:\Users\james\OneDrive - Lancaster University\Documents\Projects\MARS-Summer-Research\data\raw\KolektorSDD2\train\12039_GT.png
train,train,12040,0,Normal,C:\Users\james\OneDrive - Lancaster University\Documents\Projects\MARS-Summer-Research\data\raw\KolektorSDD2\train\12040.png,C:\Users\james\OneDrive - Lancaster University\Documents\Projects\MARS-Summer-Research\data\raw\KolektorSDD2\train\12040_GT.png
train,train,12041,1,Defective,C:\Users\james\OneDrive - Lancaster University\Documents\Projects\MARS-Summer-Research\data\raw\KolektorSDD2\train\12041.png,C:\Users\james\OneDrive - Lancaster University\Documents\Projects\MARS-Summer-Research\data\raw\KolektorSDD2\train\12041_GT.png
train,train,12042,0,Normal,C:\Users\james\OneDrive - Lancaster University\Documents\Projects\MARS-Summer-Research\data\raw\KolektorSDD2\train\12042.png,C:\Users\james\OneDrive - Lancaster University\Documents\Projects\MARS-Summer-Research\data\raw\KolektorSDD2\train\12042_GT.png
train,train,12043,0,Normal,C:\Users\james\OneDrive - Lancaster University\Documents\Projects\MARS-Summer-Research\data\raw\KolektorSDD2\train\12043.png,C:\Users\james\OneDrive - Lancaster University\Documents\Projects\MARS-Summer-Research\data\raw\KolektorSDD2\train\12043_GT.png
train,train,12044,0,Normal,C:\Users\james\OneDrive - Lancaster University\Documents\Projects\MARS-Summer-Research\data\raw\KolektorSDD2\train\12044.png,C:\Users\james\OneDrive - Lancaster University\Documents\Projects\MARS-Summer-Research\data\raw\KolektorSDD2\train\12044_GT.png
train,train,12045,0,Normal,C:\Users\james\OneDrive - Lancaster University\Documents\Projects\MARS-Summer-Research\data\raw\KolektorSDD2\train\12045.png,C:\Users\james\OneDrive - Lancaster University\Documents\Projects\MARS-Summer-Research\data\raw\KolektorSDD2\train\12045_GT.png
train,train,12047,0,Normal,C:\Users\james\OneDrive - Lancaster University\Documents\Projects\MARS-Summer-Research\data\raw\KolektorSDD2\train\12047.png,C:\Users\james\OneDrive - Lancaster University\Documents\Projects\MARS-Summer-Research\data\raw\KolektorSDD2\train\12047_GT.png
train,train,12048,0,Normal,C:\Users\james\OneDrive - Lancaster University\Documents\Projects\MARS-Summer-Research\data\raw\KolektorSDD2\train\12048.png,C:\Users\james\OneDrive - Lancaster University\Documents\Projects\MARS-Summer-Research\data\raw\KolektorSDD2\train\12048_GT.png
train,train,12049,0,Normal,C:\Users\james\OneDrive - Lancaster University\Documents\Projects\MARS-Summer-Research\data\raw\KolektorSDD2\train\12049.png,C:\Users\james\OneDrive - Lancaster University\Documents\Projects\MARS-Summer-Research\data\raw\KolektorSDD2\train\12049_GT.png
train,train,12050,1,Defective,C:\Users\james\OneDrive - Lancaster University\Documents\Projects\MARS-Summer-Research\data\raw\KolektorSDD2\train\12050.png,C:\Users\james\OneDrive - Lancaster University\Documents\Projects\MARS-Summer-Research\data\raw\KolektorSDD2\train\12050_GT.png
train,train,12051,0,Normal,C:\Users\james\OneDrive - Lancaster University\Documents\Projects\MARS-Summer-Research\data\raw\KolektorSDD2\train\12051.png,C:\Users\james\OneDrive - Lancaster University\Documents\Projects\MARS-Summer-Research\data\raw\KolektorSDD2\train\12051_GT.png
train,train,12052,0,Normal,C:\Users\james\OneDrive - Lancaster University\Documents\Projects\MARS-Summer-Research\data\raw\KolektorSDD2\train\12052.png,C:\Users\james\OneDrive - Lancaster University\Documents\Projects\MARS-Summer-Research\data\raw\KolektorSDD2\train\12052_GT.png
train,train,12054,0,Normal,C:\Users\james\OneDrive - Lancaster University\Documents\Projects\MARS-Summer-Research\data\raw\KolektorSDD2\train\12054.png,C:\Users\james\OneDrive - Lancaster University\Documents\Projects\MARS-Summer-Research\data\raw\KolektorSDD2\train\12054_GT.png
train,train,12056,1,Defective,C:\Users\james\OneDrive - Lancaster University\Documents\Projects\MARS-Summer-Research\data\raw\KolektorSDD2\train\12056.png,C:\Users\james\OneDrive - Lancaster University\Documents\Projects\MARS-Summer-Research\data\raw\KolektorSDD2\train\12056_GT.png
train,train,12057,0,Normal,C:\Users\james\OneDrive - Lancaster University\Documents\Projects\MARS-Summer-Research\data\raw\KolektorSDD2\train\12057.png,C:\Users\james\OneDrive - Lancaster University\Documents\Projects\MARS-Summer-Research\data\raw\KolektorSDD2\train\12057_GT.png
train,train,12058,0,Normal,C:\Users\james\OneDrive - Lancaster University\Documents\Projects\MARS-Summer-Research\data\raw\KolektorSDD2\train\12058.png,C:\Users\james\OneDrive - Lancaster University\Documents\Projects\MARS-Summer-Research\data\raw\KolektorSDD2\train\12058_GT.png
train,train,12059,0,Normal,C:\Users\james\OneDrive - Lancaster University\Documents\Projects\MARS-Summer-Research\data\raw\KolektorSDD2\train\12059.png,C:\Users\james\OneDrive - Lancaster University\Documents\Projects\MARS-Summer-Research\data\raw\KolektorSDD2\train\12059_GT.png
train,train,12062,0,Normal,C:\Users\james\OneDrive - Lancaster University\Documents\Projects\MARS-Summer-Research\data\raw\KolektorSDD2\train\12062.png,C:\Users\james\OneDrive - Lancaster University\Documents\Projects\MARS-Summer-Research\data\raw\KolektorSDD2\train\12062_GT.png
train,train,12064,0,Normal,C:\Users\james\OneDrive - Lancaster University\Documents\Projects\MARS-Summer-Research\data\raw\KolektorSDD2\train\12064.png,C:\Users\james\OneDrive - Lancaster University\Documents\Projects\MARS-Summer-Research\data\raw\KolektorSDD2\train\12064_GT.png
train,train,12065,0,Normal,C:\Users\james\OneDrive - Lancaster University\Documents\Projects\MARS-Summer-Research\data\raw\KolektorSDD2\train\12065.png,C:\Users\james\OneDrive - Lancaster University\Documents\Projects\MARS-Summer-Research\data\raw\KolektorSDD2\train\12065_GT.png
train,train,12067,0,Normal,C:\Users\james\OneDrive - Lancaster University\Documents\Projects\MARS-Summer-Research\data\raw\KolektorSDD2\train\12067.png,C:\Users\james\OneDrive - Lancaster University\Documents\Projects\MARS-Summer-Research\data\raw\KolektorSDD2\train\12067_GT.png
train,train,12069,0,Normal,C:\Users\james\OneDrive - Lancaster University\Documents\Projects\MARS-Summer-Research\data\raw\KolektorSDD2\train\12069.png,C:\Users\james\OneDrive - Lancaster University\Documents\Projects\MARS-Summer-Research\data\raw\KolektorSDD2\train\12069_GT.png
train,train,12070,1,Defective,C:\Users\james\OneDrive - Lancaster University\Documents\Projects\MARS-Summer-Research\data\raw\KolektorSDD2\train\12070.png,C:\Users\james\OneDrive - Lancaster University\Documents\Projects\MARS-Summer-Research\data\raw\KolektorSDD2\train\12070_GT.png
train,train,12072,0,Normal,C:\Users\james\OneDrive - Lancaster University\Documents\Projects\MARS-Summer-Research\data\raw\KolektorSDD2\train\12072.png,C:\Users\james\OneDrive - Lancaster University\Documents\Projects\MARS-Summer-Research\data\raw\KolektorSDD2\train\12072_GT.png
train,train,12074,0,Normal,C:\Users\james\OneDrive - Lancaster University\Documents\Projects\MARS-Summer-Research\data\raw\KolektorSDD2\train\12074.png,C:\Users\james\OneDrive - Lancaster University\Documents\Projects\MARS-Summer-Research\data\raw\KolektorSDD2\train\12074_GT.png
train,train,12075,0,Normal,C:\Users\james\OneDrive - Lancaster University\Documents\Projects\MARS-Summer-Research\data\raw\KolektorSDD2\train\12075.png,C:\Users\james\OneDrive - Lancaster University\Documents\Projects\MARS-Summer-Research\data\raw\KolektorSDD2\train\12075_GT.png
train,train,12076,0,Normal,C:\Users\james\OneDrive - Lancaster University\Documents\Projects\MARS-Summer-Research\data\raw\KolektorSDD2\train\12076.png,C:\Users\james\OneDrive - Lancaster University\Documents\Projects\MARS-Summer-Research\data\raw\KolektorSDD2\train\12076_GT.png
train,train,12077,0,Normal,C:\Users\james\OneDrive - Lancaster University\Documents\Projects\MARS-Summer-Research\data\raw\KolektorSDD2\train\12077.png,C:\Users\james\OneDrive - Lancaster University\Documents\Projects\MARS-Summer-Research\data\raw\KolektorSDD2\train\12077_GT.png
train,train,12078,0,Normal,C:\Users\james\OneDrive - Lancaster University\Documents\Projects\MARS-Summer-Research\data\raw\KolektorSDD2\train\12078.png,C:\Users\james\OneDrive - Lancaster University\Documents\Projects\MARS-Summer-Research\data\raw\KolektorSDD2\train\12078_GT.png
train,train,12079,0,Normal,C:\Users\james\OneDrive - Lancaster University\Documents\Projects\MARS-Summer-Research\data\raw\KolektorSDD2\train\12079.png,C:\Users\james\OneDrive - Lancaster University\Documents\Projects\MARS-Summer-Research\data\raw\KolektorSDD2\train\12079_GT.png
train,train,12080,1,Defective,C:\Users\james\OneDrive - Lancaster University\Documents\Projects\MARS-Summer-Research\data\raw\KolektorSDD2\train\12080.png,C:\Users\james\OneDrive - Lancaster University\Documents\Projects\MARS-Summer-Research\data\raw\KolektorSDD2\train\12080_GT.png
train,train,12081,1,Defective,C:\Users\james\OneDrive - Lancaster University\Documents\Projects\MARS-Summer-Research\data\raw\KolektorSDD2\train\12081.png,C:\Users\james\OneDrive - Lancaster University\Documents\Projects\MARS-Summer-Research\data\raw\KolektorSDD2\train\12081_GT.png
train,train,12083,0,Normal,C:\Users\james\OneDrive - Lancaster University\Documents\Projects\MARS-Summer-Research\data\raw\KolektorSDD2\train\12083.png,C:\Users\james\OneDrive - Lancaster University\Documents\Projects\MARS-Summer-Research\data\raw\KolektorSDD2\train\12083_GT.png
train,train,12086,0,Normal,C:\Users\james\OneDrive - Lancaster University\Documents\Projects\MARS-Summer-Research\data\raw\KolektorSDD2\train\12086.png,C:\Users\james\OneDrive - Lancaster University\Documents\Projects\MARS-Summer-Research\data\raw\KolektorSDD2\train\12086_GT.png
train,train,12088,0,Normal,C:\Users\james\OneDrive - Lancaster University\Documents\Projects\MARS-Summer-Research\data\raw\KolektorSDD2\train\12088.png,C:\Users\james\OneDrive - Lancaster University\Documents\Projects\MARS-Summer-Research\data\raw\KolektorSDD2\train\12088_GT.png
train,train,12089,0,Normal,C:\Users\james\OneDrive - Lancaster University\Documents\Projects\MARS-Summer-Research\data\raw\KolektorSDD2\train\12089.png,C:\Users\james\OneDrive - Lancaster University\Documents\Projects\MARS-Summer-Research\data\raw\KolektorSDD2\train\12089_GT.png
train,train,12090,0,Normal,C:\Users\james\OneDrive - Lancaster University\Documents\Projects\MARS-Summer-Research\data\raw\KolektorSDD2\train\12090.png,C:\Users\james\OneDrive - Lancaster University\Documents\Projects\MARS-Summer-Research\data\raw\KolektorSDD2\train\12090_GT.png
train,train,12091,0,Normal,C:\Users\james\OneDrive - Lancaster University\Documents\Projects\MARS-Summer-Research\data\raw\KolektorSDD2\train\12091.png,C:\Users\james\OneDrive - Lancaster University\Documents\Projects\MARS-Summer-Research\data\raw\KolektorSDD2\train\12091_GT.png
train,train,12092,0,Normal,C:\Users\james\OneDrive - Lancaster University\Documents\Projects\MARS-Summer-Research\data\raw\KolektorSDD2\train\12092.png,C:\Users\james\OneDrive - Lancaster University\Documents\Projects\MARS-Summer-Research\data\raw\KolektorSDD2\train\12092_GT.png
train,train,12093,0,Normal,C:\Users\james\OneDrive - Lancaster University\Documents\Projects\MARS-Summer-Research\data\raw\KolektorSDD2\train\12093.png,C:\Users\james\OneDrive - Lancaster University\Documents\Projects\MARS-Summer-Research\data\raw\KolektorSDD2\train\12093_GT.png
train,train,12095,0,Normal,C:\Users\james\OneDrive - Lancaster University\Documents\Projects\MARS-Summer-Research\data\raw\KolektorSDD2\train\12095.png,C:\Users\james\OneDrive - Lancaster University\Documents\Projects\MARS-Summer-Research\data\raw\KolektorSDD2\train\12095_GT.png
train,train,12096,0,Normal,C:\Users\james\OneDrive - Lancaster University\Documents\Projects\MARS-Summer-Research\data\raw\KolektorSDD2\train\12096.png,C:\Users\james\OneDrive - Lancaster University\Documents\Projects\MARS-Summer-Research\data\raw\KolektorSDD2\train\12096_GT.png
train,train,12097,0,Normal,C:\Users\james\OneDrive - Lancaster University\Documents\Projects\MARS-Summer-Research\data\raw\KolektorSDD2\train\12097.png,C:\Users\james\OneDrive - Lancaster University\Documents\Projects\MARS-Summer-Research\data\raw\KolektorSDD2\train\12097_GT.png
train,train,12098,0,Normal,C:\Users\james\OneDrive - Lancaster University\Documents\Projects\MARS-Summer-Research\data\raw\KolektorSDD2\train\12098.png,C:\Users\james\OneDrive - Lancaster University\Documents\Projects\MARS-Summer-Research\data\raw\KolektorSDD2\train\12098_GT.png
train,train,12099,0,Normal,C:\Users\james\OneDrive - Lancaster University\Documents\Projects\MARS-Summer-Research\data\raw\KolektorSDD2\train\12099.png,C:\Users\james\OneDrive - Lancaster University\Documents\Projects\MARS-Summer-Research\data\raw\KolektorSDD2\train\12099_GT.png
train,train,12100,0,Normal,C:\Users\james\OneDrive - Lancaster University\Documents\Projects\MARS-Summer-Research\data\raw\KolektorSDD2\train\12100.png,C:\Users\james\OneDrive - Lancaster University\Documents\Projects\MARS-Summer-Research\data\raw\KolektorSDD2\train\12100_GT.png
train,train,12101,0,Normal,C:\Users\james\OneDrive - Lancaster University\Documents\Projects\MARS-Summer-Research\data\raw\KolektorSDD2\train\12101.png,C:\Users\james\OneDrive - Lancaster University\Documents\Projects\MARS-Summer-Research\data\raw\KolektorSDD2\train\12101_GT.png
train,train,12104,0,Normal,C:\Users\james\OneDrive - Lancaster University\Documents\Projects\MARS-Summer-Research\data\raw\KolektorSDD2\train\12104.png,C:\Users\james\OneDrive - Lancaster University\Documents\Projects\MARS-Summer-Research\data\raw\KolektorSDD2\train\12104_GT.png
train,train,12107,0,Normal,C:\Users\james\OneDrive - Lancaster University\Documents\Projects\MARS-Summer-Research\data\raw\KolektorSDD2\train\12107.png,C:\Users\james\OneDrive - Lancaster University\Documents\Projects\MARS-Summer-Research\data\raw\KolektorSDD2\train\12107_GT.png
train,train,12109,1,Defective,C:\Users\james\OneDrive - Lancaster University\Documents\Projects\MARS-Summer-Research\data\raw\KolektorSDD2\train\12109.png,C:\Users\james\OneDrive - Lancaster University\Documents\Projects\MARS-Summer-Research\data\raw\KolektorSDD2\train\12109_GT.png
train,train,12111,0,Normal,C:\Users\james\OneDrive - Lancaster University\Documents\Projects\MARS-Summer-Research\data\raw\KolektorSDD2\train\12111.png,C:\Users\james\OneDrive - Lancaster University\Documents\Projects\MARS-Summer-Research\data\raw\KolektorSDD2\train\12111_GT.png
train,train,12113,0,Normal,C:\Users\james\OneDrive - Lancaster University\Documents\Projects\MARS-Summer-Research\data\raw\KolektorSDD2\train\12113.png,C:\Users\james\OneDrive - Lancaster University\Documents\Projects\MARS-Summer-Research\data\raw\KolektorSDD2\train\12113_GT.png
train,train,12114,0,Normal,C:\Users\james\OneDrive - Lancaster University\Documents\Projects\MARS-Summer-Research\data\raw\KolektorSDD2\train\12114.png,C:\Users\james\OneDrive - Lancaster University\Documents\Projects\MARS-Summer-Research\data\raw\KolektorSDD2\train\12114_GT.png
train,train,12116,0,Normal,C:\Users\james\OneDrive - Lancaster University\Documents\Projects\MARS-Summer-Research\data\raw\KolektorSDD2\train\12116.png,C:\Users\james\OneDrive - Lancaster University\Documents\Projects\MARS-Summer-Research\data\raw\KolektorSDD2\train\12116_GT.png
train,train,12117,0,Normal,C:\Users\james\OneDrive - Lancaster University\Documents\Projects\MARS-Summer-Research\data\raw\KolektorSDD2\train\12117.png,C:\Users\james\OneDrive - Lancaster University\Documents\Projects\MARS-Summer-Research\data\raw\KolektorSDD2\train\12117_GT.png
train,train,12120,0,Normal,C:\Users\james\OneDrive - Lancaster University\Documents\Projects\MARS-Summer-Research\data\raw\KolektorSDD2\train\12120.png,C:\Users\james\OneDrive - Lancaster University\Documents\Projects\MARS-Summer-Research\data\raw\KolektorSDD2\train\12120_GT.png
train,train,12121,0,Normal,C:\Users\james\OneDrive - Lancaster University\Documents\Projects\MARS-Summer-Research\data\raw\KolektorSDD2\train\12121.png,C:\Users\james\OneDrive - Lancaster University\Documents\Projects\MARS-Summer-Research\data\raw\KolektorSDD2\train\12121_GT.png
train,train,12122,0,Normal,C:\Users\james\OneDrive - Lancaster University\Documents\Projects\MARS-Summer-Research\data\raw\KolektorSDD2\train\12122.png,C:\Users\james\OneDrive - Lancaster University\Documents\Projects\MARS-Summer-Research\data\raw\KolektorSDD2\train\12122_GT.png
train,train,12124,0,Normal,C:\Users\james\OneDrive - Lancaster University\Documents\Projects\MARS-Summer-Research\data\raw\KolektorSDD2\train\12124.png,C:\Users\james\OneDrive - Lancaster University\Documents\Projects\MARS-Summer-Research\data\raw\KolektorSDD2\train\12124_GT.png
train,train,12125,0,Normal,C:\Users\james\OneDrive - Lancaster University\Documents\Projects\MARS-Summer-Research\data\raw\KolektorSDD2\train\12125.png,C:\Users\james\OneDrive - Lancaster University\Documents\Projects\MARS-Summer-Research\data\raw\KolektorSDD2\train\12125_GT.png
train,train,12126,0,Normal,C:\Users\james\OneDrive - Lancaster University\Documents\Projects\MARS-Summer-Research\data\raw\KolektorSDD2\train\12126.png,C:\Users\james\OneDrive - Lancaster University\Documents\Projects\MARS-Summer-Research\data\raw\KolektorSDD2\train\12126_GT.png
train,train,12127,0,Normal,C:\Users\james\OneDrive - Lancaster University\Documents\Projects\MARS-Summer-Research\data\raw\KolektorSDD2\train\12127.png,C:\Users\james\OneDrive - Lancaster University\Documents\Projects\MARS-Summer-Research\data\raw\KolektorSDD2\train\12127_GT.png
train,train,12128,0,Normal,C:\Users\james\OneDrive - Lancaster University\Documents\Projects\MARS-Summer-Research\data\raw\KolektorSDD2\train\12128.png,C:\Users\james\OneDrive - Lancaster University\Documents\Projects\MARS-Summer-Research\data\raw\KolektorSDD2\train\12128_GT.png
train,train,12129,0,Normal,C:\Users\james\OneDrive - Lancaster University\Documents\Projects\MARS-Summer-Research\data\raw\KolektorSDD2\train\12129.png,C:\Users\james\OneDrive - Lancaster University\Documents\Projects\MARS-Summer-Research\data\raw\KolektorSDD2\train\12129_GT.png
train,train,12130,0,Normal,C:\Users\james\OneDrive - Lancaster University\Documents\Projects\MARS-Summer-Research\data\raw\KolektorSDD2\train\12130.png,C:\Users\james\OneDrive - Lancaster University\Documents\Projects\MARS-Summer-Research\data\raw\KolektorSDD2\train\12130_GT.png
train,train,12131,1,Defective,C:\Users\james\OneDrive - Lancaster University\Documents\Projects\MARS-Summer-Research\data\raw\KolektorSDD2\train\12131.png,C:\Users\james\OneDrive - Lancaster University\Documents\Projects\MARS-Summer-Research\data\raw\KolektorSDD2\train\12131_GT.png
train,train,12132,0,Normal,C:\Users\james\OneDrive - Lancaster University\Documents\Projects\MARS-Summer-Research\data\raw\KolektorSDD2\train\12132.png,C:\Users\james\OneDrive - Lancaster University\Documents\Projects\MARS-Summer-Research\data\raw\KolektorSDD2\train\12132_GT.png
train,train,12133,0,Normal,C:\Users\james\OneDrive - Lancaster University\Documents\Projects\MARS-Summer-Research\data\raw\KolektorSDD2\train\12133.png,C:\Users\james\OneDrive - Lancaster University\Documents\Projects\MARS-Summer-Research\data\raw\KolektorSDD2\train\12133_GT.png
train,train,12134,0,Normal,C:\Users\james\OneDrive - Lancaster University\Documents\Projects\MARS-Summer-Research\data\raw\KolektorSDD2\train\12134.png,C:\Users\james\OneDrive - Lancaster University\Documents\Projects\MARS-Summer-Research\data\raw\KolektorSDD2\train\12134_GT.png
train,train,12135,0,Normal,C:\Users\james\OneDrive - Lancaster University\Documents\Projects\MARS-Summer-Research\data\raw\KolektorSDD2\train\12135.png,C:\Users\james\OneDrive - Lancaster University\Documents\Projects\MARS-Summer-Research\data\raw\KolektorSDD2\train\12135_GT.png
train,train,12136,0,Normal,C:\Users\james\OneDrive - Lancaster University\Documents\Projects\MARS-Summer-Research\data\raw\KolektorSDD2\train\12136.png,C:\Users\james\OneDrive - Lancaster University\Documents\Projects\MARS-Summer-Research\data\raw\KolektorSDD2\train\12136_GT.png
train,train,12139,0,Normal,C:\Users\james\OneDrive - Lancaster University\Documents\Projects\MARS-Summer-Research\data\raw\KolektorSDD2\train\12139.png,C:\Users\james\OneDrive - Lancaster University\Documents\Projects\MARS-Summer-Research\data\raw\KolektorSDD2\train\12139_GT.png
train,train,12140,0,Normal,C:\Users\james\OneDrive - Lancaster University\Documents\Projects\MARS-Summer-Research\data\raw\KolektorSDD2\train\12140.png,C:\Users\james\OneDrive - Lancaster University\Documents\Projects\MARS-Summer-Research\data\raw\KolektorSDD2\train\12140_GT.png
train,train,12142,0,Normal,C:\Users\james\OneDrive - Lancaster University\Documents\Projects\MARS-Summer-Research\data\raw\KolektorSDD2\train\12142.png,C:\Users\james\OneDrive - Lancaster University\Documents\Projects\MARS-Summer-Research\data\raw\KolektorSDD2\train\12142_GT.png
train,train,12143,0,Normal,C:\Users\james\OneDrive - Lancaster University\Documents\Projects\MARS-Summer-Research\data\raw\KolektorSDD2\train\12143.png,C:\Users\james\OneDrive - Lancaster University\Documents\Projects\MARS-Summer-Research\data\raw\KolektorSDD2\train\12143_GT.png
train,train,12144,0,Normal,C:\Users\james\OneDrive - Lancaster University\Documents\Projects\MARS-Summer-Research\data\raw\KolektorSDD2\train\12144.png,C:\Users\james\OneDrive - Lancaster University\Documents\Projects\MARS-Summer-Research\data\raw\KolektorSDD2\train\12144_GT.png
train,train,12145,0,Normal,C:\Users\james\OneDrive - Lancaster University\Documents\Projects\MARS-Summer-Research\data\raw\KolektorSDD2\train\12145.png,C:\Users\james\OneDrive - Lancaster University\Documents\Projects\MARS-Summer-Research\data\raw\KolektorSDD2\train\12145_GT.png
train,train,12146,1,Defective,C:\Users\james\OneDrive - Lancaster University\Documents\Projects\MARS-Summer-Research\data\raw\KolektorSDD2\train\12146.png,C:\Users\james\OneDrive - Lancaster University\Documents\Projects\MARS-Summer-Research\data\raw\KolektorSDD2\train\12146_GT.png
train,train,12147,0,Normal,C:\Users\james\OneDrive - Lancaster University\Documents\Projects\MARS-Summer-Research\data\raw\KolektorSDD2\train\12147.png,C:\Users\james\OneDrive - Lancaster University\Documents\Projects\MARS-Summer-Research\data\raw\KolektorSDD2\train\12147_GT.png
train,train,12148,0,Normal,C:\Users\james\OneDrive - Lancaster University\Documents\Projects\MARS-Summer-Research\data\raw\KolektorSDD2\train\12148.png,C:\Users\james\OneDrive - Lancaster University\Documents\Projects\MARS-Summer-Research\data\raw\KolektorSDD2\train\12148_GT.png
train,train,12149,0,Normal,C:\Users\james\OneDrive - Lancaster University\Documents\Projects\MARS-Summer-Research\data\raw\KolektorSDD2\train\12149.png,C:\Users\james\OneDrive - Lancaster University\Documents\Projects\MARS-Summer-Research\data\raw\KolektorSDD2\train\12149_GT.png
train,train,12151,0,Normal,C:\Users\james\OneDrive - Lancaster University\Documents\Projects\MARS-Summer-Research\data\raw\KolektorSDD2\train\12151.png,C:\Users\james\OneDrive - Lancaster University\Documents\Projects\MARS-Summer-Research\data\raw\KolektorSDD2\train\12151_GT.png
train,train,12152,0,Normal,C:\Users\james\OneDrive - Lancaster University\Documents\Projects\MARS-Summer-Research\data\raw\KolektorSDD2\train\12152.png,C:\Users\james\OneDrive - Lancaster University\Documents\Projects\MARS-Summer-Research\data\raw\KolektorSDD2\train\12152_GT.png
train,train,12153,0,Normal,C:\Users\james\OneDrive - Lancaster University\Documents\Projects\MARS-Summer-Research\data\raw\KolektorSDD2\train\12153.png,C:\Users\james\OneDrive - Lancaster University\Documents\Projects\MARS-Summer-Research\data\raw\KolektorSDD2\train\12153_GT.png
train,train,12155,0,Normal,C:\Users\james\OneDrive - Lancaster University\Documents\Projects\MARS-Summer-Research\data\raw\KolektorSDD2\train\12155.png,C:\Users\james\OneDrive - Lancaster University\Documents\Projects\MARS-Summer-Research\data\raw\KolektorSDD2\train\12155_GT.png
train,train,12156,0,Normal,C:\Users\james\OneDrive - Lancaster University\Documents\Projects\MARS-Summer-Research\data\raw\KolektorSDD2\train\12156.png,C:\Users\james\OneDrive - Lancaster University\Documents\Projects\MARS-Summer-Research\data\raw\KolektorSDD2\train\12156_GT.png
train,train,12158,0,Normal,C:\Users\james\OneDrive - Lancaster University\Documents\Projects\MARS-Summer-Research\data\raw\KolektorSDD2\train\12158.png,C:\Users\james\OneDrive - Lancaster University\Documents\Projects\MARS-Summer-Research\data\raw\KolektorSDD2\train\12158_GT.png
train,train,12159,0,Normal,C:\Users\james\OneDrive - Lancaster University\Documents\Projects\MARS-Summer-Research\data\raw\KolektorSDD2\train\12159.png,C:\Users\james\OneDrive - Lancaster University\Documents\Projects\MARS-Summer-Research\data\raw\KolektorSDD2\train\12159_GT.png
train,train,12161,0,Normal,C:\Users\james\OneDrive - Lancaster University\Documents\Projects\MARS-Summer-Research\data\raw\KolektorSDD2\train\12161.png,C:\Users\james\OneDrive - Lancaster University\Documents\Projects\MARS-Summer-Research\data\raw\KolektorSDD2\train\12161_GT.png
train,train,12162,0,Normal,C:\Users\james\OneDrive - Lancaster University\Documents\Projects\MARS-Summer-Research\data\raw\KolektorSDD2\train\12162.png,C:\Users\james\OneDrive - Lancaster University\Documents\Projects\MARS-Summer-Research\data\raw\KolektorSDD2\train\12162_GT.png
train,train,12163,0,Normal,C:\Users\james\OneDrive - Lancaster University\Documents\Projects\MARS-Summer-Research\data\raw\KolektorSDD2\train\12163.png,C:\Users\james\OneDrive - Lancaster University\Documents\Projects\MARS-Summer-Research\data\raw\KolektorSDD2\train\12163_GT.png
train,train,12164,0,Normal,C:\Users\james\OneDrive - Lancaster University\Documents\Projects\MARS-Summer-Research\data\raw\KolektorSDD2\train\12164.png,C:\Users\james\OneDrive - Lancaster University\Documents\Projects\MARS-Summer-Research\data\raw\KolektorSDD2\train\12164_GT.png
train,train,12165,0,Normal,C:\Users\james\OneDrive - Lancaster University\Documents\Projects\MARS-Summer-Research\data\raw\KolektorSDD2\train\12165.png,C:\Users\james\OneDrive - Lancaster University\Documents\Projects\MARS-Summer-Research\data\raw\KolektorSDD2\train\12165_GT.png
train,train,12166,0,Normal,C:\Users\james\OneDrive - Lancaster University\Documents\Projects\MARS-Summer-Research\data\raw\KolektorSDD2\train\12166.png,C:\Users\james\OneDrive - Lancaster University\Documents\Projects\MARS-Summer-Research\data\raw\KolektorSDD2\train\12166_GT.png
train,train,12167,0,Normal,C:\Users\james\OneDrive - Lancaster University\Documents\Projects\MARS-Summer-Research\data\raw\KolektorSDD2\train\12167.png,C:\Users\james\OneDrive - Lancaster University\Documents\Projects\MARS-Summer-Research\data\raw\KolektorSDD2\train\12167_GT.png
train,train,12168,0,Normal,C:\Users\james\OneDrive - Lancaster University\Documents\Projects\MARS-Summer-Research\data\raw\KolektorSDD2\train\12168.png,C:\Users\james\OneDrive - Lancaster University\Documents\Projects\MARS-Summer-Research\data\raw\KolektorSDD2\train\12168_GT.png
train,train,12169,0,Normal,C:\Users\james\OneDrive - Lancaster University\Documents\Projects\MARS-Summer-Research\data\raw\KolektorSDD2\train\12169.png,C:\Users\james\OneDrive - Lancaster University\Documents\Projects\MARS-Summer-Research\data\raw\KolektorSDD2\train\12169_GT.png
train,train,12172,0,Normal,C:\Users\james\OneDrive - Lancaster University\Documents\Projects\MARS-Summer-Research\data\raw\KolektorSDD2\train\12172.png,C:\Users\james\OneDrive - Lancaster University\Documents\Projects\MARS-Summer-Research\data\raw\KolektorSDD2\train\12172_GT.png
train,train,12174,0,Normal,C:\Users\james\OneDrive - Lancaster University\Documents\Projects\MARS-Summer-Research\data\raw\KolektorSDD2\train\12174.png,C:\Users\james\OneDrive - Lancaster University\Documents\Projects\MARS-Summer-Research\data\raw\KolektorSDD2\train\12174_GT.png
train,train,12175,0,Normal,C:\Users\james\OneDrive - Lancaster University\Documents\Projects\MARS-Summer-Research\data\raw\KolektorSDD2\train\12175.png,C:\Users\james\OneDrive - Lancaster University\Documents\Projects\MARS-Summer-Research\data\raw\KolektorSDD2\train\12175_GT.png
train,train,12176,0,Normal,C:\Users\james\OneDrive - Lancaster University\Documents\Projects\MARS-Summer-Research\data\raw\KolektorSDD2\train\12176.png,C:\Users\james\OneDrive - Lancaster University\Documents\Projects\MARS-Summer-Research\data\raw\KolektorSDD2\train\12176_GT.png
train,train,12177,0,Normal,C:\Users\james\OneDrive - Lancaster University\Documents\Projects\MARS-Summer-Research\data\raw\KolektorSDD2\train\12177.png,C:\Users\james\OneDrive - Lancaster University\Documents\Projects\MARS-Summer-Research\data\raw\KolektorSDD2\train\12177_GT.png
train,train,12178,0,Normal,C:\Users\james\OneDrive - Lancaster University\Documents\Projects\MARS-Summer-Research\data\raw\KolektorSDD2\train\12178.png,C:\Users\james\OneDrive - Lancaster University\Documents\Projects\MARS-Summer-Research\data\raw\KolektorSDD2\train\12178_GT.png
train,train,12179,1,Defective,C:\Users\james\OneDrive - Lancaster University\Documents\Projects\MARS-Summer-Research\data\raw\KolektorSDD2\train\12179.png,C:\Users\james\OneDrive - Lancaster University\Documents\Projects\MARS-Summer-Research\data\raw\KolektorSDD2\train\12179_GT.png
train,train,12180,0,Normal,C:\Users\james\OneDrive - Lancaster University\Documents\Projects\MARS-Summer-Research\data\raw\KolektorSDD2\train\12180.png,C:\Users\james\OneDrive - Lancaster University\Documents\Projects\MARS-Summer-Research\data\raw\KolektorSDD2\train\12180_GT.png
train,train,12181,0,Normal,C:\Users\james\OneDrive - Lancaster University\Documents\Projects\MARS-Summer-Research\data\raw\KolektorSDD2\train\12181.png,C:\Users\james\OneDrive - Lancaster University\Documents\Projects\MARS-Summer-Research\data\raw\KolektorSDD2\train\12181_GT.png
train,train,12182,0,Normal,C:\Users\james\OneDrive - Lancaster University\Documents\Projects\MARS-Summer-Research\data\raw\KolektorSDD2\train\12182.png,C:\Users\james\OneDrive - Lancaster University\Documents\Projects\MARS-Summer-Research\data\raw\KolektorSDD2\train\12182_GT.png
train,train,12183,0,Normal,C:\Users\james\OneDrive - Lancaster University\Documents\Projects\MARS-Summer-Research\data\raw\KolektorSDD2\train\12183.png,C:\Users\james\OneDrive - Lancaster University\Documents\Projects\MARS-Summer-Research\data\raw\KolektorSDD2\train\12183_GT.png
train,train,12187,0,Normal,C:\Users\james\OneDrive - Lancaster University\Documents\Projects\MARS-Summer-Research\data\raw\KolektorSDD2\train\12187.png,C:\Users\james\OneDrive - Lancaster University\Documents\Projects\MARS-Summer-Research\data\raw\KolektorSDD2\train\12187_GT.png
train,train,12188,0,Normal,C:\Users\james\OneDrive - Lancaster University\Documents\Projects\MARS-Summer-Research\data\raw\KolektorSDD2\train\12188.png,C:\Users\james\OneDrive - Lancaster University\Documents\Projects\MARS-Summer-Research\data\raw\KolektorSDD2\train\12188_GT.png
train,train,12190,0,Normal,C:\Users\james\OneDrive - Lancaster University\Documents\Projects\MARS-Summer-Research\data\raw\KolektorSDD2\train\12190.png,C:\Users\james\OneDrive - Lancaster University\Documents\Projects\MARS-Summer-Research\data\raw\KolektorSDD2\train\12190_GT.png
train,train,12191,1,Defective,C:\Users\james\OneDrive - Lancaster University\Documents\Projects\MARS-Summer-Research\data\raw\KolektorSDD2\train\12191.png,C:\Users\james\OneDrive - Lancaster University\Documents\Projects\MARS-Summer-Research\data\raw\KolektorSDD2\train\12191_GT.png
train,train,12193,0,Normal,C:\Users\james\OneDrive - Lancaster University\Documents\Projects\MARS-Summer-Research\data\raw\KolektorSDD2\train\12193.png,C:\Users\james\OneDrive - Lancaster University\Documents\Projects\MARS-Summer-Research\data\raw\KolektorSDD2\train\12193_GT.png
train,train,12195,0,Normal,C:\Users\james\OneDrive - Lancaster University\Documents\Projects\MARS-Summer-Research\data\raw\KolektorSDD2\train\12195.png,C:\Users\james\OneDrive - Lancaster University\Documents\Projects\MARS-Summer-Research\data\raw\KolektorSDD2\train\12195_GT.png
train,train,12197,0,Normal,C:\Users\james\OneDrive - Lancaster University\Documents\Projects\MARS-Summer-Research\data\raw\KolektorSDD2\train\12197.png,C:\Users\james\OneDrive - Lancaster University\Documents\Projects\MARS-Summer-Research\data\raw\KolektorSDD2\train\12197_GT.png
train,train,12198,0,Normal,C:\Users\james\OneDrive - Lancaster University\Documents\Projects\MARS-Summer-Research\data\raw\KolektorSDD2\train\12198.png,C:\Users\james\OneDrive - Lancaster University\Documents\Projects\MARS-Summer-Research\data\raw\KolektorSDD2\train\12198_GT.png
train,train,12199,0,Normal,C:\Users\james\OneDrive - Lancaster University\Documents\Projects\MARS-Summer-Research\data\raw\KolektorSDD2\train\12199.png,C:\Users\james\OneDrive - Lancaster University\Documents\Projects\MARS-Summer-Research\data\raw\KolektorSDD2\train\12199_GT.png
train,train,12201,1,Defective,C:\Users\james\OneDrive - Lancaster University\Documents\Projects\MARS-Summer-Research\data\raw\KolektorSDD2\train\12201.png,C:\Users\james\OneDrive - Lancaster University\Documents\Projects\MARS-Summer-Research\data\raw\KolektorSDD2\train\12201_GT.png
train,train,12202,0,Normal,C:\Users\james\OneDrive - Lancaster University\Documents\Projects\MARS-Summer-Research\data\raw\KolektorSDD2\train\12202.png,C:\Users\james\OneDrive - Lancaster University\Documents\Projects\MARS-Summer-Research\data\raw\KolektorSDD2\train\12202_GT.png
train,train,12203,0,Normal,C:\Users\james\OneDrive - Lancaster University\Documents\Projects\MARS-Summer-Research\data\raw\KolektorSDD2\train\12203.png,C:\Users\james\OneDrive - Lancaster University\Documents\Projects\MARS-Summer-Research\data\raw\KolektorSDD2\train\12203_GT.png
train,train,12205,0,Normal,C:\Users\james\OneDrive - Lancaster University\Documents\Projects\MARS-Summer-Research\data\raw\KolektorSDD2\train\12205.png,C:\Users\james\OneDrive - Lancaster University\Documents\Projects\MARS-Summer-Research\data\raw\KolektorSDD2\train\12205_GT.png
train,train,12206,0,Normal,C:\Users\james\OneDrive - Lancaster University\Documents\Projects\MARS-Summer-Research\data\raw\KolektorSDD2\train\12206.png,C:\Users\james\OneDrive - Lancaster University\Documents\Projects\MARS-Summer-Research\data\raw\KolektorSDD2\train\12206_GT.png
train,train,12207,0,Normal,C:\Users\james\OneDrive - Lancaster University\Documents\Projects\MARS-Summer-Research\data\raw\KolektorSDD2\train\12207.png,C:\Users\james\OneDrive - Lancaster University\Documents\Projects\MARS-Summer-Research\data\raw\KolektorSDD2\train\12207_GT.png
train,train,12208,0,Normal,C:\Users\james\OneDrive - Lancaster University\Documents\Projects\MARS-Summer-Research\data\raw\KolektorSDD2\train\12208.png,C:\Users\james\OneDrive - Lancaster University\Documents\Projects\MARS-Summer-Research\data\raw\KolektorSDD2\train\12208_GT.png
train,train,12209,0,Normal,C:\Users\james\OneDrive - Lancaster University\Documents\Projects\MARS-Summer-Research\data\raw\KolektorSDD2\train\12209.png,C:\Users\james\OneDrive - Lancaster University\Documents\Projects\MARS-Summer-Research\data\raw\KolektorSDD2\train\12209_GT.png
train,train,12210,1,Defective,C:\Users\james\OneDrive - Lancaster University\Documents\Projects\MARS-Summer-Research\data\raw\KolektorSDD2\train\12210.png,C:\Users\james\OneDrive - Lancaster University\Documents\Projects\MARS-Summer-Research\data\raw\KolektorSDD2\train\12210_GT.png
train,train,12211,0,Normal,C:\Users\james\OneDrive - Lancaster University\Documents\Projects\MARS-Summer-Research\data\raw\KolektorSDD2\train\12211.png,C:\Users\james\OneDrive - Lancaster University\Documents\Projects\MARS-Summer-Research\data\raw\KolektorSDD2\train\12211_GT.png
train,train,12212,0,Normal,C:\Users\james\OneDrive - Lancaster University\Documents\Projects\MARS-Summer-Research\data\raw\KolektorSDD2\train\12212.png,C:\Users\james\OneDrive - Lancaster University\Documents\Projects\MARS-Summer-Research\data\raw\KolektorSDD2\train\12212_GT.png
train,train,12214,0,Normal,C:\Users\james\OneDrive - Lancaster University\Documents\Projects\MARS-Summer-Research\data\raw\KolektorSDD2\train\12214.png,C:\Users\james\OneDrive - Lancaster University\Documents\Projects\MARS-Summer-Research\data\raw\KolektorSDD2\train\12214_GT.png
train,train,12215,0,Normal,C:\Users\james\OneDrive - Lancaster University\Documents\Projects\MARS-Summer-Research\data\raw\KolektorSDD2\train\12215.png,C:\Users\james\OneDrive - Lancaster University\Documents\Projects\MARS-Summer-Research\data\raw\KolektorSDD2\train\12215_GT.png
train,train,12216,1,Defective,C:\Users\james\OneDrive - Lancaster University\Documents\Projects\MARS-Summer-Research\data\raw\KolektorSDD2\train\12216.png,C:\Users\james\OneDrive - Lancaster University\Documents\Projects\MARS-Summer-Research\data\raw\KolektorSDD2\train\12216_GT.png
train,train,12217,0,Normal,C:\Users\james\OneDrive - Lancaster University\Documents\Projects\MARS-Summer-Research\data\raw\KolektorSDD2\train\12217.png,C:\Users\james\OneDrive - Lancaster University\Documents\Projects\MARS-Summer-Research\data\raw\KolektorSDD2\train\12217_GT.png
train,train,12219,0,Normal,C:\Users\james\OneDrive - Lancaster University\Documents\Projects\MARS-Summer-Research\data\raw\KolektorSDD2\train\12219.png,C:\Users\james\OneDrive - Lancaster University\Documents\Projects\MARS-Summer-Research\data\raw\KolektorSDD2\train\12219_GT.png
train,train,12220,0,Normal,C:\Users\james\OneDrive - Lancaster University\Documents\Projects\MARS-Summer-Research\data\raw\KolektorSDD2\train\12220.png,C:\Users\james\OneDrive - Lancaster University\Documents\Projects\MARS-Summer-Research\data\raw\KolektorSDD2\train\12220_GT.png
train,train,12221,0,Normal,C:\Users\james\OneDrive - Lancaster University\Documents\Projects\MARS-Summer-Research\data\raw\KolektorSDD2\train\12221.png,C:\Users\james\OneDrive - Lancaster University\Documents\Projects\MARS-Summer-Research\data\raw\KolektorSDD2\train\12221_GT.png
train,train,12222,0,Normal,C:\Users\james\OneDrive - Lancaster University\Documents\Projects\MARS-Summer-Research\data\raw\KolektorSDD2\train\12222.png,C:\Users\james\OneDrive - Lancaster University\Documents\Projects\MARS-Summer-Research\data\raw\KolektorSDD2\train\12222_GT.png
train,train,12224,0,Normal,C:\Users\james\OneDrive - Lancaster University\Documents\Projects\MARS-Summer-Research\data\raw\KolektorSDD2\train\12224.png,C:\Users\james\OneDrive - Lancaster University\Documents\Projects\MARS-Summer-Research\data\raw\KolektorSDD2\train\12224_GT.png
train,train,12225,0,Normal,C:\Users\james\OneDrive - Lancaster University\Documents\Projects\MARS-Summer-Research\data\raw\KolektorSDD2\train\12225.png,C:\Users\james\OneDrive - Lancaster University\Documents\Projects\MARS-Summer-Research\data\raw\KolektorSDD2\train\12225_GT.png
train,train,12226,0,Normal,C:\Users\james\OneDrive - Lancaster University\Documents\Projects\MARS-Summer-Research\data\raw\KolektorSDD2\train\12226.png,C:\Users\james\OneDrive - Lancaster University\Documents\Projects\MARS-Summer-Research\data\raw\KolektorSDD2\train\12226_GT.png
train,train,12227,0,Normal,C:\Users\james\OneDrive - Lancaster University\Documents\Projects\MARS-Summer-Research\data\raw\KolektorSDD2\train\12227.png,C:\Users\james\OneDrive - Lancaster University\Documents\Projects\MARS-Summer-Research\data\raw\KolektorSDD2\train\12227_GT.png
train,train,12228,0,Normal,C:\Users\james\OneDrive - Lancaster University\Documents\Projects\MARS-Summer-Research\data\raw\KolektorSDD2\train\12228.png,C:\Users\james\OneDrive - Lancaster University\Documents\Projects\MARS-Summer-Research\data\raw\KolektorSDD2\train\12228_GT.png
train,train,12229,0,Normal,C:\Users\james\OneDrive - Lancaster University\Documents\Projects\MARS-Summer-Research\data\raw\KolektorSDD2\train\12229.png,C:\Users\james\OneDrive - Lancaster University\Documents\Projects\MARS-Summer-Research\data\raw\KolektorSDD2\train\12229_GT.png
train,train,12230,0,Normal,C:\Users\james\OneDrive - Lancaster University\Documents\Projects\MARS-Summer-Research\data\raw\KolektorSDD2\train\12230.png,C:\Users\james\OneDrive - Lancaster University\Documents\Projects\MARS-Summer-Research\data\raw\KolektorSDD2\train\12230_GT.png
train,train,12231,0,Normal,C:\Users\james\OneDrive - Lancaster University\Documents\Projects\MARS-Summer-Research\data\raw\KolektorSDD2\train\12231.png,C:\Users\james\OneDrive - Lancaster University\Documents\Projects\MARS-Summer-Research\data\raw\KolektorSDD2\train\12231_GT.png
train,train,12232,0,Normal,C:\Users\james\OneDrive - Lancaster University\Documents\Projects\MARS-Summer-Research\data\raw\KolektorSDD2\train\12232.png,C:\Users\james\OneDrive - Lancaster University\Documents\Projects\MARS-Summer-Research\data\raw\KolektorSDD2\train\12232_GT.png
train,train,12233,1,Defective,C:\Users\james\OneDrive - Lancaster University\Documents\Projects\MARS-Summer-Research\data\raw\KolektorSDD2\train\12233.png,C:\Users\james\OneDrive - Lancaster University\Documents\Projects\MARS-Summer-Research\data\raw\KolektorSDD2\train\12233_GT.png
train,train,12235,0,Normal,C:\Users\james\OneDrive - Lancaster University\Documents\Projects\MARS-Summer-Research\data\raw\KolektorSDD2\train\12235.png,C:\Users\james\OneDrive - Lancaster University\Documents\Projects\MARS-Summer-Research\data\raw\KolektorSDD2\train\12235_GT.png
train,train,12236,0,Normal,C:\Users\james\OneDrive - Lancaster University\Documents\Projects\MARS-Summer-Research\data\raw\KolektorSDD2\train\12236.png,C:\Users\james\OneDrive - Lancaster University\Documents\Projects\MARS-Summer-Research\data\raw\KolektorSDD2\train\12236_GT.png
train,train,12237,1,Defective,C:\Users\james\OneDrive - Lancaster University\Documents\Projects\MARS-Summer-Research\data\raw\KolektorSDD2\train\12237.png,C:\Users\james\OneDrive - Lancaster University\Documents\Projects\MARS-Summer-Research\data\raw\KolektorSDD2\train\12237_GT.png
train,train,12238,0,Normal,C:\Users\james\OneDrive - Lancaster University\Documents\Projects\MARS-Summer-Research\data\raw\KolektorSDD2\train\12238.png,C:\Users\james\OneDrive - Lancaster University\Documents\Projects\MARS-Summer-Research\data\raw\KolektorSDD2\train\12238_GT.png
train,train,12242,0,Normal,C:\Users\james\OneDrive - Lancaster University\Documents\Projects\MARS-Summer-Research\data\raw\KolektorSDD2\train\12242.png,C:\Users\james\OneDrive - Lancaster University\Documents\Projects\MARS-Summer-Research\data\raw\KolektorSDD2\train\12242_GT.png
train,train,12243,0,Normal,C:\Users\james\OneDrive - Lancaster University\Documents\Projects\MARS-Summer-Research\data\raw\KolektorSDD2\train\12243.png,C:\Users\james\OneDrive - Lancaster University\Documents\Projects\MARS-Summer-Research\data\raw\KolektorSDD2\train\12243_GT.png
train,train,12244,1,Defective,C:\Users\james\OneDrive - Lancaster University\Documents\Projects\MARS-Summer-Research\data\raw\KolektorSDD2\train\12244.png,C:\Users\james\OneDrive - Lancaster University\Documents\Projects\MARS-Summer-Research\data\raw\KolektorSDD2\train\12244_GT.png
train,train,12245,1,Defective,C:\Users\james\OneDrive - Lancaster University\Documents\Projects\MARS-Summer-Research\data\raw\KolektorSDD2\train\12245.png,C:\Users\james\OneDrive - Lancaster University\Documents\Projects\MARS-Summer-Research\data\raw\KolektorSDD2\train\12245_GT.png
train,train,12246,0,Normal,C:\Users\james\OneDrive - Lancaster University\Documents\Projects\MARS-Summer-Research\data\raw\KolektorSDD2\train\12246.png,C:\Users\james\OneDrive - Lancaster University\Documents\Projects\MARS-Summer-Research\data\raw\KolektorSDD2\train\12246_GT.png
train,train,12247,0,Normal,C:\Users\james\OneDrive - Lancaster University\Documents\Projects\MARS-Summer-Research\data\raw\KolektorSDD2\train\12247.png,C:\Users\james\OneDrive - Lancaster University\Documents\Projects\MARS-Summer-Research\data\raw\KolektorSDD2\train\12247_GT.png
train,train,12250,0,Normal,C:\Users\james\OneDrive - Lancaster University\Documents\Projects\MARS-Summer-Research\data\raw\KolektorSDD2\train\12250.png,C:\Users\james\OneDrive - Lancaster University\Documents\Projects\MARS-Summer-Research\data\raw\KolektorSDD2\train\12250_GT.png
train,train,12251,0,Normal,C:\Users\james\OneDrive - Lancaster University\Documents\Projects\MARS-Summer-Research\data\raw\KolektorSDD2\train\12251.png,C:\Users\james\OneDrive - Lancaster University\Documents\Projects\MARS-Summer-Research\data\raw\KolektorSDD2\train\12251_GT.png
train,train,12253,0,Normal,C:\Users\james\OneDrive - Lancaster University\Documents\Projects\MARS-Summer-Research\data\raw\KolektorSDD2\train\12253.png,C:\Users\james\OneDrive - Lancaster University\Documents\Projects\MARS-Summer-Research\data\raw\KolektorSDD2\train\12253_GT.png
train,train,12254,0,Normal,C:\Users\james\OneDrive - Lancaster University\Documents\Projects\MARS-Summer-Research\data\raw\KolektorSDD2\train\12254.png,C:\Users\james\OneDrive - Lancaster University\Documents\Projects\MARS-Summer-Research\data\raw\KolektorSDD2\train\12254_GT.png
train,train,12255,1,Defective,C:\Users\james\OneDrive - Lancaster University\Documents\Projects\MARS-Summer-Research\data\raw\KolektorSDD2\train\12255.png,C:\Users\james\OneDrive - Lancaster University\Documents\Projects\MARS-Summer-Research\data\raw\KolektorSDD2\train\12255_GT.png
train,train,12257,0,Normal,C:\Users\james\OneDrive - Lancaster University\Documents\Projects\MARS-Summer-Research\data\raw\KolektorSDD2\train\12257.png,C:\Users\james\OneDrive - Lancaster University\Documents\Projects\MARS-Summer-Research\data\raw\KolektorSDD2\train\12257_GT.png
train,train,12258,0,Normal,C:\Users\james\OneDrive - Lancaster University\Documents\Projects\MARS-Summer-Research\data\raw\KolektorSDD2\train\12258.png,C:\Users\james\OneDrive - Lancaster University\Documents\Projects\MARS-Summer-Research\data\raw\KolektorSDD2\train\12258_GT.png
train,train,12259,0,Normal,C:\Users\james\OneDrive - Lancaster University\Documents\Projects\MARS-Summer-Research\data\raw\KolektorSDD2\train\12259.png,C:\Users\james\OneDrive - Lancaster University\Documents\Projects\MARS-Summer-Research\data\raw\KolektorSDD2\train\12259_GT.png
train,train,12260,0,Normal,C:\Users\james\OneDrive - Lancaster University\Documents\Projects\MARS-Summer-Research\data\raw\KolektorSDD2\train\12260.png,C:\Users\james\OneDrive - Lancaster University\Documents\Projects\MARS-Summer-Research\data\raw\KolektorSDD2\train\12260_GT.png
train,train,12261,0,Normal,C:\Users\james\OneDrive - Lancaster University\Documents\Projects\MARS-Summer-Research\data\raw\KolektorSDD2\train\12261.png,C:\Users\james\OneDrive - Lancaster University\Documents\Projects\MARS-Summer-Research\data\raw\KolektorSDD2\train\12261_GT.png
train,train,12262,0,Normal,C:\Users\james\OneDrive - Lancaster University\Documents\Projects\MARS-Summer-Research\data\raw\KolektorSDD2\train\12262.png,C:\Users\james\OneDrive - Lancaster University\Documents\Projects\MARS-Summer-Research\data\raw\KolektorSDD2\train\12262_GT.png
train,train,12265,0,Normal,C:\Users\james\OneDrive - Lancaster University\Documents\Projects\MARS-Summer-Research\data\raw\KolektorSDD2\train\12265.png,C:\Users\james\OneDrive - Lancaster University\Documents\Projects\MARS-Summer-Research\data\raw\KolektorSDD2\train\12265_GT.png
train,train,12266,0,Normal,C:\Users\james\OneDrive - Lancaster University\Documents\Projects\MARS-Summer-Research\data\raw\KolektorSDD2\train\12266.png,C:\Users\james\OneDrive - Lancaster University\Documents\Projects\MARS-Summer-Research\data\raw\KolektorSDD2\train\12266_GT.png
train,train,12267,0,Normal,C:\Users\james\OneDrive - Lancaster University\Documents\Projects\MARS-Summer-Research\data\raw\KolektorSDD2\train\12267.png,C:\Users\james\OneDrive - Lancaster University\Documents\Projects\MARS-Summer-Research\data\raw\KolektorSDD2\train\12267_GT.png
train,train,12268,0,Normal,C:\Users\james\OneDrive - Lancaster University\Documents\Projects\MARS-Summer-Research\data\raw\KolektorSDD2\train\12268.png,C:\Users\james\OneDrive - Lancaster University\Documents\Projects\MARS-Summer-Research\data\raw\KolektorSDD2\train\12268_GT.png
train,train,12269,0,Normal,C:\Users\james\OneDrive - Lancaster University\Documents\Projects\MARS-Summer-Research\data\raw\KolektorSDD2\train\12269.png,C:\Users\james\OneDrive - Lancaster University\Documents\Projects\MARS-Summer-Research\data\raw\KolektorSDD2\train\12269_GT.png
train,train,12270,0,Normal,C:\Users\james\OneDrive - Lancaster University\Documents\Projects\MARS-Summer-Research\data\raw\KolektorSDD2\train\12270.png,C:\Users\james\OneDrive - Lancaster University\Documents\Projects\MARS-Summer-Research\data\raw\KolektorSDD2\train\12270_GT.png
train,train,12271,0,Normal,C:\Users\james\OneDrive - Lancaster University\Documents\Projects\MARS-Summer-Research\data\raw\KolektorSDD2\train\12271.png,C:\Users\james\OneDrive - Lancaster University\Documents\Projects\MARS-Summer-Research\data\raw\KolektorSDD2\train\12271_GT.png
train,train,12272,0,Normal,C:\Users\james\OneDrive - Lancaster University\Documents\Projects\MARS-Summer-Research\data\raw\KolektorSDD2\train\12272.png,C:\Users\james\OneDrive - Lancaster University\Documents\Projects\MARS-Summer-Research\data\raw\KolektorSDD2\train\12272_GT.png
train,train,12273,0,Normal,C:\Users\james\OneDrive - Lancaster University\Documents\Projects\MARS-Summer-Research\data\raw\KolektorSDD2\train\12273.png,C:\Users\james\OneDrive - Lancaster University\Documents\Projects\MARS-Summer-Research\data\raw\KolektorSDD2\train\12273_GT.png
train,train,12274,1,Defective,C:\Users\james\OneDrive - Lancaster University\Documents\Projects\MARS-Summer-Research\data\raw\KolektorSDD2\train\12274.png,C:\Users\james\OneDrive - Lancaster University\Documents\Projects\MARS-Summer-Research\data\raw\KolektorSDD2\train\12274_GT.png
train,train,12275,0,Normal,C:\Users\james\OneDrive - Lancaster University\Documents\Projects\MARS-Summer-Research\data\raw\KolektorSDD2\train\12275.png,C:\Users\james\OneDrive - Lancaster University\Documents\Projects\MARS-Summer-Research\data\raw\KolektorSDD2\train\12275_GT.png
train,train,12276,0,Normal,C:\Users\james\OneDrive - Lancaster University\Documents\Projects\MARS-Summer-Research\data\raw\KolektorSDD2\train\12276.png,C:\Users\james\OneDrive - Lancaster University\Documents\Projects\MARS-Summer-Research\data\raw\KolektorSDD2\train\12276_GT.png
train,train,12278,0,Normal,C:\Users\james\OneDrive - Lancaster University\Documents\Projects\MARS-Summer-Research\data\raw\KolektorSDD2\train\12278.png,C:\Users\james\OneDrive - Lancaster University\Documents\Projects\MARS-Summer-Research\data\raw\KolektorSDD2\train\12278_GT.png
train,train,12279,0,Normal,C:\Users\james\OneDrive - Lancaster University\Documents\Projects\MARS-Summer-Research\data\raw\KolektorSDD2\train\12279.png,C:\Users\james\OneDrive - Lancaster University\Documents\Projects\MARS-Summer-Research\data\raw\KolektorSDD2\train\12279_GT.png
train,train,12281,0,Normal,C:\Users\james\OneDrive - Lancaster University\Documents\Projects\MARS-Summer-Research\data\raw\KolektorSDD2\train\12281.png,C:\Users\james\OneDrive - Lancaster University\Documents\Projects\MARS-Summer-Research\data\raw\KolektorSDD2\train\12281_GT.png
train,train,12282,0,Normal,C:\Users\james\OneDrive - Lancaster University\Documents\Projects\MARS-Summer-Research\data\raw\KolektorSDD2\train\12282.png,C:\Users\james\OneDrive - Lancaster University\Documents\Projects\MARS-Summer-Research\data\raw\KolektorSDD2\train\12282_GT.png
train,train,12283,0,Normal,C:\Users\james\OneDrive - Lancaster University\Documents\Projects\MARS-Summer-Research\data\raw\KolektorSDD2\train\12283.png,C:\Users\james\OneDrive - Lancaster University\Documents\Projects\MARS-Summer-Research\data\raw\KolektorSDD2\train\12283_GT.png
train,train,12284,0,Normal,C:\Users\james\OneDrive - Lancaster University\Documents\Projects\MARS-Summer-Research\data\raw\KolektorSDD2\train\12284.png,C:\Users\james\OneDrive - Lancaster University\Documents\Projects\MARS-Summer-Research\data\raw\KolektorSDD2\train\12284_GT.png
train,train,12285,0,Normal,C:\Users\james\OneDrive - Lancaster University\Documents\Projects\MARS-Summer-Research\data\raw\KolektorSDD2\train\12285.png,C:\Users\james\OneDrive - Lancaster University\Documents\Projects\MARS-Summer-Research\data\raw\KolektorSDD2\train\12285_GT.png
train,train,12287,1,Defective,C:\Users\james\OneDrive - Lancaster University\Documents\Projects\MARS-Summer-Research\data\raw\KolektorSDD2\train\12287.png,C:\Users\james\OneDrive - Lancaster University\Documents\Projects\MARS-Summer-Research\data\raw\KolektorSDD2\train\12287_GT.png
train,train,12288,1,Defective,C:\Users\james\OneDrive - Lancaster University\Documents\Projects\MARS-Summer-Research\data\raw\KolektorSDD2\train\12288.png,C:\Users\james\OneDrive - Lancaster University\Documents\Projects\MARS-Summer-Research\data\raw\KolektorSDD2\train\12288_GT.png
train,train,12289,0,Normal,C:\Users\james\OneDrive - Lancaster University\Documents\Projects\MARS-Summer-Research\data\raw\KolektorSDD2\train\12289.png,C:\Users\james\OneDrive - Lancaster University\Documents\Projects\MARS-Summer-Research\data\raw\KolektorSDD2\train\12289_GT.png
train,train,12290,0,Normal,C:\Users\james\OneDrive - Lancaster University\Documents\Projects\MARS-Summer-Research\data\raw\KolektorSDD2\train\12290.png,C:\Users\james\OneDrive - Lancaster University\Documents\Projects\MARS-Summer-Research\data\raw\KolektorSDD2\train\12290_GT.png
train,train,12293,0,Normal,C:\Users\james\OneDrive - Lancaster University\Documents\Projects\MARS-Summer-Research\data\raw\KolektorSDD2\train\12293.png,C:\Users\james\OneDrive - Lancaster University\Documents\Projects\MARS-Summer-Research\data\raw\KolektorSDD2\train\12293_GT.png
train,train,12294,0,Normal,C:\Users\james\OneDrive - Lancaster University\Documents\Projects\MARS-Summer-Research\data\raw\KolektorSDD2\train\12294.png,C:\Users\james\OneDrive - Lancaster University\Documents\Projects\MARS-Summer-Research\data\raw\KolektorSDD2\train\12294_GT.png
train,train,12295,0,Normal,C:\Users\james\OneDrive - Lancaster University\Documents\Projects\MARS-Summer-Research\data\raw\KolektorSDD2\train\12295.png,C:\Users\james\OneDrive - Lancaster University\Documents\Projects\MARS-Summer-Research\data\raw\KolektorSDD2\train\12295_GT.png
train,train,12296,0,Normal,C:\Users\james\OneDrive - Lancaster University\Documents\Projects\MARS-Summer-Research\data\raw\KolektorSDD2\train\12296.png,C:\Users\james\OneDrive - Lancaster University\Documents\Projects\MARS-Summer-Research\data\raw\KolektorSDD2\train\12296_GT.png
train,train,12297,0,Normal,C:\Users\james\OneDrive - Lancaster University\Documents\Projects\MARS-Summer-Research\data\raw\KolektorSDD2\train\12297.png,C:\Users\james\OneDrive - Lancaster University\Documents\Projects\MARS-Summer-Research\data\raw\KolektorSDD2\train\12297_GT.png
train,train,12298,0,Normal,C:\Users\james\OneDrive - Lancaster University\Documents\Projects\MARS-Summer-Research\data\raw\KolektorSDD2\train\12298.png,C:\Users\james\OneDrive - Lancaster University\Documents\Projects\MARS-Summer-Research\data\raw\KolektorSDD2\train\12298_GT.png
train,train,12299,0,Normal,C:\Users\james\OneDrive - Lancaster University\Documents\Projects\MARS-Summer-Research\data\raw\KolektorSDD2\train\12299.png,C:\Users\james\OneDrive - Lancaster University\Documents\Projects\MARS-Summer-Research\data\raw\KolektorSDD2\train\12299_GT.png
train,train,12301,1,Defective,C:\Users\james\OneDrive - Lancaster University\Documents\Projects\MARS-Summer-Research\data\raw\KolektorSDD2\train\12301.png,C:\Users\james\OneDrive - Lancaster University\Documents\Projects\MARS-Summer-Research\data\raw\KolektorSDD2\train\12301_GT.png
train,train,12303,1,Defective,C:\Users\james\OneDrive - Lancaster University\Documents\Projects\MARS-Summer-Research\data\raw\KolektorSDD2\train\12303.png,C:\Users\james\OneDrive - Lancaster University\Documents\Projects\MARS-Summer-Research\data\raw\KolektorSDD2\train\12303_GT.png
train,train,12304,0,Normal,C:\Users\james\OneDrive - Lancaster University\Documents\Projects\MARS-Summer-Research\data\raw\KolektorSDD2\train\12304.png,C:\Users\james\OneDrive - Lancaster University\Documents\Projects\MARS-Summer-Research\data\raw\KolektorSDD2\train\12304_GT.png
train,train,12305,0,Normal,C:\Users\james\OneDrive - Lancaster University\Documents\Projects\MARS-Summer-Research\data\raw\KolektorSDD2\train\12305.png,C:\Users\james\OneDrive - Lancaster University\Documents\Projects\MARS-Summer-Research\data\raw\KolektorSDD2\train\12305_GT.png
train,train,12306,0,Normal,C:\Users\james\OneDrive - Lancaster University\Documents\Projects\MARS-Summer-Research\data\raw\KolektorSDD2\train\12306.png,C:\Users\james\OneDrive - Lancaster University\Documents\Projects\MARS-Summer-Research\data\raw\KolektorSDD2\train\12306_GT.png
train,train,12307,0,Normal,C:\Users\james\OneDrive - Lancaster University\Documents\Projects\MARS-Summer-Research\data\raw\KolektorSDD2\train\12307.png,C:\Users\james\OneDrive - Lancaster University\Documents\Projects\MARS-Summer-Research\data\raw\KolektorSDD2\train\12307_GT.png
train,train,12308,0,Normal,C:\Users\james\OneDrive - Lancaster University\Documents\Projects\MARS-Summer-Research\data\raw\KolektorSDD2\train\12308.png,C:\Users\james\OneDrive - Lancaster University\Documents\Projects\MARS-Summer-Research\data\raw\KolektorSDD2\train\12308_GT.png
train,train,12309,0,Normal,C:\Users\james\OneDrive - Lancaster University\Documents\Projects\MARS-Summer-Research\data\raw\KolektorSDD2\train\12309.png,C:\Users\james\OneDrive - Lancaster University\Documents\Projects\MARS-Summer-Research\data\raw\KolektorSDD2\train\12309_GT.png
train,train,12310,0,Normal,C:\Users\james\OneDrive - Lancaster University\Documents\Projects\MARS-Summer-Research\data\raw\KolektorSDD2\train\12310.png,C:\Users\james\OneDrive - Lancaster University\Documents\Projects\MARS-Summer-Research\data\raw\KolektorSDD2\train\12310_GT.png
train,train,12312,0,Normal,C:\Users\james\OneDrive - Lancaster University\Documents\Projects\MARS-Summer-Research\data\raw\KolektorSDD2\train\12312.png,C:\Users\james\OneDrive - Lancaster University\Documents\Projects\MARS-Summer-Research\data\raw\KolektorSDD2\train\12312_GT.png
train,train,12313,0,Normal,C:\Users\james\OneDrive - Lancaster University\Documents\Projects\MARS-Summer-Research\data\raw\KolektorSDD2\train\12313.png,C:\Users\james\OneDrive - Lancaster University\Documents\Projects\MARS-Summer-Research\data\raw\KolektorSDD2\train\12313_GT.png
train,train,12314,1,Defective,C:\Users\james\OneDrive - Lancaster University\Documents\Projects\MARS-Summer-Research\data\raw\KolektorSDD2\train\12314.png,C:\Users\james\OneDrive - Lancaster University\Documents\Projects\MARS-Summer-Research\data\raw\KolektorSDD2\train\12314_GT.png
train,train,12315,1,Defective,C:\Users\james\OneDrive - Lancaster University\Documents\Projects\MARS-Summer-Research\data\raw\KolektorSDD2\train\12315.png,C:\Users\james\OneDrive - Lancaster University\Documents\Projects\MARS-Summer-Research\data\raw\KolektorSDD2\train\12315_GT.png
train,train,12318,0,Normal,C:\Users\james\OneDrive - Lancaster University\Documents\Projects\MARS-Summer-Research\data\raw\KolektorSDD2\train\12318.png,C:\Users\james\OneDrive - Lancaster University\Documents\Projects\MARS-Summer-Research\data\raw\KolektorSDD2\train\12318_GT.png
train,train,12319,0,Normal,C:\Users\james\OneDrive - Lancaster University\Documents\Projects\MARS-Summer-Research\data\raw\KolektorSDD2\train\12319.png,C:\Users\james\OneDrive - Lancaster University\Documents\Projects\MARS-Summer-Research\data\raw\KolektorSDD2\train\12319_GT.png
train,train,12320,0,Normal,C:\Users\james\OneDrive - Lancaster University\Documents\Projects\MARS-Summer-Research\data\raw\KolektorSDD2\train\12320.png,C:\Users\james\OneDrive - Lancaster University\Documents\Projects\MARS-Summer-Research\data\raw\KolektorSDD2\train\12320_GT.png
train,train,12321,0,Normal,C:\Users\james\OneDrive - Lancaster University\Documents\Projects\MARS-Summer-Research\data\raw\KolektorSDD2\train\12321.png,C:\Users\james\OneDrive - Lancaster University\Documents\Projects\MARS-Summer-Research\data\raw\KolektorSDD2\train\12321_GT.png
train,train,12322,0,Normal,C:\Users\james\OneDrive - Lancaster University\Documents\Projects\MARS-Summer-Research\data\raw\KolektorSDD2\train\12322.png,C:\Users\james\OneDrive - Lancaster University\Documents\Projects\MARS-Summer-Research\data\raw\KolektorSDD2\train\12322_GT.png
train,train,12323,0,Normal,C:\Users\james\OneDrive - Lancaster University\Documents\Projects\MARS-Summer-Research\data\raw\KolektorSDD2\train\12323.png,C:\Users\james\OneDrive - Lancaster University\Documents\Projects\MARS-Summer-Research\data\raw\KolektorSDD2\train\12323_GT.png
train,train,12324,0,Normal,C:\Users\james\OneDrive - Lancaster University\Documents\Projects\MARS-Summer-Research\data\raw\KolektorSDD2\train\12324.png,C:\Users\james\OneDrive - Lancaster University\Documents\Projects\MARS-Summer-Research\data\raw\KolektorSDD2\train\12324_GT.png
train,train,12325,0,Normal,C:\Users\james\OneDrive - Lancaster University\Documents\Projects\MARS-Summer-Research\data\raw\KolektorSDD2\train\12325.png,C:\Users\james\OneDrive - Lancaster University\Documents\Projects\MARS-Summer-Research\data\raw\KolektorSDD2\train\12325_GT.png
train,train,12326,0,Normal,C:\Users\james\OneDrive - Lancaster University\Documents\Projects\MARS-Summer-Research\data\raw\KolektorSDD2\train\12326.png,C:\Users\james\OneDrive - Lancaster University\Documents\Projects\MARS-Summer-Research\data\raw\KolektorSDD2\train\12326_GT.png
train,train,12327,0,Normal,C:\Users\james\OneDrive - Lancaster University\Documents\Projects\MARS-Summer-Research\data\raw\KolektorSDD2\train\12327.png,C:\Users\james\OneDrive - Lancaster University\Documents\Projects\MARS-Summer-Research\data\raw\KolektorSDD2\train\12327_GT.png
train,train,12328,0,Normal,C:\Users\james\OneDrive - Lancaster University\Documents\Projects\MARS-Summer-Research\data\raw\KolektorSDD2\train\12328.png,C:\Users\james\OneDrive - Lancaster University\Documents\Projects\MARS-Summer-Research\data\raw\KolektorSDD2\train\12328_GT.png
train,train,12330,0,Normal,C:\Users\james\OneDrive - Lancaster University\Documents\Projects\MARS-Summer-Research\data\raw\KolektorSDD2\train\12330.png,C:\Users\james\OneDrive - Lancaster University\Documents\Projects\MARS-Summer-Research\data\raw\KolektorSDD2\train\12330_GT.png
validation,train,10001,0,Normal,C:\Users\james\OneDrive - Lancaster University\Documents\Projects\MARS-Summer-Research\data\raw\KolektorSDD2\train\10001.png,C:\Users\james\OneDrive - Lancaster University\Documents\Projects\MARS-Summer-Research\data\raw\KolektorSDD2\train\10001_GT.png
validation,train,10008,0,Normal,C:\Users\james\OneDrive - Lancaster University\Documents\Projects\MARS-Summer-Research\data\raw\KolektorSDD2\train\10008.png,C:\Users\james\OneDrive - Lancaster University\Documents\Projects\MARS-Summer-Research\data\raw\KolektorSDD2\train\10008_GT.png
validation,train,10014,0,Normal,C:\Users\james\OneDrive - Lancaster University\Documents\Projects\MARS-Summer-Research\data\raw\KolektorSDD2\train\10014.png,C:\Users\james\OneDrive - Lancaster University\Documents\Projects\MARS-Summer-Research\data\raw\KolektorSDD2\train\10014_GT.png
validation,train,10016,0,Normal,C:\Users\james\OneDrive - Lancaster University\Documents\Projects\MARS-Summer-Research\data\raw\KolektorSDD2\train\10016.png,C:\Users\james\OneDrive - Lancaster University\Documents\Projects\MARS-Summer-Research\data\raw\KolektorSDD2\train\10016_GT.png
validation,train,10021,1,Defective,C:\Users\james\OneDrive - Lancaster University\Documents\Projects\MARS-Summer-Research\data\raw\KolektorSDD2\train\10021.png,C:\Users\james\OneDrive - Lancaster University\Documents\Projects\MARS-Summer-Research\data\raw\KolektorSDD2\train\10021_GT.png
validation,train,10022,0,Normal,C:\Users\james\OneDrive - Lancaster University\Documents\Projects\MARS-Summer-Research\data\raw\KolektorSDD2\train\10022.png,C:\Users\james\OneDrive - Lancaster University\Documents\Projects\MARS-Summer-Research\data\raw\KolektorSDD2\train\10022_GT.png
validation,train,10027,0,Normal,C:\Users\james\OneDrive - Lancaster University\Documents\Projects\MARS-Summer-Research\data\raw\KolektorSDD2\train\10027.png,C:\Users\james\OneDrive - Lancaster University\Documents\Projects\MARS-Summer-Research\data\raw\KolektorSDD2\train\10027_GT.png
validation,train,10036,0,Normal,C:\Users\james\OneDrive - Lancaster University\Documents\Projects\MARS-Summer-Research\data\raw\KolektorSDD2\train\10036.png,C:\Users\james\OneDrive - Lancaster University\Documents\Projects\MARS-Summer-Research\data\raw\KolektorSDD2\train\10036_GT.png
validation,train,10039,0,Normal,C:\Users\james\OneDrive - Lancaster University\Documents\Projects\MARS-Summer-Research\data\raw\KolektorSDD2\train\10039.png,C:\Users\james\OneDrive - Lancaster University\Documents\Projects\MARS-Summer-Research\data\raw\KolektorSDD2\train\10039_GT.png
validation,train,10042,0,Normal,C:\Users\james\OneDrive - Lancaster University\Documents\Projects\MARS-Summer-Research\data\raw\KolektorSDD2\train\10042.png,C:\Users\james\OneDrive - Lancaster University\Documents\Projects\MARS-Summer-Research\data\raw\KolektorSDD2\train\10042_GT.png
validation,train,10058,0,Normal,C:\Users\james\OneDrive - Lancaster University\Documents\Projects\MARS-Summer-Research\data\raw\KolektorSDD2\train\10058.png,C:\Users\james\OneDrive - Lancaster University\Documents\Projects\MARS-Summer-Research\data\raw\KolektorSDD2\train\10058_GT.png
validation,train,10071,0,Normal,C:\Users\james\OneDrive - Lancaster University\Documents\Projects\MARS-Summer-Research\data\raw\KolektorSDD2\train\10071.png,C:\Users\james\OneDrive - Lancaster University\Documents\Projects\MARS-Summer-Research\data\raw\KolektorSDD2\train\10071_GT.png
validation,train,10104,0,Normal,C:\Users\james\OneDrive - Lancaster University\Documents\Projects\MARS-Summer-Research\data\raw\KolektorSDD2\train\10104.png,C:\Users\james\OneDrive - Lancaster University\Documents\Projects\MARS-Summer-Research\data\raw\KolektorSDD2\train\10104_GT.png
validation,train,10107,0,Normal,C:\Users\james\OneDrive - Lancaster University\Documents\Projects\MARS-Summer-Research\data\raw\KolektorSDD2\train\10107.png,C:\Users\james\OneDrive - Lancaster University\Documents\Projects\MARS-Summer-Research\data\raw\KolektorSDD2\train\10107_GT.png
validation,train,10112,0,Normal,C:\Users\james\OneDrive - Lancaster University\Documents\Projects\MARS-Summer-Research\data\raw\KolektorSDD2\train\10112.png,C:\Users\james\OneDrive - Lancaster University\Documents\Projects\MARS-Summer-Research\data\raw\KolektorSDD2\train\10112_GT.png
validation,train,10121,0,Normal,C:\Users\james\OneDrive - Lancaster University\Documents\Projects\MARS-Summer-Research\data\raw\KolektorSDD2\train\10121.png,C:\Users\james\OneDrive - Lancaster University\Documents\Projects\MARS-Summer-Research\data\raw\KolektorSDD2\train\10121_GT.png
validation,train,10131,0,Normal,C:\Users\james\OneDrive - Lancaster University\Documents\Projects\MARS-Summer-Research\data\raw\KolektorSDD2\train\10131.png,C:\Users\james\OneDrive - Lancaster University\Documents\Projects\MARS-Summer-Research\data\raw\KolektorSDD2\train\10131_GT.png
validation,train,10140,0,Normal,C:\Users\james\OneDrive - Lancaster University\Documents\Projects\MARS-Summer-Research\data\raw\KolektorSDD2\train\10140.png,C:\Users\james\OneDrive - Lancaster University\Documents\Projects\MARS-Summer-Research\data\raw\KolektorSDD2\train\10140_GT.png
validation,train,10144,0,Normal,C:\Users\james\OneDrive - Lancaster University\Documents\Projects\MARS-Summer-Research\data\raw\KolektorSDD2\train\10144.png,C:\Users\james\OneDrive - Lancaster University\Documents\Projects\MARS-Summer-Research\data\raw\KolektorSDD2\train\10144_GT.png
validation,train,10154,0,Normal,C:\Users\james\OneDrive - Lancaster University\Documents\Projects\MARS-Summer-Research\data\raw\KolektorSDD2\train\10154.png,C:\Users\james\OneDrive - Lancaster University\Documents\Projects\MARS-Summer-Research\data\raw\KolektorSDD2\train\10154_GT.png
validation,train,10158,0,Normal,C:\Users\james\OneDrive - Lancaster University\Documents\Projects\MARS-Summer-Research\data\raw\KolektorSDD2\train\10158.png,C:\Users\james\OneDrive - Lancaster University\Documents\Projects\MARS-Summer-Research\data\raw\KolektorSDD2\train\10158_GT.png
validation,train,10159,1,Defective,C:\Users\james\OneDrive - Lancaster University\Documents\Projects\MARS-Summer-Research\data\raw\KolektorSDD2\train\10159.png,C:\Users\james\OneDrive - Lancaster University\Documents\Projects\MARS-Summer-Research\data\raw\KolektorSDD2\train\10159_GT.png
validation,train,10163,0,Normal,C:\Users\james\OneDrive - Lancaster University\Documents\Projects\MARS-Summer-Research\data\raw\KolektorSDD2\train\10163.png,C:\Users\james\OneDrive - Lancaster University\Documents\Projects\MARS-Summer-Research\data\raw\KolektorSDD2\train\10163_GT.png
validation,train,10164,0,Normal,C:\Users\james\OneDrive - Lancaster University\Documents\Projects\MARS-Summer-Research\data\raw\KolektorSDD2\train\10164.png,C:\Users\james\OneDrive - Lancaster University\Documents\Projects\MARS-Summer-Research\data\raw\KolektorSDD2\train\10164_GT.png
validation,train,10165,0,Normal,C:\Users\james\OneDrive - Lancaster University\Documents\Projects\MARS-Summer-Research\data\raw\KolektorSDD2\train\10165.png,C:\Users\james\OneDrive - Lancaster University\Documents\Projects\MARS-Summer-Research\data\raw\KolektorSDD2\train\10165_GT.png
validation,train,10170,0,Normal,C:\Users\james\OneDrive - Lancaster University\Documents\Projects\MARS-Summer-Research\data\raw\KolektorSDD2\train\10170.png,C:\Users\james\OneDrive - Lancaster University\Documents\Projects\MARS-Summer-Research\data\raw\KolektorSDD2\train\10170_GT.png
validation,train,10173,0,Normal,C:\Users\james\OneDrive - Lancaster University\Documents\Projects\MARS-Summer-Research\data\raw\KolektorSDD2\train\10173.png,C:\Users\james\OneDrive - Lancaster University\Documents\Projects\MARS-Summer-Research\data\raw\KolektorSDD2\train\10173_GT.png
validation,train,10174,0,Normal,C:\Users\james\OneDrive - Lancaster University\Documents\Projects\MARS-Summer-Research\data\raw\KolektorSDD2\train\10174.png,C:\Users\james\OneDrive - Lancaster University\Documents\Projects\MARS-Summer-Research\data\raw\KolektorSDD2\train\10174_GT.png
validation,train,10193,0,Normal,C:\Users\james\OneDrive - Lancaster University\Documents\Projects\MARS-Summer-Research\data\raw\KolektorSDD2\train\10193.png,C:\Users\james\OneDrive - Lancaster University\Documents\Projects\MARS-Summer-Research\data\raw\KolektorSDD2\train\10193_GT.png
validation,train,10199,0,Normal,C:\Users\james\OneDrive - Lancaster University\Documents\Projects\MARS-Summer-Research\data\raw\KolektorSDD2\train\10199.png,C:\Users\james\OneDrive - Lancaster University\Documents\Projects\MARS-Summer-Research\data\raw\KolektorSDD2\train\10199_GT.png
validation,train,10200,0,Normal,C:\Users\james\OneDrive - Lancaster University\Documents\Projects\MARS-Summer-Research\data\raw\KolektorSDD2\train\10200.png,C:\Users\james\OneDrive - Lancaster University\Documents\Projects\MARS-Summer-Research\data\raw\KolektorSDD2\train\10200_GT.png
validation,train,10203,0,Normal,C:\Users\james\OneDrive - Lancaster University\Documents\Projects\MARS-Summer-Research\data\raw\KolektorSDD2\train\10203.png,C:\Users\james\OneDrive - Lancaster University\Documents\Projects\MARS-Summer-Research\data\raw\KolektorSDD2\train\10203_GT.png
validation,train,10213,0,Normal,C:\Users\james\OneDrive - Lancaster University\Documents\Projects\MARS-Summer-Research\data\raw\KolektorSDD2\train\10213.png,C:\Users\james\OneDrive - Lancaster University\Documents\Projects\MARS-Summer-Research\data\raw\KolektorSDD2\train\10213_GT.png
validation,train,10216,0,Normal,C:\Users\james\OneDrive - Lancaster University\Documents\Projects\MARS-Summer-Research\data\raw\KolektorSDD2\train\10216.png,C:\Users\james\OneDrive - Lancaster University\Documents\Projects\MARS-Summer-Research\data\raw\KolektorSDD2\train\10216_GT.png
validation,train,10217,0,Normal,C:\Users\james\OneDrive - Lancaster University\Documents\Projects\MARS-Summer-Research\data\raw\KolektorSDD2\train\10217.png,C:\Users\james\OneDrive - Lancaster University\Documents\Projects\MARS-Summer-Research\data\raw\KolektorSDD2\train\10217_GT.png
validation,train,10218,0,Normal,C:\Users\james\OneDrive - Lancaster University\Documents\Projects\MARS-Summer-Research\data\raw\KolektorSDD2\train\10218.png,C:\Users\james\OneDrive - Lancaster University\Documents\Projects\MARS-Summer-Research\data\raw\KolektorSDD2\train\10218_GT.png
validation,train,10221,0,Normal,C:\Users\james\OneDrive - Lancaster University\Documents\Projects\MARS-Summer-Research\data\raw\KolektorSDD2\train\10221.png,C:\Users\james\OneDrive - Lancaster University\Documents\Projects\MARS-Summer-Research\data\raw\KolektorSDD2\train\10221_GT.png
validation,train,10222,0,Normal,C:\Users\james\OneDrive - Lancaster University\Documents\Projects\MARS-Summer-Research\data\raw\KolektorSDD2\train\10222.png,C:\Users\james\OneDrive - Lancaster University\Documents\Projects\MARS-Summer-Research\data\raw\KolektorSDD2\train\10222_GT.png
validation,train,10224,0,Normal,C:\Users\james\OneDrive - Lancaster University\Documents\Projects\MARS-Summer-Research\data\raw\KolektorSDD2\train\10224.png,C:\Users\james\OneDrive - Lancaster University\Documents\Projects\MARS-Summer-Research\data\raw\KolektorSDD2\train\10224_GT.png
validation,train,10233,0,Normal,C:\Users\james\OneDrive - Lancaster University\Documents\Projects\MARS-Summer-Research\data\raw\KolektorSDD2\train\10233.png,C:\Users\james\OneDrive - Lancaster University\Documents\Projects\MARS-Summer-Research\data\raw\KolektorSDD2\train\10233_GT.png
validation,train,10237,0,Normal,C:\Users\james\OneDrive - Lancaster University\Documents\Projects\MARS-Summer-Research\data\raw\KolektorSDD2\train\10237.png,C:\Users\james\OneDrive - Lancaster University\Documents\Projects\MARS-Summer-Research\data\raw\KolektorSDD2\train\10237_GT.png
validation,train,10243,0,Normal,C:\Users\james\OneDrive - Lancaster University\Documents\Projects\MARS-Summer-Research\data\raw\KolektorSDD2\train\10243.png,C:\Users\james\OneDrive - Lancaster University\Documents\Projects\MARS-Summer-Research\data\raw\KolektorSDD2\train\10243_GT.png
validation,train,10244,1,Defective,C:\Users\james\OneDrive - Lancaster University\Documents\Projects\MARS-Summer-Research\data\raw\KolektorSDD2\train\10244.png,C:\Users\james\OneDrive - Lancaster University\Documents\Projects\MARS-Summer-Research\data\raw\KolektorSDD2\train\10244_GT.png
validation,train,10249,0,Normal,C:\Users\james\OneDrive - Lancaster University\Documents\Projects\MARS-Summer-Research\data\raw\KolektorSDD2\train\10249.png,C:\Users\james\OneDrive - Lancaster University\Documents\Projects\MARS-Summer-Research\data\raw\KolektorSDD2\train\10249_GT.png
validation,train,10250,0,Normal,C:\Users\james\OneDrive - Lancaster University\Documents\Projects\MARS-Summer-Research\data\raw\KolektorSDD2\train\10250.png,C:\Users\james\OneDrive - Lancaster University\Documents\Projects\MARS-Summer-Research\data\raw\KolektorSDD2\train\10250_GT.png
validation,train,10263,0,Normal,C:\Users\james\OneDrive - Lancaster University\Documents\Projects\MARS-Summer-Research\data\raw\KolektorSDD2\train\10263.png,C:\Users\james\OneDrive - Lancaster University\Documents\Projects\MARS-Summer-Research\data\raw\KolektorSDD2\train\10263_GT.png
validation,train,10266,1,Defective,C:\Users\james\OneDrive - Lancaster University\Documents\Projects\MARS-Summer-Research\data\raw\KolektorSDD2\train\10266.png,C:\Users\james\OneDrive - Lancaster University\Documents\Projects\MARS-Summer-Research\data\raw\KolektorSDD2\train\10266_GT.png
validation,train,10269,0,Normal,C:\Users\james\OneDrive - Lancaster University\Documents\Projects\MARS-Summer-Research\data\raw\KolektorSDD2\train\10269.png,C:\Users\james\OneDrive - Lancaster University\Documents\Projects\MARS-Summer-Research\data\raw\KolektorSDD2\train\10269_GT.png
validation,train,10277,0,Normal,C:\Users\james\OneDrive - Lancaster University\Documents\Projects\MARS-Summer-Research\data\raw\KolektorSDD2\train\10277.png,C:\Users\james\OneDrive - Lancaster University\Documents\Projects\MARS-Summer-Research\data\raw\KolektorSDD2\train\10277_GT.png
validation,train,10287,0,Normal,C:\Users\james\OneDrive - Lancaster University\Documents\Projects\MARS-Summer-Research\data\raw\KolektorSDD2\train\10287.png,C:\Users\james\OneDrive - Lancaster University\Documents\Projects\MARS-Summer-Research\data\raw\KolektorSDD2\train\10287_GT.png
validation,train,10294,0,Normal,C:\Users\james\OneDrive - Lancaster University\Documents\Projects\MARS-Summer-Research\data\raw\KolektorSDD2\train\10294.png,C:\Users\james\OneDrive - Lancaster University\Documents\Projects\MARS-Summer-Research\data\raw\KolektorSDD2\train\10294_GT.png
validation,train,10307,0,Normal,C:\Users\james\OneDrive - Lancaster University\Documents\Projects\MARS-Summer-Research\data\raw\KolektorSDD2\train\10307.png,C:\Users\james\OneDrive - Lancaster University\Documents\Projects\MARS-Summer-Research\data\raw\KolektorSDD2\train\10307_GT.png
validation,train,10312,1,Defective,C:\Users\james\OneDrive - Lancaster University\Documents\Projects\MARS-Summer-Research\data\raw\KolektorSDD2\train\10312.png,C:\Users\james\OneDrive - Lancaster University\Documents\Projects\MARS-Summer-Research\data\raw\KolektorSDD2\train\10312_GT.png
validation,train,10314,0,Normal,C:\Users\james\OneDrive - Lancaster University\Documents\Projects\MARS-Summer-Research\data\raw\KolektorSDD2\train\10314.png,C:\Users\james\OneDrive - Lancaster University\Documents\Projects\MARS-Summer-Research\data\raw\KolektorSDD2\train\10314_GT.png
validation,train,10319,0,Normal,C:\Users\james\OneDrive - Lancaster University\Documents\Projects\MARS-Summer-Research\data\raw\KolektorSDD2\train\10319.png,C:\Users\james\OneDrive - Lancaster University\Documents\Projects\MARS-Summer-Research\data\raw\KolektorSDD2\train\10319_GT.png
validation,train,10324,0,Normal,C:\Users\james\OneDrive - Lancaster University\Documents\Projects\MARS-Summer-Research\data\raw\KolektorSDD2\train\10324.png,C:\Users\james\OneDrive - Lancaster University\Documents\Projects\MARS-Summer-Research\data\raw\KolektorSDD2\train\10324_GT.png
validation,train,10326,0,Normal,C:\Users\james\OneDrive - Lancaster University\Documents\Projects\MARS-Summer-Research\data\raw\KolektorSDD2\train\10326.png,C:\Users\james\OneDrive - Lancaster University\Documents\Projects\MARS-Summer-Research\data\raw\KolektorSDD2\train\10326_GT.png
validation,train,10332,0,Normal,C:\Users\james\OneDrive - Lancaster University\Documents\Projects\MARS-Summer-Research\data\raw\KolektorSDD2\train\10332.png,C:\Users\james\OneDrive - Lancaster University\Documents\Projects\MARS-Summer-Research\data\raw\KolektorSDD2\train\10332_GT.png
validation,train,10337,1,Defective,C:\Users\james\OneDrive - Lancaster University\Documents\Projects\MARS-Summer-Research\data\raw\KolektorSDD2\train\10337.png,C:\Users\james\OneDrive - Lancaster University\Documents\Projects\MARS-Summer-Research\data\raw\KolektorSDD2\train\10337_GT.png
validation,train,10353,0,Normal,C:\Users\james\OneDrive - Lancaster University\Documents\Projects\MARS-Summer-Research\data\raw\KolektorSDD2\train\10353.png,C:\Users\james\OneDrive - Lancaster University\Documents\Projects\MARS-Summer-Research\data\raw\KolektorSDD2\train\10353_GT.png
validation,train,10368,0,Normal,C:\Users\james\OneDrive - Lancaster University\Documents\Projects\MARS-Summer-Research\data\raw\KolektorSDD2\train\10368.png,C:\Users\james\OneDrive - Lancaster University\Documents\Projects\MARS-Summer-Research\data\raw\KolektorSDD2\train\10368_GT.png
validation,train,10375,0,Normal,C:\Users\james\OneDrive - Lancaster University\Documents\Projects\MARS-Summer-Research\data\raw\KolektorSDD2\train\10375.png,C:\Users\james\OneDrive - Lancaster University\Documents\Projects\MARS-Summer-Research\data\raw\KolektorSDD2\train\10375_GT.png
validation,train,10385,0,Normal,C:\Users\james\OneDrive - Lancaster University\Documents\Projects\MARS-Summer-Research\data\raw\KolektorSDD2\train\10385.png,C:\Users\james\OneDrive - Lancaster University\Documents\Projects\MARS-Summer-Research\data\raw\KolektorSDD2\train\10385_GT.png
validation,train,10421,1,Defective,C:\Users\james\OneDrive - Lancaster University\Documents\Projects\MARS-Summer-Research\data\raw\KolektorSDD2\train\10421.png,C:\Users\james\OneDrive - Lancaster University\Documents\Projects\MARS-Summer-Research\data\raw\KolektorSDD2\train\10421_GT.png
validation,train,10425,0,Normal,C:\Users\james\OneDrive - Lancaster University\Documents\Projects\MARS-Summer-Research\data\raw\KolektorSDD2\train\10425.png,C:\Users\james\OneDrive - Lancaster University\Documents\Projects\MARS-Summer-Research\data\raw\KolektorSDD2\train\10425_GT.png
validation,train,10426,1,Defective,C:\Users\james\OneDrive - Lancaster University\Documents\Projects\MARS-Summer-Research\data\raw\KolektorSDD2\train\10426.png,C:\Users\james\OneDrive - Lancaster University\Documents\Projects\MARS-Summer-Research\data\raw\KolektorSDD2\train\10426_GT.png
validation,train,10427,0,Normal,C:\Users\james\OneDrive - Lancaster University\Documents\Projects\MARS-Summer-Research\data\raw\KolektorSDD2\train\10427.png,C:\Users\james\OneDrive - Lancaster University\Documents\Projects\MARS-Summer-Research\data\raw\KolektorSDD2\train\10427_GT.png
validation,train,10432,0,Normal,C:\Users\james\OneDrive - Lancaster University\Documents\Projects\MARS-Summer-Research\data\raw\KolektorSDD2\train\10432.png,C:\Users\james\OneDrive - Lancaster University\Documents\Projects\MARS-Summer-Research\data\raw\KolektorSDD2\train\10432_GT.png
validation,train,10439,0,Normal,C:\Users\james\OneDrive - Lancaster University\Documents\Projects\MARS-Summer-Research\data\raw\KolektorSDD2\train\10439.png,C:\Users\james\OneDrive - Lancaster University\Documents\Projects\MARS-Summer-Research\data\raw\KolektorSDD2\train\10439_GT.png
validation,train,10440,0,Normal,C:\Users\james\OneDrive - Lancaster University\Documents\Projects\MARS-Summer-Research\data\raw\KolektorSDD2\train\10440.png,C:\Users\james\OneDrive - Lancaster University\Documents\Projects\MARS-Summer-Research\data\raw\KolektorSDD2\train\10440_GT.png
validation,train,10445,0,Normal,C:\Users\james\OneDrive - Lancaster University\Documents\Projects\MARS-Summer-Research\data\raw\KolektorSDD2\train\10445.png,C:\Users\james\OneDrive - Lancaster University\Documents\Projects\MARS-Summer-Research\data\raw\KolektorSDD2\train\10445_GT.png
validation,train,10448,0,Normal,C:\Users\james\OneDrive - Lancaster University\Documents\Projects\MARS-Summer-Research\data\raw\KolektorSDD2\train\10448.png,C:\Users\james\OneDrive - Lancaster University\Documents\Projects\MARS-Summer-Research\data\raw\KolektorSDD2\train\10448_GT.png
validation,train,10449,0,Normal,C:\Users\james\OneDrive - Lancaster University\Documents\Projects\MARS-Summer-Research\data\raw\KolektorSDD2\train\10449.png,C:\Users\james\OneDrive - Lancaster University\Documents\Projects\MARS-Summer-Research\data\raw\KolektorSDD2\train\10449_GT.png
validation,train,10450,0,Normal,C:\Users\james\OneDrive - Lancaster University\Documents\Projects\MARS-Summer-Research\data\raw\KolektorSDD2\train\10450.png,C:\Users\james\OneDrive - Lancaster University\Documents\Projects\MARS-Summer-Research\data\raw\KolektorSDD2\train\10450_GT.png
validation,train,10451,0,Normal,C:\Users\james\OneDrive - Lancaster University\Documents\Projects\MARS-Summer-Research\data\raw\KolektorSDD2\train\10451.png,C:\Users\james\OneDrive - Lancaster University\Documents\Projects\MARS-Summer-Research\data\raw\KolektorSDD2\train\10451_GT.png
validation,train,10454,0,Normal,C:\Users\james\OneDrive - Lancaster University\Documents\Projects\MARS-Summer-Research\data\raw\KolektorSDD2\train\10454.png,C:\Users\james\OneDrive - Lancaster University\Documents\Projects\MARS-Summer-Research\data\raw\KolektorSDD2\train\10454_GT.png
validation,train,10468,0,Normal,C:\Users\james\OneDrive - Lancaster University\Documents\Projects\MARS-Summer-Research\data\raw\KolektorSDD2\train\10468.png,C:\Users\james\OneDrive - Lancaster University\Documents\Projects\MARS-Summer-Research\data\raw\KolektorSDD2\train\10468_GT.png
validation,train,10489,0,Normal,C:\Users\james\OneDrive - Lancaster University\Documents\Projects\MARS-Summer-Research\data\raw\KolektorSDD2\train\10489.png,C:\Users\james\OneDrive - Lancaster University\Documents\Projects\MARS-Summer-Research\data\raw\KolektorSDD2\train\10489_GT.png
validation,train,10493,0,Normal,C:\Users\james\OneDrive - Lancaster University\Documents\Projects\MARS-Summer-Research\data\raw\KolektorSDD2\train\10493.png,C:\Users\james\OneDrive - Lancaster University\Documents\Projects\MARS-Summer-Research\data\raw\KolektorSDD2\train\10493_GT.png
validation,train,10499,1,Defective,C:\Users\james\OneDrive - Lancaster University\Documents\Projects\MARS-Summer-Research\data\raw\KolektorSDD2\train\10499.png,C:\Users\james\OneDrive - Lancaster University\Documents\Projects\MARS-Summer-Research\data\raw\KolektorSDD2\train\10499_GT.png
validation,train,10502,1,Defective,C:\Users\james\OneDrive - Lancaster University\Documents\Projects\MARS-Summer-Research\data\raw\KolektorSDD2\train\10502.png,C:\Users\james\OneDrive - Lancaster University\Documents\Projects\MARS-Summer-Research\data\raw\KolektorSDD2\train\10502_GT.png
validation,train,10507,0,Normal,C:\Users\james\OneDrive - Lancaster University\Documents\Projects\MARS-Summer-Research\data\raw\KolektorSDD2\train\10507.png,C:\Users\james\OneDrive - Lancaster University\Documents\Projects\MARS-Summer-Research\data\raw\KolektorSDD2\train\10507_GT.png
validation,train,10510,0,Normal,C:\Users\james\OneDrive - Lancaster University\Documents\Projects\MARS-Summer-Research\data\raw\KolektorSDD2\train\10510.png,C:\Users\james\OneDrive - Lancaster University\Documents\Projects\MARS-Summer-Research\data\raw\KolektorSDD2\train\10510_GT.png
validation,train,10515,0,Normal,C:\Users\james\OneDrive - Lancaster University\Documents\Projects\MARS-Summer-Research\data\raw\KolektorSDD2\train\10515.png,C:\Users\james\OneDrive - Lancaster University\Documents\Projects\MARS-Summer-Research\data\raw\KolektorSDD2\train\10515_GT.png
validation,train,10520,0,Normal,C:\Users\james\OneDrive - Lancaster University\Documents\Projects\MARS-Summer-Research\data\raw\KolektorSDD2\train\10520.png,C:\Users\james\OneDrive - Lancaster University\Documents\Projects\MARS-Summer-Research\data\raw\KolektorSDD2\train\10520_GT.png
validation,train,10523,0,Normal,C:\Users\james\OneDrive - Lancaster University\Documents\Projects\MARS-Summer-Research\data\raw\KolektorSDD2\train\10523.png,C:\Users\james\OneDrive - Lancaster University\Documents\Projects\MARS-Summer-Research\data\raw\KolektorSDD2\train\10523_GT.png
validation,train,10526,0,Normal,C:\Users\james\OneDrive - Lancaster University\Documents\Projects\MARS-Summer-Research\data\raw\KolektorSDD2\train\10526.png,C:\Users\james\OneDrive - Lancaster University\Documents\Projects\MARS-Summer-Research\data\raw\KolektorSDD2\train\10526_GT.png
validation,train,10529,0,Normal,C:\Users\james\OneDrive - Lancaster University\Documents\Projects\MARS-Summer-Research\data\raw\KolektorSDD2\train\10529.png,C:\Users\james\OneDrive - Lancaster University\Documents\Projects\MARS-Summer-Research\data\raw\KolektorSDD2\train\10529_GT.png
validation,train,10531,0,Normal,C:\Users\james\OneDrive - Lancaster University\Documents\Projects\MARS-Summer-Research\data\raw\KolektorSDD2\train\10531.png,C:\Users\james\OneDrive - Lancaster University\Documents\Projects\MARS-Summer-Research\data\raw\KolektorSDD2\train\10531_GT.png
validation,train,10533,0,Normal,C:\Users\james\OneDrive - Lancaster University\Documents\Projects\MARS-Summer-Research\data\raw\KolektorSDD2\train\10533.png,C:\Users\james\OneDrive - Lancaster University\Documents\Projects\MARS-Summer-Research\data\raw\KolektorSDD2\train\10533_GT.png
validation,train,10542,0,Normal,C:\Users\james\OneDrive - Lancaster University\Documents\Projects\MARS-Summer-Research\data\raw\KolektorSDD2\train\10542.png,C:\Users\james\OneDrive - Lancaster University\Documents\Projects\MARS-Summer-Research\data\raw\KolektorSDD2\train\10542_GT.png
validation,train,10546,0,Normal,C:\Users\james\OneDrive - Lancaster University\Documents\Projects\MARS-Summer-Research\data\raw\KolektorSDD2\train\10546.png,C:\Users\james\OneDrive - Lancaster University\Documents\Projects\MARS-Summer-Research\data\raw\KolektorSDD2\train\10546_GT.png
validation,train,10550,0,Normal,C:\Users\james\OneDrive - Lancaster University\Documents\Projects\MARS-Summer-Research\data\raw\KolektorSDD2\train\10550.png,C:\Users\james\OneDrive - Lancaster University\Documents\Projects\MARS-Summer-Research\data\raw\KolektorSDD2\train\10550_GT.png
validation,train,10555,0,Normal,C:\Users\james\OneDrive - Lancaster University\Documents\Projects\MARS-Summer-Research\data\raw\KolektorSDD2\train\10555.png,C:\Users\james\OneDrive - Lancaster University\Documents\Projects\MARS-Summer-Research\data\raw\KolektorSDD2\train\10555_GT.png
validation,train,10562,0,Normal,C:\Users\james\OneDrive - Lancaster University\Documents\Projects\MARS-Summer-Research\data\raw\KolektorSDD2\train\10562.png,C:\Users\james\OneDrive - Lancaster University\Documents\Projects\MARS-Summer-Research\data\raw\KolektorSDD2\train\10562_GT.png
validation,train,10568,0,Normal,C:\Users\james\OneDrive - Lancaster University\Documents\Projects\MARS-Summer-Research\data\raw\KolektorSDD2\train\10568.png,C:\Users\james\OneDrive - Lancaster University\Documents\Projects\MARS-Summer-Research\data\raw\KolektorSDD2\train\10568_GT.png
validation,train,10570,0,Normal,C:\Users\james\OneDrive - Lancaster University\Documents\Projects\MARS-Summer-Research\data\raw\KolektorSDD2\train\10570.png,C:\Users\james\OneDrive - Lancaster University\Documents\Projects\MARS-Summer-Research\data\raw\KolektorSDD2\train\10570_GT.png
validation,train,10579,0,Normal,C:\Users\james\OneDrive - Lancaster University\Documents\Projects\MARS-Summer-Research\data\raw\KolektorSDD2\train\10579.png,C:\Users\james\OneDrive - Lancaster University\Documents\Projects\MARS-Summer-Research\data\raw\KolektorSDD2\train\10579_GT.png
validation,train,10582,0,Normal,C:\Users\james\OneDrive - Lancaster University\Documents\Projects\MARS-Summer-Research\data\raw\KolektorSDD2\train\10582.png,C:\Users\james\OneDrive - Lancaster University\Documents\Projects\MARS-Summer-Research\data\raw\KolektorSDD2\train\10582_GT.png
validation,train,10583,1,Defective,C:\Users\james\OneDrive - Lancaster University\Documents\Projects\MARS-Summer-Research\data\raw\KolektorSDD2\train\10583.png,C:\Users\james\OneDrive - Lancaster University\Documents\Projects\MARS-Summer-Research\data\raw\KolektorSDD2\train\10583_GT.png
validation,train,10588,0,Normal,C:\Users\james\OneDrive - Lancaster University\Documents\Projects\MARS-Summer-Research\data\raw\KolektorSDD2\train\10588.png,C:\Users\james\OneDrive - Lancaster University\Documents\Projects\MARS-Summer-Research\data\raw\KolektorSDD2\train\10588_GT.png
validation,train,10605,0,Normal,C:\Users\james\OneDrive - Lancaster University\Documents\Projects\MARS-Summer-Research\data\raw\KolektorSDD2\train\10605.png,C:\Users\james\OneDrive - Lancaster University\Documents\Projects\MARS-Summer-Research\data\raw\KolektorSDD2\train\10605_GT.png
validation,train,10611,0,Normal,C:\Users\james\OneDrive - Lancaster University\Documents\Projects\MARS-Summer-Research\data\raw\KolektorSDD2\train\10611.png,C:\Users\james\OneDrive - Lancaster University\Documents\Projects\MARS-Summer-Research\data\raw\KolektorSDD2\train\10611_GT.png
validation,train,10616,0,Normal,C:\Users\james\OneDrive - Lancaster University\Documents\Projects\MARS-Summer-Research\data\raw\KolektorSDD2\train\10616.png,C:\Users\james\OneDrive - Lancaster University\Documents\Projects\MARS-Summer-Research\data\raw\KolektorSDD2\train\10616_GT.png
validation,train,10623,0,Normal,C:\Users\james\OneDrive - Lancaster University\Documents\Projects\MARS-Summer-Research\data\raw\KolektorSDD2\train\10623.png,C:\Users\james\OneDrive - Lancaster University\Documents\Projects\MARS-Summer-Research\data\raw\KolektorSDD2\train\10623_GT.png
validation,train,10628,1,Defective,C:\Users\james\OneDrive - Lancaster University\Documents\Projects\MARS-Summer-Research\data\raw\KolektorSDD2\train\10628.png,C:\Users\james\OneDrive - Lancaster University\Documents\Projects\MARS-Summer-Research\data\raw\KolektorSDD2\train\10628_GT.png
validation,train,10630,0,Normal,C:\Users\james\OneDrive - Lancaster University\Documents\Projects\MARS-Summer-Research\data\raw\KolektorSDD2\train\10630.png,C:\Users\james\OneDrive - Lancaster University\Documents\Projects\MARS-Summer-Research\data\raw\KolektorSDD2\train\10630_GT.png
validation,train,10631,0,Normal,C:\Users\james\OneDrive - Lancaster University\Documents\Projects\MARS-Summer-Research\data\raw\KolektorSDD2\train\10631.png,C:\Users\james\OneDrive - Lancaster University\Documents\Projects\MARS-Summer-Research\data\raw\KolektorSDD2\train\10631_GT.png
validation,train,10633,0,Normal,C:\Users\james\OneDrive - Lancaster University\Documents\Projects\MARS-Summer-Research\data\raw\KolektorSDD2\train\10633.png,C:\Users\james\OneDrive - Lancaster University\Documents\Projects\MARS-Summer-Research\data\raw\KolektorSDD2\train\10633_GT.png
validation,train,10637,1,Defective,C:\Users\james\OneDrive - Lancaster University\Documents\Projects\MARS-Summer-Research\data\raw\KolektorSDD2\train\10637.png,C:\Users\james\OneDrive - Lancaster University\Documents\Projects\MARS-Summer-Research\data\raw\KolektorSDD2\train\10637_GT.png
validation,train,10649,0,Normal,C:\Users\james\OneDrive - Lancaster University\Documents\Projects\MARS-Summer-Research\data\raw\KolektorSDD2\train\10649.png,C:\Users\james\OneDrive - Lancaster University\Documents\Projects\MARS-Summer-Research\data\raw\KolektorSDD2\train\10649_GT.png
validation,train,10654,1,Defective,C:\Users\james\OneDrive - Lancaster University\Documents\Projects\MARS-Summer-Research\data\raw\KolektorSDD2\train\10654.png,C:\Users\james\OneDrive - Lancaster University\Documents\Projects\MARS-Summer-Research\data\raw\KolektorSDD2\train\10654_GT.png
validation,train,10660,0,Normal,C:\Users\james\OneDrive - Lancaster University\Documents\Projects\MARS-Summer-Research\data\raw\KolektorSDD2\train\10660.png,C:\Users\james\OneDrive - Lancaster University\Documents\Projects\MARS-Summer-Research\data\raw\KolektorSDD2\train\10660_GT.png
validation,train,10661,1,Defective,C:\Users\james\OneDrive - Lancaster University\Documents\Projects\MARS-Summer-Research\data\raw\KolektorSDD2\train\10661.png,C:\Users\james\OneDrive - Lancaster University\Documents\Projects\MARS-Summer-Research\data\raw\KolektorSDD2\train\10661_GT.png
validation,train,10668,0,Normal,C:\Users\james\OneDrive - Lancaster University\Documents\Projects\MARS-Summer-Research\data\raw\KolektorSDD2\train\10668.png,C:\Users\james\OneDrive - Lancaster University\Documents\Projects\MARS-Summer-Research\data\raw\KolektorSDD2\train\10668_GT.png
validation,train,10672,1,Defective,C:\Users\james\OneDrive - Lancaster University\Documents\Projects\MARS-Summer-Research\data\raw\KolektorSDD2\train\10672.png,C:\Users\james\OneDrive - Lancaster University\Documents\Projects\MARS-Summer-Research\data\raw\KolektorSDD2\train\10672_GT.png
validation,train,10679,0,Normal,C:\Users\james\OneDrive - Lancaster University\Documents\Projects\MARS-Summer-Research\data\raw\KolektorSDD2\train\10679.png,C:\Users\james\OneDrive - Lancaster University\Documents\Projects\MARS-Summer-Research\data\raw\KolektorSDD2\train\10679_GT.png
validation,train,10685,0,Normal,C:\Users\james\OneDrive - Lancaster University\Documents\Projects\MARS-Summer-Research\data\raw\KolektorSDD2\train\10685.png,C:\Users\james\OneDrive - Lancaster University\Documents\Projects\MARS-Summer-Research\data\raw\KolektorSDD2\train\10685_GT.png
validation,train,10687,0,Normal,C:\Users\james\OneDrive - Lancaster University\Documents\Projects\MARS-Summer-Research\data\raw\KolektorSDD2\train\10687.png,C:\Users\james\OneDrive - Lancaster University\Documents\Projects\MARS-Summer-Research\data\raw\KolektorSDD2\train\10687_GT.png
validation,train,10691,0,Normal,C:\Users\james\OneDrive - Lancaster University\Documents\Projects\MARS-Summer-Research\data\raw\KolektorSDD2\train\10691.png,C:\Users\james\OneDrive - Lancaster University\Documents\Projects\MARS-Summer-Research\data\raw\KolektorSDD2\train\10691_GT.png
validation,train,10703,0,Normal,C:\Users\james\OneDrive - Lancaster University\Documents\Projects\MARS-Summer-Research\data\raw\KolektorSDD2\train\10703.png,C:\Users\james\OneDrive - Lancaster University\Documents\Projects\MARS-Summer-Research\data\raw\KolektorSDD2\train\10703_GT.png
validation,train,10708,0,Normal,C:\Users\james\OneDrive - Lancaster University\Documents\Projects\MARS-Summer-Research\data\raw\KolektorSDD2\train\10708.png,C:\Users\james\OneDrive - Lancaster University\Documents\Projects\MARS-Summer-Research\data\raw\KolektorSDD2\train\10708_GT.png
validation,train,10711,1,Defective,C:\Users\james\OneDrive - Lancaster University\Documents\Projects\MARS-Summer-Research\data\raw\KolektorSDD2\train\10711.png,C:\Users\james\OneDrive - Lancaster University\Documents\Projects\MARS-Summer-Research\data\raw\KolektorSDD2\train\10711_GT.png
validation,train,10712,1,Defective,C:\Users\james\OneDrive - Lancaster University\Documents\Projects\MARS-Summer-Research\data\raw\KolektorSDD2\train\10712.png,C:\Users\james\OneDrive - Lancaster University\Documents\Projects\MARS-Summer-Research\data\raw\KolektorSDD2\train\10712_GT.png
validation,train,10716,0,Normal,C:\Users\james\OneDrive - Lancaster University\Documents\Projects\MARS-Summer-Research\data\raw\KolektorSDD2\train\10716.png,C:\Users\james\OneDrive - Lancaster University\Documents\Projects\MARS-Summer-Research\data\raw\KolektorSDD2\train\10716_GT.png
validation,train,10723,0,Normal,C:\Users\james\OneDrive - Lancaster University\Documents\Projects\MARS-Summer-Research\data\raw\KolektorSDD2\train\10723.png,C:\Users\james\OneDrive - Lancaster University\Documents\Projects\MARS-Summer-Research\data\raw\KolektorSDD2\train\10723_GT.png
validation,train,10724,0,Normal,C:\Users\james\OneDrive - Lancaster University\Documents\Projects\MARS-Summer-Research\data\raw\KolektorSDD2\train\10724.png,C:\Users\james\OneDrive - Lancaster University\Documents\Projects\MARS-Summer-Research\data\raw\KolektorSDD2\train\10724_GT.png
validation,train,10725,0,Normal,C:\Users\james\OneDrive - Lancaster University\Documents\Projects\MARS-Summer-Research\data\raw\KolektorSDD2\train\10725.png,C:\Users\james\OneDrive - Lancaster University\Documents\Projects\MARS-Summer-Research\data\raw\KolektorSDD2\train\10725_GT.png
validation,train,10726,0,Normal,C:\Users\james\OneDrive - Lancaster University\Documents\Projects\MARS-Summer-Research\data\raw\KolektorSDD2\train\10726.png,C:\Users\james\OneDrive - Lancaster University\Documents\Projects\MARS-Summer-Research\data\raw\KolektorSDD2\train\10726_GT.png
validation,train,10731,0,Normal,C:\Users\james\OneDrive - Lancaster University\Documents\Projects\MARS-Summer-Research\data\raw\KolektorSDD2\train\10731.png,C:\Users\james\OneDrive - Lancaster University\Documents\Projects\MARS-Summer-Research\data\raw\KolektorSDD2\train\10731_GT.png
validation,train,10732,0,Normal,C:\Users\james\OneDrive - Lancaster University\Documents\Projects\MARS-Summer-Research\data\raw\KolektorSDD2\train\10732.png,C:\Users\james\OneDrive - Lancaster University\Documents\Projects\MARS-Summer-Research\data\raw\KolektorSDD2\train\10732_GT.png
validation,train,10733,0,Normal,C:\Users\james\OneDrive - Lancaster University\Documents\Projects\MARS-Summer-Research\data\raw\KolektorSDD2\train\10733.png,C:\Users\james\OneDrive - Lancaster University\Documents\Projects\MARS-Summer-Research\data\raw\KolektorSDD2\train\10733_GT.png
validation,train,10734,0,Normal,C:\Users\james\OneDrive - Lancaster University\Documents\Projects\MARS-Summer-Research\data\raw\KolektorSDD2\train\10734.png,C:\Users\james\OneDrive - Lancaster University\Documents\Projects\MARS-Summer-Research\data\raw\KolektorSDD2\train\10734_GT.png
validation,train,10745,0,Normal,C:\Users\james\OneDrive - Lancaster University\Documents\Projects\MARS-Summer-Research\data\raw\KolektorSDD2\train\10745.png,C:\Users\james\OneDrive - Lancaster University\Documents\Projects\MARS-Summer-Research\data\raw\KolektorSDD2\train\10745_GT.png
validation,train,10746,0,Normal,C:\Users\james\OneDrive - Lancaster University\Documents\Projects\MARS-Summer-Research\data\raw\KolektorSDD2\train\10746.png,C:\Users\james\OneDrive - Lancaster University\Documents\Projects\MARS-Summer-Research\data\raw\KolektorSDD2\train\10746_GT.png
validation,train,10750,0,Normal,C:\Users\james\OneDrive - Lancaster University\Documents\Projects\MARS-Summer-Research\data\raw\KolektorSDD2\train\10750.png,C:\Users\james\OneDrive - Lancaster University\Documents\Projects\MARS-Summer-Research\data\raw\KolektorSDD2\train\10750_GT.png
validation,train,10756,1,Defective,C:\Users\james\OneDrive - Lancaster University\Documents\Projects\MARS-Summer-Research\data\raw\KolektorSDD2\train\10756.png,C:\Users\james\OneDrive - Lancaster University\Documents\Projects\MARS-Summer-Research\data\raw\KolektorSDD2\train\10756_GT.png
validation,train,10769,0,Normal,C:\Users\james\OneDrive - Lancaster University\Documents\Projects\MARS-Summer-Research\data\raw\KolektorSDD2\train\10769.png,C:\Users\james\OneDrive - Lancaster University\Documents\Projects\MARS-Summer-Research\data\raw\KolektorSDD2\train\10769_GT.png
validation,train,10770,1,Defective,C:\Users\james\OneDrive - Lancaster University\Documents\Projects\MARS-Summer-Research\data\raw\KolektorSDD2\train\10770.png,C:\Users\james\OneDrive - Lancaster University\Documents\Projects\MARS-Summer-Research\data\raw\KolektorSDD2\train\10770_GT.png
validation,train,10772,0,Normal,C:\Users\james\OneDrive - Lancaster University\Documents\Projects\MARS-Summer-Research\data\raw\KolektorSDD2\train\10772.png,C:\Users\james\OneDrive - Lancaster University\Documents\Projects\MARS-Summer-Research\data\raw\KolektorSDD2\train\10772_GT.png
validation,train,10774,1,Defective,C:\Users\james\OneDrive - Lancaster University\Documents\Projects\MARS-Summer-Research\data\raw\KolektorSDD2\train\10774.png,C:\Users\james\OneDrive - Lancaster University\Documents\Projects\MARS-Summer-Research\data\raw\KolektorSDD2\train\10774_GT.png
validation,train,10777,0,Normal,C:\Users\james\OneDrive - Lancaster University\Documents\Projects\MARS-Summer-Research\data\raw\KolektorSDD2\train\10777.png,C:\Users\james\OneDrive - Lancaster University\Documents\Projects\MARS-Summer-Research\data\raw\KolektorSDD2\train\10777_GT.png
validation,train,10788,0,Normal,C:\Users\james\OneDrive - Lancaster University\Documents\Projects\MARS-Summer-Research\data\raw\KolektorSDD2\train\10788.png,C:\Users\james\OneDrive - Lancaster University\Documents\Projects\MARS-Summer-Research\data\raw\KolektorSDD2\train\10788_GT.png
validation,train,10789,0,Normal,C:\Users\james\OneDrive - Lancaster University\Documents\Projects\MARS-Summer-Research\data\raw\KolektorSDD2\train\10789.png,C:\Users\james\OneDrive - Lancaster University\Documents\Projects\MARS-Summer-Research\data\raw\KolektorSDD2\train\10789_GT.png
validation,train,10792,0,Normal,C:\Users\james\OneDrive - Lancaster University\Documents\Projects\MARS-Summer-Research\data\raw\KolektorSDD2\train\10792.png,C:\Users\james\OneDrive - Lancaster University\Documents\Projects\MARS-Summer-Research\data\raw\KolektorSDD2\train\10792_GT.png
validation,train,10800,0,Normal,C:\Users\james\OneDrive - Lancaster University\Documents\Projects\MARS-Summer-Research\data\raw\KolektorSDD2\train\10800.png,C:\Users\james\OneDrive - Lancaster University\Documents\Projects\MARS-Summer-Research\data\raw\KolektorSDD2\train\10800_GT.png
validation,train,10811,0,Normal,C:\Users\james\OneDrive - Lancaster University\Documents\Projects\MARS-Summer-Research\data\raw\KolektorSDD2\train\10811.png,C:\Users\james\OneDrive - Lancaster University\Documents\Projects\MARS-Summer-Research\data\raw\KolektorSDD2\train\10811_GT.png
validation,train,10817,0,Normal,C:\Users\james\OneDrive - Lancaster University\Documents\Projects\MARS-Summer-Research\data\raw\KolektorSDD2\train\10817.png,C:\Users\james\OneDrive - Lancaster University\Documents\Projects\MARS-Summer-Research\data\raw\KolektorSDD2\train\10817_GT.png
validation,train,10822,0,Normal,C:\Users\james\OneDrive - Lancaster University\Documents\Projects\MARS-Summer-Research\data\raw\KolektorSDD2\train\10822.png,C:\Users\james\OneDrive - Lancaster University\Documents\Projects\MARS-Summer-Research\data\raw\KolektorSDD2\train\10822_GT.png
validation,train,10835,0,Normal,C:\Users\james\OneDrive - Lancaster University\Documents\Projects\MARS-Summer-Research\data\raw\KolektorSDD2\train\10835.png,C:\Users\james\OneDrive - Lancaster University\Documents\Projects\MARS-Summer-Research\data\raw\KolektorSDD2\train\10835_GT.png
validation,train,10840,0,Normal,C:\Users\james\OneDrive - Lancaster University\Documents\Projects\MARS-Summer-Research\data\raw\KolektorSDD2\train\10840.png,C:\Users\james\OneDrive - Lancaster University\Documents\Projects\MARS-Summer-Research\data\raw\KolektorSDD2\train\10840_GT.png
validation,train,10841,0,Normal,C:\Users\james\OneDrive - Lancaster University\Documents\Projects\MARS-Summer-Research\data\raw\KolektorSDD2\train\10841.png,C:\Users\james\OneDrive - Lancaster University\Documents\Projects\MARS-Summer-Research\data\raw\KolektorSDD2\train\10841_GT.png
validation,train,10842,0,Normal,C:\Users\james\OneDrive - Lancaster University\Documents\Projects\MARS-Summer-Research\data\raw\KolektorSDD2\train\10842.png,C:\Users\james\OneDrive - Lancaster University\Documents\Projects\MARS-Summer-Research\data\raw\KolektorSDD2\train\10842_GT.png
validation,train,10847,0,Normal,C:\Users\james\OneDrive - Lancaster University\Documents\Projects\MARS-Summer-Research\data\raw\KolektorSDD2\train\10847.png,C:\Users\james\OneDrive - Lancaster University\Documents\Projects\MARS-Summer-Research\data\raw\KolektorSDD2\train\10847_GT.png
validation,train,10860,0,Normal,C:\Users\james\OneDrive - Lancaster University\Documents\Projects\MARS-Summer-Research\data\raw\KolektorSDD2\train\10860.png,C:\Users\james\OneDrive - Lancaster University\Documents\Projects\MARS-Summer-Research\data\raw\KolektorSDD2\train\10860_GT.png
validation,train,10863,0,Normal,C:\Users\james\OneDrive - Lancaster University\Documents\Projects\MARS-Summer-Research\data\raw\KolektorSDD2\train\10863.png,C:\Users\james\OneDrive - Lancaster University\Documents\Projects\MARS-Summer-Research\data\raw\KolektorSDD2\train\10863_GT.png
validation,train,10866,0,Normal,C:\Users\james\OneDrive - Lancaster University\Documents\Projects\MARS-Summer-Research\data\raw\KolektorSDD2\train\10866.png,C:\Users\james\OneDrive - Lancaster University\Documents\Projects\MARS-Summer-Research\data\raw\KolektorSDD2\train\10866_GT.png
validation,train,10869,1,Defective,C:\Users\james\OneDrive - Lancaster University\Documents\Projects\MARS-Summer-Research\data\raw\KolektorSDD2\train\10869.png,C:\Users\james\OneDrive - Lancaster University\Documents\Projects\MARS-Summer-Research\data\raw\KolektorSDD2\train\10869_GT.png
validation,train,10873,0,Normal,C:\Users\james\OneDrive - Lancaster University\Documents\Projects\MARS-Summer-Research\data\raw\KolektorSDD2\train\10873.png,C:\Users\james\OneDrive - Lancaster University\Documents\Projects\MARS-Summer-Research\data\raw\KolektorSDD2\train\10873_GT.png
validation,train,10878,0,Normal,C:\Users\james\OneDrive - Lancaster University\Documents\Projects\MARS-Summer-Research\data\raw\KolektorSDD2\train\10878.png,C:\Users\james\OneDrive - Lancaster University\Documents\Projects\MARS-Summer-Research\data\raw\KolektorSDD2\train\10878_GT.png
validation,train,10890,0,Normal,C:\Users\james\OneDrive - Lancaster University\Documents\Projects\MARS-Summer-Research\data\raw\KolektorSDD2\train\10890.png,C:\Users\james\OneDrive - Lancaster University\Documents\Projects\MARS-Summer-Research\data\raw\KolektorSDD2\train\10890_GT.png
validation,train,10894,0,Normal,C:\Users\james\OneDrive - Lancaster University\Documents\Projects\MARS-Summer-Research\data\raw\KolektorSDD2\train\10894.png,C:\Users\james\OneDrive - Lancaster University\Documents\Projects\MARS-Summer-Research\data\raw\KolektorSDD2\train\10894_GT.png
validation,train,10895,0,Normal,C:\Users\james\OneDrive - Lancaster University\Documents\Projects\MARS-Summer-Research\data\raw\KolektorSDD2\train\10895.png,C:\Users\james\OneDrive - Lancaster University\Documents\Projects\MARS-Summer-Research\data\raw\KolektorSDD2\train\10895_GT.png
validation,train,10897,0,Normal,C:\Users\james\OneDrive - Lancaster University\Documents\Projects\MARS-Summer-Research\data\raw\KolektorSDD2\train\10897.png,C:\Users\james\OneDrive - Lancaster University\Documents\Projects\MARS-Summer-Research\data\raw\KolektorSDD2\train\10897_GT.png
validation,train,10901,0,Normal,C:\Users\james\OneDrive - Lancaster University\Documents\Projects\MARS-Summer-Research\data\raw\KolektorSDD2\train\10901.png,C:\Users\james\OneDrive - Lancaster University\Documents\Projects\MARS-Summer-Research\data\raw\KolektorSDD2\train\10901_GT.png
validation,train,10905,1,Defective,C:\Users\james\OneDrive - Lancaster University\Documents\Projects\MARS-Summer-Research\data\raw\KolektorSDD2\train\10905.png,C:\Users\james\OneDrive - Lancaster University\Documents\Projects\MARS-Summer-Research\data\raw\KolektorSDD2\train\10905_GT.png
validation,train,10906,0,Normal,C:\Users\james\OneDrive - Lancaster University\Documents\Projects\MARS-Summer-Research\data\raw\KolektorSDD2\train\10906.png,C:\Users\james\OneDrive - Lancaster University\Documents\Projects\MARS-Summer-Research\data\raw\KolektorSDD2\train\10906_GT.png
validation,train,10918,0,Normal,C:\Users\james\OneDrive - Lancaster University\Documents\Projects\MARS-Summer-Research\data\raw\KolektorSDD2\train\10918.png,C:\Users\james\OneDrive - Lancaster University\Documents\Projects\MARS-Summer-Research\data\raw\KolektorSDD2\train\10918_GT.png
validation,train,10924,0,Normal,C:\Users\james\OneDrive - Lancaster University\Documents\Projects\MARS-Summer-Research\data\raw\KolektorSDD2\train\10924.png,C:\Users\james\OneDrive - Lancaster University\Documents\Projects\MARS-Summer-Research\data\raw\KolektorSDD2\train\10924_GT.png
validation,train,10938,0,Normal,C:\Users\james\OneDrive - Lancaster University\Documents\Projects\MARS-Summer-Research\data\raw\KolektorSDD2\train\10938.png,C:\Users\james\OneDrive - Lancaster University\Documents\Projects\MARS-Summer-Research\data\raw\KolektorSDD2\train\10938_GT.png
validation,train,10952,1,Defective,C:\Users\james\OneDrive - Lancaster University\Documents\Projects\MARS-Summer-Research\data\raw\KolektorSDD2\train\10952.png,C:\Users\james\OneDrive - Lancaster University\Documents\Projects\MARS-Summer-Research\data\raw\KolektorSDD2\train\10952_GT.png
validation,train,10959,0,Normal,C:\Users\james\OneDrive - Lancaster University\Documents\Projects\MARS-Summer-Research\data\raw\KolektorSDD2\train\10959.png,C:\Users\james\OneDrive - Lancaster University\Documents\Projects\MARS-Summer-Research\data\raw\KolektorSDD2\train\10959_GT.png
validation,train,10965,0,Normal,C:\Users\james\OneDrive - Lancaster University\Documents\Projects\MARS-Summer-Research\data\raw\KolektorSDD2\train\10965.png,C:\Users\james\OneDrive - Lancaster University\Documents\Projects\MARS-Summer-Research\data\raw\KolektorSDD2\train\10965_GT.png
validation,train,10968,0,Normal,C:\Users\james\OneDrive - Lancaster University\Documents\Projects\MARS-Summer-Research\data\raw\KolektorSDD2\train\10968.png,C:\Users\james\OneDrive - Lancaster University\Documents\Projects\MARS-Summer-Research\data\raw\KolektorSDD2\train\10968_GT.png
validation,train,10975,0,Normal,C:\Users\james\OneDrive - Lancaster University\Documents\Projects\MARS-Summer-Research\data\raw\KolektorSDD2\train\10975.png,C:\Users\james\OneDrive - Lancaster University\Documents\Projects\MARS-Summer-Research\data\raw\KolektorSDD2\train\10975_GT.png
validation,train,10976,0,Normal,C:\Users\james\OneDrive - Lancaster University\Documents\Projects\MARS-Summer-Research\data\raw\KolektorSDD2\train\10976.png,C:\Users\james\OneDrive - Lancaster University\Documents\Projects\MARS-Summer-Research\data\raw\KolektorSDD2\train\10976_GT.png
validation,train,10982,0,Normal,C:\Users\james\OneDrive - Lancaster University\Documents\Projects\MARS-Summer-Research\data\raw\KolektorSDD2\train\10982.png,C:\Users\james\OneDrive - Lancaster University\Documents\Projects\MARS-Summer-Research\data\raw\KolektorSDD2\train\10982_GT.png
validation,train,10983,0,Normal,C:\Users\james\OneDrive - Lancaster University\Documents\Projects\MARS-Summer-Research\data\raw\KolektorSDD2\train\10983.png,C:\Users\james\OneDrive - Lancaster University\Documents\Projects\MARS-Summer-Research\data\raw\KolektorSDD2\train\10983_GT.png
validation,train,10985,0,Normal,C:\Users\james\OneDrive - Lancaster University\Documents\Projects\MARS-Summer-Research\data\raw\KolektorSDD2\train\10985.png,C:\Users\james\OneDrive - Lancaster University\Documents\Projects\MARS-Summer-Research\data\raw\KolektorSDD2\train\10985_GT.png
validation,train,10988,0,Normal,C:\Users\james\OneDrive - Lancaster University\Documents\Projects\MARS-Summer-Research\data\raw\KolektorSDD2\train\10988.png,C:\Users\james\OneDrive - Lancaster University\Documents\Projects\MARS-Summer-Research\data\raw\KolektorSDD2\train\10988_GT.png
validation,train,10996,0,Normal,C:\Users\james\OneDrive - Lancaster University\Documents\Projects\MARS-Summer-Research\data\raw\KolektorSDD2\train\10996.png,C:\Users\james\OneDrive - Lancaster University\Documents\Projects\MARS-Summer-Research\data\raw\KolektorSDD2\train\10996_GT.png
validation,train,11001,0,Normal,C:\Users\james\OneDrive - Lancaster University\Documents\Projects\MARS-Summer-Research\data\raw\KolektorSDD2\train\11001.png,C:\Users\james\OneDrive - Lancaster University\Documents\Projects\MARS-Summer-Research\data\raw\KolektorSDD2\train\11001_GT.png
validation,train,11021,0,Normal,C:\Users\james\OneDrive - Lancaster University\Documents\Projects\MARS-Summer-Research\data\raw\KolektorSDD2\train\11021.png,C:\Users\james\OneDrive - Lancaster University\Documents\Projects\MARS-Summer-Research\data\raw\KolektorSDD2\train\11021_GT.png
validation,train,11025,1,Defective,C:\Users\james\OneDrive - Lancaster University\Documents\Projects\MARS-Summer-Research\data\raw\KolektorSDD2\train\11025.png,C:\Users\james\OneDrive - Lancaster University\Documents\Projects\MARS-Summer-Research\data\raw\KolektorSDD2\train\11025_GT.png
validation,train,11037,0,Normal,C:\Users\james\OneDrive - Lancaster University\Documents\Projects\MARS-Summer-Research\data\raw\KolektorSDD2\train\11037.png,C:\Users\james\OneDrive - Lancaster University\Documents\Projects\MARS-Summer-Research\data\raw\KolektorSDD2\train\11037_GT.png
validation,train,11038,0,Normal,C:\Users\james\OneDrive - Lancaster University\Documents\Projects\MARS-Summer-Research\data\raw\KolektorSDD2\train\11038.png,C:\Users\james\OneDrive - Lancaster University\Documents\Projects\MARS-Summer-Research\data\raw\KolektorSDD2\train\11038_GT.png
validation,train,11063,0,Normal,C:\Users\james\OneDrive - Lancaster University\Documents\Projects\MARS-Summer-Research\data\raw\KolektorSDD2\train\11063.png,C:\Users\james\OneDrive - Lancaster University\Documents\Projects\MARS-Summer-Research\data\raw\KolektorSDD2\train\11063_GT.png
validation,train,11066,0,Normal,C:\Users\james\OneDrive - Lancaster University\Documents\Projects\MARS-Summer-Research\data\raw\KolektorSDD2\train\11066.png,C:\Users\james\OneDrive - Lancaster University\Documents\Projects\MARS-Summer-Research\data\raw\KolektorSDD2\train\11066_GT.png
validation,train,11067,0,Normal,C:\Users\james\OneDrive - Lancaster University\Documents\Projects\MARS-Summer-Research\data\raw\KolektorSDD2\train\11067.png,C:\Users\james\OneDrive - Lancaster University\Documents\Projects\MARS-Summer-Research\data\raw\KolektorSDD2\train\11067_GT.png
validation,train,11068,0,Normal,C:\Users\james\OneDrive - Lancaster University\Documents\Projects\MARS-Summer-Research\data\raw\KolektorSDD2\train\11068.png,C:\Users\james\OneDrive - Lancaster University\Documents\Projects\MARS-Summer-Research\data\raw\KolektorSDD2\train\11068_GT.png
validation,train,11071,0,Normal,C:\Users\james\OneDrive - Lancaster University\Documents\Projects\MARS-Summer-Research\data\raw\KolektorSDD2\train\11071.png,C:\Users\james\OneDrive - Lancaster University\Documents\Projects\MARS-Summer-Research\data\raw\KolektorSDD2\train\11071_GT.png
validation,train,11072,0,Normal,C:\Users\james\OneDrive - Lancaster University\Documents\Projects\MARS-Summer-Research\data\raw\KolektorSDD2\train\11072.png,C:\Users\james\OneDrive - Lancaster University\Documents\Projects\MARS-Summer-Research\data\raw\KolektorSDD2\train\11072_GT.png
validation,train,11085,0,Normal,C:\Users\james\OneDrive - Lancaster University\Documents\Projects\MARS-Summer-Research\data\raw\KolektorSDD2\train\11085.png,C:\Users\james\OneDrive - Lancaster University\Documents\Projects\MARS-Summer-Research\data\raw\KolektorSDD2\train\11085_GT.png
validation,train,11089,0,Normal,C:\Users\james\OneDrive - Lancaster University\Documents\Projects\MARS-Summer-Research\data\raw\KolektorSDD2\train\11089.png,C:\Users\james\OneDrive - Lancaster University\Documents\Projects\MARS-Summer-Research\data\raw\KolektorSDD2\train\11089_GT.png
validation,train,11097,0,Normal,C:\Users\james\OneDrive - Lancaster University\Documents\Projects\MARS-Summer-Research\data\raw\KolektorSDD2\train\11097.png,C:\Users\james\OneDrive - Lancaster University\Documents\Projects\MARS-Summer-Research\data\raw\KolektorSDD2\train\11097_GT.png
validation,train,11109,0,Normal,C:\Users\james\OneDrive - Lancaster University\Documents\Projects\MARS-Summer-Research\data\raw\KolektorSDD2\train\11109.png,C:\Users\james\OneDrive - Lancaster University\Documents\Projects\MARS-Summer-Research\data\raw\KolektorSDD2\train\11109_GT.png
validation,train,11112,0,Normal,C:\Users\james\OneDrive - Lancaster University\Documents\Projects\MARS-Summer-Research\data\raw\KolektorSDD2\train\11112.png,C:\Users\james\OneDrive - Lancaster University\Documents\Projects\MARS-Summer-Research\data\raw\KolektorSDD2\train\11112_GT.png
validation,train,11129,0,Normal,C:\Users\james\OneDrive - Lancaster University\Documents\Projects\MARS-Summer-Research\data\raw\KolektorSDD2\train\11129.png,C:\Users\james\OneDrive - Lancaster University\Documents\Projects\MARS-Summer-Research\data\raw\KolektorSDD2\train\11129_GT.png
validation,train,11131,0,Normal,C:\Users\james\OneDrive - Lancaster University\Documents\Projects\MARS-Summer-Research\data\raw\KolektorSDD2\train\11131.png,C:\Users\james\OneDrive - Lancaster University\Documents\Projects\MARS-Summer-Research\data\raw\KolektorSDD2\train\11131_GT.png
validation,train,11133,0,Normal,C:\Users\james\OneDrive - Lancaster University\Documents\Projects\MARS-Summer-Research\data\raw\KolektorSDD2\train\11133.png,C:\Users\james\OneDrive - Lancaster University\Documents\Projects\MARS-Summer-Research\data\raw\KolektorSDD2\train\11133_GT.png
validation,train,11134,0,Normal,C:\Users\james\OneDrive - Lancaster University\Documents\Projects\MARS-Summer-Research\data\raw\KolektorSDD2\train\11134.png,C:\Users\james\OneDrive - Lancaster University\Documents\Projects\MARS-Summer-Research\data\raw\KolektorSDD2\train\11134_GT.png
validation,train,11137,0,Normal,C:\Users\james\OneDrive - Lancaster University\Documents\Projects\MARS-Summer-Research\data\raw\KolektorSDD2\train\11137.png,C:\Users\james\OneDrive - Lancaster University\Documents\Projects\MARS-Summer-Research\data\raw\KolektorSDD2\train\11137_GT.png
validation,train,11138,0,Normal,C:\Users\james\OneDrive - Lancaster University\Documents\Projects\MARS-Summer-Research\data\raw\KolektorSDD2\train\11138.png,C:\Users\james\OneDrive - Lancaster University\Documents\Projects\MARS-Summer-Research\data\raw\KolektorSDD2\train\11138_GT.png
validation,train,11140,0,Normal,C:\Users\james\OneDrive - Lancaster University\Documents\Projects\MARS-Summer-Research\data\raw\KolektorSDD2\train\11140.png,C:\Users\james\OneDrive - Lancaster University\Documents\Projects\MARS-Summer-Research\data\raw\KolektorSDD2\train\11140_GT.png
validation,train,11144,0,Normal,C:\Users\james\OneDrive - Lancaster University\Documents\Projects\MARS-Summer-Research\data\raw\KolektorSDD2\train\11144.png,C:\Users\james\OneDrive - Lancaster University\Documents\Projects\MARS-Summer-Research\data\raw\KolektorSDD2\train\11144_GT.png
validation,train,11147,0,Normal,C:\Users\james\OneDrive - Lancaster University\Documents\Projects\MARS-Summer-Research\data\raw\KolektorSDD2\train\11147.png,C:\Users\james\OneDrive - Lancaster University\Documents\Projects\MARS-Summer-Research\data\raw\KolektorSDD2\train\11147_GT.png
validation,train,11157,0,Normal,C:\Users\james\OneDrive - Lancaster University\Documents\Projects\MARS-Summer-Research\data\raw\KolektorSDD2\train\11157.png,C:\Users\james\OneDrive - Lancaster University\Documents\Projects\MARS-Summer-Research\data\raw\KolektorSDD2\train\11157_GT.png
validation,train,11164,0,Normal,C:\Users\james\OneDrive - Lancaster University\Documents\Projects\MARS-Summer-Research\data\raw\KolektorSDD2\train\11164.png,C:\Users\james\OneDrive - Lancaster University\Documents\Projects\MARS-Summer-Research\data\raw\KolektorSDD2\train\11164_GT.png
validation,train,11171,0,Normal,C:\Users\james\OneDrive - Lancaster University\Documents\Projects\MARS-Summer-Research\data\raw\KolektorSDD2\train\11171.png,C:\Users\james\OneDrive - Lancaster University\Documents\Projects\MARS-Summer-Research\data\raw\KolektorSDD2\train\11171_GT.png
validation,train,11176,0,Normal,C:\Users\james\OneDrive - Lancaster University\Documents\Projects\MARS-Summer-Research\data\raw\KolektorSDD2\train\11176.png,C:\Users\james\OneDrive - Lancaster University\Documents\Projects\MARS-Summer-Research\data\raw\KolektorSDD2\train\11176_GT.png
validation,train,11180,0,Normal,C:\Users\james\OneDrive - Lancaster University\Documents\Projects\MARS-Summer-Research\data\raw\KolektorSDD2\train\11180.png,C:\Users\james\OneDrive - Lancaster University\Documents\Projects\MARS-Summer-Research\data\raw\KolektorSDD2\train\11180_GT.png
validation,train,11181,0,Normal,C:\Users\james\OneDrive - Lancaster University\Documents\Projects\MARS-Summer-Research\data\raw\KolektorSDD2\train\11181.png,C:\Users\james\OneDrive - Lancaster University\Documents\Projects\MARS-Summer-Research\data\raw\KolektorSDD2\train\11181_GT.png
validation,train,11185,0,Normal,C:\Users\james\OneDrive - Lancaster University\Documents\Projects\MARS-Summer-Research\data\raw\KolektorSDD2\train\11185.png,C:\Users\james\OneDrive - Lancaster University\Documents\Projects\MARS-Summer-Research\data\raw\KolektorSDD2\train\11185_GT.png
validation,train,11192,0,Normal,C:\Users\james\OneDrive - Lancaster University\Documents\Projects\MARS-Summer-Research\data\raw\KolektorSDD2\train\11192.png,C:\Users\james\OneDrive - Lancaster University\Documents\Projects\MARS-Summer-Research\data\raw\KolektorSDD2\train\11192_GT.png
validation,train,11194,0,Normal,C:\Users\james\OneDrive - Lancaster University\Documents\Projects\MARS-Summer-Research\data\raw\KolektorSDD2\train\11194.png,C:\Users\james\OneDrive - Lancaster University\Documents\Projects\MARS-Summer-Research\data\raw\KolektorSDD2\train\11194_GT.png
validation,train,11196,0,Normal,C:\Users\james\OneDrive - Lancaster University\Documents\Projects\MARS-Summer-Research\data\raw\KolektorSDD2\train\11196.png,C:\Users\james\OneDrive - Lancaster University\Documents\Projects\MARS-Summer-Research\data\raw\KolektorSDD2\train\11196_GT.png
validation,train,11200,0,Normal,C:\Users\james\OneDrive - Lancaster University\Documents\Projects\MARS-Summer-Research\data\raw\KolektorSDD2\train\11200.png,C:\Users\james\OneDrive - Lancaster University\Documents\Projects\MARS-Summer-Research\data\raw\KolektorSDD2\train\11200_GT.png
validation,train,11206,0,Normal,C:\Users\james\OneDrive - Lancaster University\Documents\Projects\MARS-Summer-Research\data\raw\KolektorSDD2\train\11206.png,C:\Users\james\OneDrive - Lancaster University\Documents\Projects\MARS-Summer-Research\data\raw\KolektorSDD2\train\11206_GT.png
validation,train,11210,0,Normal,C:\Users\james\OneDrive - Lancaster University\Documents\Projects\MARS-Summer-Research\data\raw\KolektorSDD2\train\11210.png,C:\Users\james\OneDrive - Lancaster University\Documents\Projects\MARS-Summer-Research\data\raw\KolektorSDD2\train\11210_GT.png
validation,train,11214,1,Defective,C:\Users\james\OneDrive - Lancaster University\Documents\Projects\MARS-Summer-Research\data\raw\KolektorSDD2\train\11214.png,C:\Users\james\OneDrive - Lancaster University\Documents\Projects\MARS-Summer-Research\data\raw\KolektorSDD2\train\11214_GT.png
validation,train,11220,0,Normal,C:\Users\james\OneDrive - Lancaster University\Documents\Projects\MARS-Summer-Research\data\raw\KolektorSDD2\train\11220.png,C:\Users\james\OneDrive - Lancaster University\Documents\Projects\MARS-Summer-Research\data\raw\KolektorSDD2\train\11220_GT.png
validation,train,11231,0,Normal,C:\Users\james\OneDrive - Lancaster University\Documents\Projects\MARS-Summer-Research\data\raw\KolektorSDD2\train\11231.png,C:\Users\james\OneDrive - Lancaster University\Documents\Projects\MARS-Summer-Research\data\raw\KolektorSDD2\train\11231_GT.png
validation,train,11236,0,Normal,C:\Users\james\OneDrive - Lancaster University\Documents\Projects\MARS-Summer-Research\data\raw\KolektorSDD2\train\11236.png,C:\Users\james\OneDrive - Lancaster University\Documents\Projects\MARS-Summer-Research\data\raw\KolektorSDD2\train\11236_GT.png
validation,train,11250,1,Defective,C:\Users\james\OneDrive - Lancaster University\Documents\Projects\MARS-Summer-Research\data\raw\KolektorSDD2\train\11250.png,C:\Users\james\OneDrive - Lancaster University\Documents\Projects\MARS-Summer-Research\data\raw\KolektorSDD2\train\11250_GT.png
validation,train,11251,0,Normal,C:\Users\james\OneDrive - Lancaster University\Documents\Projects\MARS-Summer-Research\data\raw\KolektorSDD2\train\11251.png,C:\Users\james\OneDrive - Lancaster University\Documents\Projects\MARS-Summer-Research\data\raw\KolektorSDD2\train\11251_GT.png
validation,train,11259,0,Normal,C:\Users\james\OneDrive - Lancaster University\Documents\Projects\MARS-Summer-Research\data\raw\KolektorSDD2\train\11259.png,C:\Users\james\OneDrive - Lancaster University\Documents\Projects\MARS-Summer-Research\data\raw\KolektorSDD2\train\11259_GT.png
validation,train,11260,0,Normal,C:\Users\james\OneDrive - Lancaster University\Documents\Projects\MARS-Summer-Research\data\raw\KolektorSDD2\train\11260.png,C:\Users\james\OneDrive - Lancaster University\Documents\Projects\MARS-Summer-Research\data\raw\KolektorSDD2\train\11260_GT.png
validation,train,11265,0,Normal,C:\Users\james\OneDrive - Lancaster University\Documents\Projects\MARS-Summer-Research\data\raw\KolektorSDD2\train\11265.png,C:\Users\james\OneDrive - Lancaster University\Documents\Projects\MARS-Summer-Research\data\raw\KolektorSDD2\train\11265_GT.png
validation,train,11266,0,Normal,C:\Users\james\OneDrive - Lancaster University\Documents\Projects\MARS-Summer-Research\data\raw\KolektorSDD2\train\11266.png,C:\Users\james\OneDrive - Lancaster University\Documents\Projects\MARS-Summer-Research\data\raw\KolektorSDD2\train\11266_GT.png
validation,train,11274,0,Normal,C:\Users\james\OneDrive - Lancaster University\Documents\Projects\MARS-Summer-Research\data\raw\KolektorSDD2\train\11274.png,C:\Users\james\OneDrive - Lancaster University\Documents\Projects\MARS-Summer-Research\data\raw\KolektorSDD2\train\11274_GT.png
validation,train,11278,0,Normal,C:\Users\james\OneDrive - Lancaster University\Documents\Projects\MARS-Summer-Research\data\raw\KolektorSDD2\train\11278.png,C:\Users\james\OneDrive - Lancaster University\Documents\Projects\MARS-Summer-Research\data\raw\KolektorSDD2\train\11278_GT.png
validation,train,11282,1,Defective,C:\Users\james\OneDrive - Lancaster University\Documents\Projects\MARS-Summer-Research\data\raw\KolektorSDD2\train\11282.png,C:\Users\james\OneDrive - Lancaster University\Documents\Projects\MARS-Summer-Research\data\raw\KolektorSDD2\train\11282_GT.png
validation,train,11284,0,Normal,C:\Users\james\OneDrive - Lancaster University\Documents\Projects\MARS-Summer-Research\data\raw\KolektorSDD2\train\11284.png,C:\Users\james\OneDrive - Lancaster University\Documents\Projects\MARS-Summer-Research\data\raw\KolektorSDD2\train\11284_GT.png
validation,train,11285,0,Normal,C:\Users\james\OneDrive - Lancaster University\Documents\Projects\MARS-Summer-Research\data\raw\KolektorSDD2\train\11285.png,C:\Users\james\OneDrive - Lancaster University\Documents\Projects\MARS-Summer-Research\data\raw\KolektorSDD2\train\11285_GT.png
validation,train,11286,0,Normal,C:\Users\james\OneDrive - Lancaster University\Documents\Projects\MARS-Summer-Research\data\raw\KolektorSDD2\train\11286.png,C:\Users\james\OneDrive - Lancaster University\Documents\Projects\MARS-Summer-Research\data\raw\KolektorSDD2\train\11286_GT.png
validation,train,11290,0,Normal,C:\Users\james\OneDrive - Lancaster University\Documents\Projects\MARS-Summer-Research\data\raw\KolektorSDD2\train\11290.png,C:\Users\james\OneDrive - Lancaster University\Documents\Projects\MARS-Summer-Research\data\raw\KolektorSDD2\train\11290_GT.png
validation,train,11294,0,Normal,C:\Users\james\OneDrive - Lancaster University\Documents\Projects\MARS-Summer-Research\data\raw\KolektorSDD2\train\11294.png,C:\Users\james\OneDrive - Lancaster University\Documents\Projects\MARS-Summer-Research\data\raw\KolektorSDD2\train\11294_GT.png
validation,train,11304,0,Normal,C:\Users\james\OneDrive - Lancaster University\Documents\Projects\MARS-Summer-Research\data\raw\KolektorSDD2\train\11304.png,C:\Users\james\OneDrive - Lancaster University\Documents\Projects\MARS-Summer-Research\data\raw\KolektorSDD2\train\11304_GT.png
validation,train,11313,0,Normal,C:\Users\james\OneDrive - Lancaster University\Documents\Projects\MARS-Summer-Research\data\raw\KolektorSDD2\train\11313.png,C:\Users\james\OneDrive - Lancaster University\Documents\Projects\MARS-Summer-Research\data\raw\KolektorSDD2\train\11313_GT.png
validation,train,11317,0,Normal,C:\Users\james\OneDrive - Lancaster University\Documents\Projects\MARS-Summer-Research\data\raw\KolektorSDD2\train\11317.png,C:\Users\james\OneDrive - Lancaster University\Documents\Projects\MARS-Summer-Research\data\raw\KolektorSDD2\train\11317_GT.png
validation,train,11318,0,Normal,C:\Users\james\OneDrive - Lancaster University\Documents\Projects\MARS-Summer-Research\data\raw\KolektorSDD2\train\11318.png,C:\Users\james\OneDrive - Lancaster University\Documents\Projects\MARS-Summer-Research\data\raw\KolektorSDD2\train\11318_GT.png
validation,train,11320,0,Normal,C:\Users\james\OneDrive - Lancaster University\Documents\Projects\MARS-Summer-Research\data\raw\KolektorSDD2\train\11320.png,C:\Users\james\OneDrive - Lancaster University\Documents\Projects\MARS-Summer-Research\data\raw\KolektorSDD2\train\11320_GT.png
validation,train,11328,0,Normal,C:\Users\james\OneDrive - Lancaster University\Documents\Projects\MARS-Summer-Research\data\raw\KolektorSDD2\train\11328.png,C:\Users\james\OneDrive - Lancaster University\Documents\Projects\MARS-Summer-Research\data\raw\KolektorSDD2\train\11328_GT.png
validation,train,11329,0,Normal,C:\Users\james\OneDrive - Lancaster University\Documents\Projects\MARS-Summer-Research\data\raw\KolektorSDD2\train\11329.png,C:\Users\james\OneDrive - Lancaster University\Documents\Projects\MARS-Summer-Research\data\raw\KolektorSDD2\train\11329_GT.png
validation,train,11342,0,Normal,C:\Users\james\OneDrive - Lancaster University\Documents\Projects\MARS-Summer-Research\data\raw\KolektorSDD2\train\11342.png,C:\Users\james\OneDrive - Lancaster University\Documents\Projects\MARS-Summer-Research\data\raw\KolektorSDD2\train\11342_GT.png
validation,train,11352,0,Normal,C:\Users\james\OneDrive - Lancaster University\Documents\Projects\MARS-Summer-Research\data\raw\KolektorSDD2\train\11352.png,C:\Users\james\OneDrive - Lancaster University\Documents\Projects\MARS-Summer-Research\data\raw\KolektorSDD2\train\11352_GT.png
validation,train,11355,0,Normal,C:\Users\james\OneDrive - Lancaster University\Documents\Projects\MARS-Summer-Research\data\raw\KolektorSDD2\train\11355.png,C:\Users\james\OneDrive - Lancaster University\Documents\Projects\MARS-Summer-Research\data\raw\KolektorSDD2\train\11355_GT.png
validation,train,11362,0,Normal,C:\Users\james\OneDrive - Lancaster University\Documents\Projects\MARS-Summer-Research\data\raw\KolektorSDD2\train\11362.png,C:\Users\james\OneDrive - Lancaster University\Documents\Projects\MARS-Summer-Research\data\raw\KolektorSDD2\train\11362_GT.png
validation,train,11378,0,Normal,C:\Users\james\OneDrive - Lancaster University\Documents\Projects\MARS-Summer-Research\data\raw\KolektorSDD2\train\11378.png,C:\Users\james\OneDrive - Lancaster University\Documents\Projects\MARS-Summer-Research\data\raw\KolektorSDD2\train\11378_GT.png
validation,train,11381,0,Normal,C:\Users\james\OneDrive - Lancaster University\Documents\Projects\MARS-Summer-Research\data\raw\KolektorSDD2\train\11381.png,C:\Users\james\OneDrive - Lancaster University\Documents\Projects\MARS-Summer-Research\data\raw\KolektorSDD2\train\11381_GT.png
validation,train,11383,0,Normal,C:\Users\james\OneDrive - Lancaster University\Documents\Projects\MARS-Summer-Research\data\raw\KolektorSDD2\train\11383.png,C:\Users\james\OneDrive - Lancaster University\Documents\Projects\MARS-Summer-Research\data\raw\KolektorSDD2\train\11383_GT.png
validation,train,11386,1,Defective,C:\Users\james\OneDrive - Lancaster University\Documents\Projects\MARS-Summer-Research\data\raw\KolektorSDD2\train\11386.png,C:\Users\james\OneDrive - Lancaster University\Documents\Projects\MARS-Summer-Research\data\raw\KolektorSDD2\train\11386_GT.png
validation,train,11388,1,Defective,C:\Users\james\OneDrive - Lancaster University\Documents\Projects\MARS-Summer-Research\data\raw\KolektorSDD2\train\11388.png,C:\Users\james\OneDrive - Lancaster University\Documents\Projects\MARS-Summer-Research\data\raw\KolektorSDD2\train\11388_GT.png
validation,train,11390,0,Normal,C:\Users\james\OneDrive - Lancaster University\Documents\Projects\MARS-Summer-Research\data\raw\KolektorSDD2\train\11390.png,C:\Users\james\OneDrive - Lancaster University\Documents\Projects\MARS-Summer-Research\data\raw\KolektorSDD2\train\11390_GT.png
validation,train,11392,0,Normal,C:\Users\james\OneDrive - Lancaster University\Documents\Projects\MARS-Summer-Research\data\raw\KolektorSDD2\train\11392.png,C:\Users\james\OneDrive - Lancaster University\Documents\Projects\MARS-Summer-Research\data\raw\KolektorSDD2\train\11392_GT.png
validation,train,11396,0,Normal,C:\Users\james\OneDrive - Lancaster University\Documents\Projects\MARS-Summer-Research\data\raw\KolektorSDD2\train\11396.png,C:\Users\james\OneDrive - Lancaster University\Documents\Projects\MARS-Summer-Research\data\raw\KolektorSDD2\train\11396_GT.png
validation,train,11399,0,Normal,C:\Users\james\OneDrive - Lancaster University\Documents\Projects\MARS-Summer-Research\data\raw\KolektorSDD2\train\11399.png,C:\Users\james\OneDrive - Lancaster University\Documents\Projects\MARS-Summer-Research\data\raw\KolektorSDD2\train\11399_GT.png
validation,train,11400,0,Normal,C:\Users\james\OneDrive - Lancaster University\Documents\Projects\MARS-Summer-Research\data\raw\KolektorSDD2\train\11400.png,C:\Users\james\OneDrive - Lancaster University\Documents\Projects\MARS-Summer-Research\data\raw\KolektorSDD2\train\11400_GT.png
validation,train,11408,0,Normal,C:\Users\james\OneDrive - Lancaster University\Documents\Projects\MARS-Summer-Research\data\raw\KolektorSDD2\train\11408.png,C:\Users\james\OneDrive - Lancaster University\Documents\Projects\MARS-Summer-Research\data\raw\KolektorSDD2\train\11408_GT.png
validation,train,11410,0,Normal,C:\Users\james\OneDrive - Lancaster University\Documents\Projects\MARS-Summer-Research\data\raw\KolektorSDD2\train\11410.png,C:\Users\james\OneDrive - Lancaster University\Documents\Projects\MARS-Summer-Research\data\raw\KolektorSDD2\train\11410_GT.png
validation,train,11411,0,Normal,C:\Users\james\OneDrive - Lancaster University\Documents\Projects\MARS-Summer-Research\data\raw\KolektorSDD2\train\11411.png,C:\Users\james\OneDrive - Lancaster University\Documents\Projects\MARS-Summer-Research\data\raw\KolektorSDD2\train\11411_GT.png
validation,train,11420,0,Normal,C:\Users\james\OneDrive - Lancaster University\Documents\Projects\MARS-Summer-Research\data\raw\KolektorSDD2\train\11420.png,C:\Users\james\OneDrive - Lancaster University\Documents\Projects\MARS-Summer-Research\data\raw\KolektorSDD2\train\11420_GT.png
validation,train,11427,0,Normal,C:\Users\james\OneDrive - Lancaster University\Documents\Projects\MARS-Summer-Research\data\raw\KolektorSDD2\train\11427.png,C:\Users\james\OneDrive - Lancaster University\Documents\Projects\MARS-Summer-Research\data\raw\KolektorSDD2\train\11427_GT.png
validation,train,11432,1,Defective,C:\Users\james\OneDrive - Lancaster University\Documents\Projects\MARS-Summer-Research\data\raw\KolektorSDD2\train\11432.png,C:\Users\james\OneDrive - Lancaster University\Documents\Projects\MARS-Summer-Research\data\raw\KolektorSDD2\train\11432_GT.png
validation,train,11438,0,Normal,C:\Users\james\OneDrive - Lancaster University\Documents\Projects\MARS-Summer-Research\data\raw\KolektorSDD2\train\11438.png,C:\Users\james\OneDrive - Lancaster University\Documents\Projects\MARS-Summer-Research\data\raw\KolektorSDD2\train\11438_GT.png
validation,train,11441,0,Normal,C:\Users\james\OneDrive - Lancaster University\Documents\Projects\MARS-Summer-Research\data\raw\KolektorSDD2\train\11441.png,C:\Users\james\OneDrive - Lancaster University\Documents\Projects\MARS-Summer-Research\data\raw\KolektorSDD2\train\11441_GT.png
validation,train,11445,0,Normal,C:\Users\james\OneDrive - Lancaster University\Documents\Projects\MARS-Summer-Research\data\raw\KolektorSDD2\train\11445.png,C:\Users\james\OneDrive - Lancaster University\Documents\Projects\MARS-Summer-Research\data\raw\KolektorSDD2\train\11445_GT.png
validation,train,11449,0,Normal,C:\Users\james\OneDrive - Lancaster University\Documents\Projects\MARS-Summer-Research\data\raw\KolektorSDD2\train\11449.png,C:\Users\james\OneDrive - Lancaster University\Documents\Projects\MARS-Summer-Research\data\raw\KolektorSDD2\train\11449_GT.png
validation,train,11455,0,Normal,C:\Users\james\OneDrive - Lancaster University\Documents\Projects\MARS-Summer-Research\data\raw\KolektorSDD2\train\11455.png,C:\Users\james\OneDrive - Lancaster University\Documents\Projects\MARS-Summer-Research\data\raw\KolektorSDD2\train\11455_GT.png
validation,train,11471,0,Normal,C:\Users\james\OneDrive - Lancaster University\Documents\Projects\MARS-Summer-Research\data\raw\KolektorSDD2\train\11471.png,C:\Users\james\OneDrive - Lancaster University\Documents\Projects\MARS-Summer-Research\data\raw\KolektorSDD2\train\11471_GT.png
validation,train,11478,0,Normal,C:\Users\james\OneDrive - Lancaster University\Documents\Projects\MARS-Summer-Research\data\raw\KolektorSDD2\train\11478.png,C:\Users\james\OneDrive - Lancaster University\Documents\Projects\MARS-Summer-Research\data\raw\KolektorSDD2\train\11478_GT.png
validation,train,11503,0,Normal,C:\Users\james\OneDrive - Lancaster University\Documents\Projects\MARS-Summer-Research\data\raw\KolektorSDD2\train\11503.png,C:\Users\james\OneDrive - Lancaster University\Documents\Projects\MARS-Summer-Research\data\raw\KolektorSDD2\train\11503_GT.png
validation,train,11509,0,Normal,C:\Users\james\OneDrive - Lancaster University\Documents\Projects\MARS-Summer-Research\data\raw\KolektorSDD2\train\11509.png,C:\Users\james\OneDrive - Lancaster University\Documents\Projects\MARS-Summer-Research\data\raw\KolektorSDD2\train\11509_GT.png
validation,train,11519,0,Normal,C:\Users\james\OneDrive - Lancaster University\Documents\Projects\MARS-Summer-Research\data\raw\KolektorSDD2\train\11519.png,C:\Users\james\OneDrive - Lancaster University\Documents\Projects\MARS-Summer-Research\data\raw\KolektorSDD2\train\11519_GT.png
validation,train,11523,0,Normal,C:\Users\james\OneDrive - Lancaster University\Documents\Projects\MARS-Summer-Research\data\raw\KolektorSDD2\train\11523.png,C:\Users\james\OneDrive - Lancaster University\Documents\Projects\MARS-Summer-Research\data\raw\KolektorSDD2\train\11523_GT.png
validation,train,11525,0,Normal,C:\Users\james\OneDrive - Lancaster University\Documents\Projects\MARS-Summer-Research\data\raw\KolektorSDD2\train\11525.png,C:\Users\james\OneDrive - Lancaster University\Documents\Projects\MARS-Summer-Research\data\raw\KolektorSDD2\train\11525_GT.png
validation,train,11527,0,Normal,C:\Users\james\OneDrive - Lancaster University\Documents\Projects\MARS-Summer-Research\data\raw\KolektorSDD2\train\11527.png,C:\Users\james\OneDrive - Lancaster University\Documents\Projects\MARS-Summer-Research\data\raw\KolektorSDD2\train\11527_GT.png
validation,train,11528,0,Normal,C:\Users\james\OneDrive - Lancaster University\Documents\Projects\MARS-Summer-Research\data\raw\KolektorSDD2\train\11528.png,C:\Users\james\OneDrive - Lancaster University\Documents\Projects\MARS-Summer-Research\data\raw\KolektorSDD2\train\11528_GT.png
validation,train,11538,0,Normal,C:\Users\james\OneDrive - Lancaster University\Documents\Projects\MARS-Summer-Research\data\raw\KolektorSDD2\train\11538.png,C:\Users\james\OneDrive - Lancaster University\Documents\Projects\MARS-Summer-Research\data\raw\KolektorSDD2\train\11538_GT.png
validation,train,11545,0,Normal,C:\Users\james\OneDrive - Lancaster University\Documents\Projects\MARS-Summer-Research\data\raw\KolektorSDD2\train\11545.png,C:\Users\james\OneDrive - Lancaster University\Documents\Projects\MARS-Summer-Research\data\raw\KolektorSDD2\train\11545_GT.png
validation,train,11547,0,Normal,C:\Users\james\OneDrive - Lancaster University\Documents\Projects\MARS-Summer-Research\data\raw\KolektorSDD2\train\11547.png,C:\Users\james\OneDrive - Lancaster University\Documents\Projects\MARS-Summer-Research\data\raw\KolektorSDD2\train\11547_GT.png
validation,train,11553,1,Defective,C:\Users\james\OneDrive - Lancaster University\Documents\Projects\MARS-Summer-Research\data\raw\KolektorSDD2\train\11553.png,C:\Users\james\OneDrive - Lancaster University\Documents\Projects\MARS-Summer-Research\data\raw\KolektorSDD2\train\11553_GT.png
validation,train,11555,0,Normal,C:\Users\james\OneDrive - Lancaster University\Documents\Projects\MARS-Summer-Research\data\raw\KolektorSDD2\train\11555.png,C:\Users\james\OneDrive - Lancaster University\Documents\Projects\MARS-Summer-Research\data\raw\KolektorSDD2\train\11555_GT.png
validation,train,11556,0,Normal,C:\Users\james\OneDrive - Lancaster University\Documents\Projects\MARS-Summer-Research\data\raw\KolektorSDD2\train\11556.png,C:\Users\james\OneDrive - Lancaster University\Documents\Projects\MARS-Summer-Research\data\raw\KolektorSDD2\train\11556_GT.png
validation,train,11557,0,Normal,C:\Users\james\OneDrive - Lancaster University\Documents\Projects\MARS-Summer-Research\data\raw\KolektorSDD2\train\11557.png,C:\Users\james\OneDrive - Lancaster University\Documents\Projects\MARS-Summer-Research\data\raw\KolektorSDD2\train\11557_GT.png
validation,train,11559,0,Normal,C:\Users\james\OneDrive - Lancaster University\Documents\Projects\MARS-Summer-Research\data\raw\KolektorSDD2\train\11559.png,C:\Users\james\OneDrive - Lancaster University\Documents\Projects\MARS-Summer-Research\data\raw\KolektorSDD2\train\11559_GT.png
validation,train,11567,0,Normal,C:\Users\james\OneDrive - Lancaster University\Documents\Projects\MARS-Summer-Research\data\raw\KolektorSDD2\train\11567.png,C:\Users\james\OneDrive - Lancaster University\Documents\Projects\MARS-Summer-Research\data\raw\KolektorSDD2\train\11567_GT.png
validation,train,11569,0,Normal,C:\Users\james\OneDrive - Lancaster University\Documents\Projects\MARS-Summer-Research\data\raw\KolektorSDD2\train\11569.png,C:\Users\james\OneDrive - Lancaster University\Documents\Projects\MARS-Summer-Research\data\raw\KolektorSDD2\train\11569_GT.png
validation,train,11570,0,Normal,C:\Users\james\OneDrive - Lancaster University\Documents\Projects\MARS-Summer-Research\data\raw\KolektorSDD2\train\11570.png,C:\Users\james\OneDrive - Lancaster University\Documents\Projects\MARS-Summer-Research\data\raw\KolektorSDD2\train\11570_GT.png
validation,train,11571,0,Normal,C:\Users\james\OneDrive - Lancaster University\Documents\Projects\MARS-Summer-Research\data\raw\KolektorSDD2\train\11571.png,C:\Users\james\OneDrive - Lancaster University\Documents\Projects\MARS-Summer-Research\data\raw\KolektorSDD2\train\11571_GT.png
validation,train,11573,1,Defective,C:\Users\james\OneDrive - Lancaster University\Documents\Projects\MARS-Summer-Research\data\raw\KolektorSDD2\train\11573.png,C:\Users\james\OneDrive - Lancaster University\Documents\Projects\MARS-Summer-Research\data\raw\KolektorSDD2\train\11573_GT.png
validation,train,11575,0,Normal,C:\Users\james\OneDrive - Lancaster University\Documents\Projects\MARS-Summer-Research\data\raw\KolektorSDD2\train\11575.png,C:\Users\james\OneDrive - Lancaster University\Documents\Projects\MARS-Summer-Research\data\raw\KolektorSDD2\train\11575_GT.png
validation,train,11577,0,Normal,C:\Users\james\OneDrive - Lancaster University\Documents\Projects\MARS-Summer-Research\data\raw\KolektorSDD2\train\11577.png,C:\Users\james\OneDrive - Lancaster University\Documents\Projects\MARS-Summer-Research\data\raw\KolektorSDD2\train\11577_GT.png
validation,train,11591,0,Normal,C:\Users\james\OneDrive - Lancaster University\Documents\Projects\MARS-Summer-Research\data\raw\KolektorSDD2\train\11591.png,C:\Users\james\OneDrive - Lancaster University\Documents\Projects\MARS-Summer-Research\data\raw\KolektorSDD2\train\11591_GT.png
validation,train,11595,0,Normal,C:\Users\james\OneDrive - Lancaster University\Documents\Projects\MARS-Summer-Research\data\raw\KolektorSDD2\train\11595.png,C:\Users\james\OneDrive - Lancaster University\Documents\Projects\MARS-Summer-Research\data\raw\KolektorSDD2\train\11595_GT.png
validation,train,11599,0,Normal,C:\Users\james\OneDrive - Lancaster University\Documents\Projects\MARS-Summer-Research\data\raw\KolektorSDD2\train\11599.png,C:\Users\james\OneDrive - Lancaster University\Documents\Projects\MARS-Summer-Research\data\raw\KolektorSDD2\train\11599_GT.png
validation,train,11604,0,Normal,C:\Users\james\OneDrive - Lancaster University\Documents\Projects\MARS-Summer-Research\data\raw\KolektorSDD2\train\11604.png,C:\Users\james\OneDrive - Lancaster University\Documents\Projects\MARS-Summer-Research\data\raw\KolektorSDD2\train\11604_GT.png
validation,train,11605,0,Normal,C:\Users\james\OneDrive - Lancaster University\Documents\Projects\MARS-Summer-Research\data\raw\KolektorSDD2\train\11605.png,C:\Users\james\OneDrive - Lancaster University\Documents\Projects\MARS-Summer-Research\data\raw\KolektorSDD2\train\11605_GT.png
validation,train,11609,0,Normal,C:\Users\james\OneDrive - Lancaster University\Documents\Projects\MARS-Summer-Research\data\raw\KolektorSDD2\train\11609.png,C:\Users\james\OneDrive - Lancaster University\Documents\Projects\MARS-Summer-Research\data\raw\KolektorSDD2\train\11609_GT.png
validation,train,11611,0,Normal,C:\Users\james\OneDrive - Lancaster University\Documents\Projects\MARS-Summer-Research\data\raw\KolektorSDD2\train\11611.png,C:\Users\james\OneDrive - Lancaster University\Documents\Projects\MARS-Summer-Research\data\raw\KolektorSDD2\train\11611_GT.png
validation,train,11619,0,Normal,C:\Users\james\OneDrive - Lancaster University\Documents\Projects\MARS-Summer-Research\data\raw\KolektorSDD2\train\11619.png,C:\Users\james\OneDrive - Lancaster University\Documents\Projects\MARS-Summer-Research\data\raw\KolektorSDD2\train\11619_GT.png
validation,train,11629,1,Defective,C:\Users\james\OneDrive - Lancaster University\Documents\Projects\MARS-Summer-Research\data\raw\KolektorSDD2\train\11629.png,C:\Users\james\OneDrive - Lancaster University\Documents\Projects\MARS-Summer-Research\data\raw\KolektorSDD2\train\11629_GT.png
validation,train,11631,0,Normal,C:\Users\james\OneDrive - Lancaster University\Documents\Projects\MARS-Summer-Research\data\raw\KolektorSDD2\train\11631.png,C:\Users\james\OneDrive - Lancaster University\Documents\Projects\MARS-Summer-Research\data\raw\KolektorSDD2\train\11631_GT.png
validation,train,11651,0,Normal,C:\Users\james\OneDrive - Lancaster University\Documents\Projects\MARS-Summer-Research\data\raw\KolektorSDD2\train\11651.png,C:\Users\james\OneDrive - Lancaster University\Documents\Projects\MARS-Summer-Research\data\raw\KolektorSDD2\train\11651_GT.png
validation,train,11652,0,Normal,C:\Users\james\OneDrive - Lancaster University\Documents\Projects\MARS-Summer-Research\data\raw\KolektorSDD2\train\11652.png,C:\Users\james\OneDrive - Lancaster University\Documents\Projects\MARS-Summer-Research\data\raw\KolektorSDD2\train\11652_GT.png
validation,train,11655,0,Normal,C:\Users\james\OneDrive - Lancaster University\Documents\Projects\MARS-Summer-Research\data\raw\KolektorSDD2\train\11655.png,C:\Users\james\OneDrive - Lancaster University\Documents\Projects\MARS-Summer-Research\data\raw\KolektorSDD2\train\11655_GT.png
validation,train,11657,0,Normal,C:\Users\james\OneDrive - Lancaster University\Documents\Projects\MARS-Summer-Research\data\raw\KolektorSDD2\train\11657.png,C:\Users\james\OneDrive - Lancaster University\Documents\Projects\MARS-Summer-Research\data\raw\KolektorSDD2\train\11657_GT.png
validation,train,11659,0,Normal,C:\Users\james\OneDrive - Lancaster University\Documents\Projects\MARS-Summer-Research\data\raw\KolektorSDD2\train\11659.png,C:\Users\james\OneDrive - Lancaster University\Documents\Projects\MARS-Summer-Research\data\raw\KolektorSDD2\train\11659_GT.png
validation,train,11669,1,Defective,C:\Users\james\OneDrive - Lancaster University\Documents\Projects\MARS-Summer-Research\data\raw\KolektorSDD2\train\11669.png,C:\Users\james\OneDrive - Lancaster University\Documents\Projects\MARS-Summer-Research\data\raw\KolektorSDD2\train\11669_GT.png
validation,train,11672,0,Normal,C:\Users\james\OneDrive - Lancaster University\Documents\Projects\MARS-Summer-Research\data\raw\KolektorSDD2\train\11672.png,C:\Users\james\OneDrive - Lancaster University\Documents\Projects\MARS-Summer-Research\data\raw\KolektorSDD2\train\11672_GT.png
validation,train,11673,0,Normal,C:\Users\james\OneDrive - Lancaster University\Documents\Projects\MARS-Summer-Research\data\raw\KolektorSDD2\train\11673.png,C:\Users\james\OneDrive - Lancaster University\Documents\Projects\MARS-Summer-Research\data\raw\KolektorSDD2\train\11673_GT.png
validation,train,11677,0,Normal,C:\Users\james\OneDrive - Lancaster University\Documents\Projects\MARS-Summer-Research\data\raw\KolektorSDD2\train\11677.png,C:\Users\james\OneDrive - Lancaster University\Documents\Projects\MARS-Summer-Research\data\raw\KolektorSDD2\train\11677_GT.png
validation,train,11681,0,Normal,C:\Users\james\OneDrive - Lancaster University\Documents\Projects\MARS-Summer-Research\data\raw\KolektorSDD2\train\11681.png,C:\Users\james\OneDrive - Lancaster University\Documents\Projects\MARS-Summer-Research\data\raw\KolektorSDD2\train\11681_GT.png
validation,train,11690,0,Normal,C:\Users\james\OneDrive - Lancaster University\Documents\Projects\MARS-Summer-Research\data\raw\KolektorSDD2\train\11690.png,C:\Users\james\OneDrive - Lancaster University\Documents\Projects\MARS-Summer-Research\data\raw\KolektorSDD2\train\11690_GT.png
validation,train,11692,0,Normal,C:\Users\james\OneDrive - Lancaster University\Documents\Projects\MARS-Summer-Research\data\raw\KolektorSDD2\train\11692.png,C:\Users\james\OneDrive - Lancaster University\Documents\Projects\MARS-Summer-Research\data\raw\KolektorSDD2\train\11692_GT.png
validation,train,11698,0,Normal,C:\Users\james\OneDrive - Lancaster University\Documents\Projects\MARS-Summer-Research\data\raw\KolektorSDD2\train\11698.png,C:\Users\james\OneDrive - Lancaster University\Documents\Projects\MARS-Summer-Research\data\raw\KolektorSDD2\train\11698_GT.png
validation,train,11700,0,Normal,C:\Users\james\OneDrive - Lancaster University\Documents\Projects\MARS-Summer-Research\data\raw\KolektorSDD2\train\11700.png,C:\Users\james\OneDrive - Lancaster University\Documents\Projects\MARS-Summer-Research\data\raw\KolektorSDD2\train\11700_GT.png
validation,train,11705,0,Normal,C:\Users\james\OneDrive - Lancaster University\Documents\Projects\MARS-Summer-Research\data\raw\KolektorSDD2\train\11705.png,C:\Users\james\OneDrive - Lancaster University\Documents\Projects\MARS-Summer-Research\data\raw\KolektorSDD2\train\11705_GT.png
validation,train,11706,0,Normal,C:\Users\james\OneDrive - Lancaster University\Documents\Projects\MARS-Summer-Research\data\raw\KolektorSDD2\train\11706.png,C:\Users\james\OneDrive - Lancaster University\Documents\Projects\MARS-Summer-Research\data\raw\KolektorSDD2\train\11706_GT.png
validation,train,11707,0,Normal,C:\Users\james\OneDrive - Lancaster University\Documents\Projects\MARS-Summer-Research\data\raw\KolektorSDD2\train\11707.png,C:\Users\james\OneDrive - Lancaster University\Documents\Projects\MARS-Summer-Research\data\raw\KolektorSDD2\train\11707_GT.png
validation,train,11712,0,Normal,C:\Users\james\OneDrive - Lancaster University\Documents\Projects\MARS-Summer-Research\data\raw\KolektorSDD2\train\11712.png,C:\Users\james\OneDrive - Lancaster University\Documents\Projects\MARS-Summer-Research\data\raw\KolektorSDD2\train\11712_GT.png
validation,train,11714,0,Normal,C:\Users\james\OneDrive - Lancaster University\Documents\Projects\MARS-Summer-Research\data\raw\KolektorSDD2\train\11714.png,C:\Users\james\OneDrive - Lancaster University\Documents\Projects\MARS-Summer-Research\data\raw\KolektorSDD2\train\11714_GT.png
validation,train,11715,0,Normal,C:\Users\james\OneDrive - Lancaster University\Documents\Projects\MARS-Summer-Research\data\raw\KolektorSDD2\train\11715.png,C:\Users\james\OneDrive - Lancaster University\Documents\Projects\MARS-Summer-Research\data\raw\KolektorSDD2\train\11715_GT.png
validation,train,11719,0,Normal,C:\Users\james\OneDrive - Lancaster University\Documents\Projects\MARS-Summer-Research\data\raw\KolektorSDD2\train\11719.png,C:\Users\james\OneDrive - Lancaster University\Documents\Projects\MARS-Summer-Research\data\raw\KolektorSDD2\train\11719_GT.png
validation,train,11753,0,Normal,C:\Users\james\OneDrive - Lancaster University\Documents\Projects\MARS-Summer-Research\data\raw\KolektorSDD2\train\11753.png,C:\Users\james\OneDrive - Lancaster University\Documents\Projects\MARS-Summer-Research\data\raw\KolektorSDD2\train\11753_GT.png
validation,train,11761,0,Normal,C:\Users\james\OneDrive - Lancaster University\Documents\Projects\MARS-Summer-Research\data\raw\KolektorSDD2\train\11761.png,C:\Users\james\OneDrive - Lancaster University\Documents\Projects\MARS-Summer-Research\data\raw\KolektorSDD2\train\11761_GT.png
validation,train,11763,0,Normal,C:\Users\james\OneDrive - Lancaster University\Documents\Projects\MARS-Summer-Research\data\raw\KolektorSDD2\train\11763.png,C:\Users\james\OneDrive - Lancaster University\Documents\Projects\MARS-Summer-Research\data\raw\KolektorSDD2\train\11763_GT.png
validation,train,11769,0,Normal,C:\Users\james\OneDrive - Lancaster University\Documents\Projects\MARS-Summer-Research\data\raw\KolektorSDD2\train\11769.png,C:\Users\james\OneDrive - Lancaster University\Documents\Projects\MARS-Summer-Research\data\raw\KolektorSDD2\train\11769_GT.png
validation,train,11774,0,Normal,C:\Users\james\OneDrive - Lancaster University\Documents\Projects\MARS-Summer-Research\data\raw\KolektorSDD2\train\11774.png,C:\Users\james\OneDrive - Lancaster University\Documents\Projects\MARS-Summer-Research\data\raw\KolektorSDD2\train\11774_GT.png
validation,train,11781,0,Normal,C:\Users\james\OneDrive - Lancaster University\Documents\Projects\MARS-Summer-Research\data\raw\KolektorSDD2\train\11781.png,C:\Users\james\OneDrive - Lancaster University\Documents\Projects\MARS-Summer-Research\data\raw\KolektorSDD2\train\11781_GT.png
validation,train,11783,0,Normal,C:\Users\james\OneDrive - Lancaster University\Documents\Projects\MARS-Summer-Research\data\raw\KolektorSDD2\train\11783.png,C:\Users\james\OneDrive - Lancaster University\Documents\Projects\MARS-Summer-Research\data\raw\KolektorSDD2\train\11783_GT.png
validation,train,11784,0,Normal,C:\Users\james\OneDrive - Lancaster University\Documents\Projects\MARS-Summer-Research\data\raw\KolektorSDD2\train\11784.png,C:\Users\james\OneDrive - Lancaster University\Documents\Projects\MARS-Summer-Research\data\raw\KolektorSDD2\train\11784_GT.png
validation,train,11789,0,Normal,C:\Users\james\OneDrive - Lancaster University\Documents\Projects\MARS-Summer-Research\data\raw\KolektorSDD2\train\11789.png,C:\Users\james\OneDrive - Lancaster University\Documents\Projects\MARS-Summer-Research\data\raw\KolektorSDD2\train\11789_GT.png
validation,train,11810,1,Defective,C:\Users\james\OneDrive - Lancaster University\Documents\Projects\MARS-Summer-Research\data\raw\KolektorSDD2\train\11810.png,C:\Users\james\OneDrive - Lancaster University\Documents\Projects\MARS-Summer-Research\data\raw\KolektorSDD2\train\11810_GT.png
validation,train,11821,0,Normal,C:\Users\james\OneDrive - Lancaster University\Documents\Projects\MARS-Summer-Research\data\raw\KolektorSDD2\train\11821.png,C:\Users\james\OneDrive - Lancaster University\Documents\Projects\MARS-Summer-Research\data\raw\KolektorSDD2\train\11821_GT.png
validation,train,11822,0,Normal,C:\Users\james\OneDrive - Lancaster University\Documents\Projects\MARS-Summer-Research\data\raw\KolektorSDD2\train\11822.png,C:\Users\james\OneDrive - Lancaster University\Documents\Projects\MARS-Summer-Research\data\raw\KolektorSDD2\train\11822_GT.png
validation,train,11823,0,Normal,C:\Users\james\OneDrive - Lancaster University\Documents\Projects\MARS-Summer-Research\data\raw\KolektorSDD2\train\11823.png,C:\Users\james\OneDrive - Lancaster University\Documents\Projects\MARS-Summer-Research\data\raw\KolektorSDD2\train\11823_GT.png
validation,train,11824,0,Normal,C:\Users\james\OneDrive - Lancaster University\Documents\Projects\MARS-Summer-Research\data\raw\KolektorSDD2\train\11824.png,C:\Users\james\OneDrive - Lancaster University\Documents\Projects\MARS-Summer-Research\data\raw\KolektorSDD2\train\11824_GT.png
validation,train,11826,0,Normal,C:\Users\james\OneDrive - Lancaster University\Documents\Projects\MARS-Summer-Research\data\raw\KolektorSDD2\train\11826.png,C:\Users\james\OneDrive - Lancaster University\Documents\Projects\MARS-Summer-Research\data\raw\KolektorSDD2\train\11826_GT.png
validation,train,11828,0,Normal,C:\Users\james\OneDrive - Lancaster University\Documents\Projects\MARS-Summer-Research\data\raw\KolektorSDD2\train\11828.png,C:\Users\james\OneDrive - Lancaster University\Documents\Projects\MARS-Summer-Research\data\raw\KolektorSDD2\train\11828_GT.png
validation,train,11834,0,Normal,C:\Users\james\OneDrive - Lancaster University\Documents\Projects\MARS-Summer-Research\data\raw\KolektorSDD2\train\11834.png,C:\Users\james\OneDrive - Lancaster University\Documents\Projects\MARS-Summer-Research\data\raw\KolektorSDD2\train\11834_GT.png
validation,train,11836,1,Defective,C:\Users\james\OneDrive - Lancaster University\Documents\Projects\MARS-Summer-Research\data\raw\KolektorSDD2\train\11836.png,C:\Users\james\OneDrive - Lancaster University\Documents\Projects\MARS-Summer-Research\data\raw\KolektorSDD2\train\11836_GT.png
validation,train,11840,0,Normal,C:\Users\james\OneDrive - Lancaster University\Documents\Projects\MARS-Summer-Research\data\raw\KolektorSDD2\train\11840.png,C:\Users\james\OneDrive - Lancaster University\Documents\Projects\MARS-Summer-Research\data\raw\KolektorSDD2\train\11840_GT.png
validation,train,11854,0,Normal,C:\Users\james\OneDrive - Lancaster University\Documents\Projects\MARS-Summer-Research\data\raw\KolektorSDD2\train\11854.png,C:\Users\james\OneDrive - Lancaster University\Documents\Projects\MARS-Summer-Research\data\raw\KolektorSDD2\train\11854_GT.png
validation,train,11856,0,Normal,C:\Users\james\OneDrive - Lancaster University\Documents\Projects\MARS-Summer-Research\data\raw\KolektorSDD2\train\11856.png,C:\Users\james\OneDrive - Lancaster University\Documents\Projects\MARS-Summer-Research\data\raw\KolektorSDD2\train\11856_GT.png
validation,train,11858,1,Defective,C:\Users\james\OneDrive - Lancaster University\Documents\Projects\MARS-Summer-Research\data\raw\KolektorSDD2\train\11858.png,C:\Users\james\OneDrive - Lancaster University\Documents\Projects\MARS-Summer-Research\data\raw\KolektorSDD2\train\11858_GT.png
validation,train,11870,1,Defective,C:\Users\james\OneDrive - Lancaster University\Documents\Projects\MARS-Summer-Research\data\raw\KolektorSDD2\train\11870.png,C:\Users\james\OneDrive - Lancaster University\Documents\Projects\MARS-Summer-Research\data\raw\KolektorSDD2\train\11870_GT.png
validation,train,11871,0,Normal,C:\Users\james\OneDrive - Lancaster University\Documents\Projects\MARS-Summer-Research\data\raw\KolektorSDD2\train\11871.png,C:\Users\james\OneDrive - Lancaster University\Documents\Projects\MARS-Summer-Research\data\raw\KolektorSDD2\train\11871_GT.png
validation,train,11875,0,Normal,C:\Users\james\OneDrive - Lancaster University\Documents\Projects\MARS-Summer-Research\data\raw\KolektorSDD2\train\11875.png,C:\Users\james\OneDrive - Lancaster University\Documents\Projects\MARS-Summer-Research\data\raw\KolektorSDD2\train\11875_GT.png
validation,train,11879,0,Normal,C:\Users\james\OneDrive - Lancaster University\Documents\Projects\MARS-Summer-Research\data\raw\KolektorSDD2\train\11879.png,C:\Users\james\OneDrive - Lancaster University\Documents\Projects\MARS-Summer-Research\data\raw\KolektorSDD2\train\11879_GT.png
validation,train,11882,0,Normal,C:\Users\james\OneDrive - Lancaster University\Documents\Projects\MARS-Summer-Research\data\raw\KolektorSDD2\train\11882.png,C:\Users\james\OneDrive - Lancaster University\Documents\Projects\MARS-Summer-Research\data\raw\KolektorSDD2\train\11882_GT.png
validation,train,11884,1,Defective,C:\Users\james\OneDrive - Lancaster University\Documents\Projects\MARS-Summer-Research\data\raw\KolektorSDD2\train\11884.png,C:\Users\james\OneDrive - Lancaster University\Documents\Projects\MARS-Summer-Research\data\raw\KolektorSDD2\train\11884_GT.png
validation,train,11891,0,Normal,C:\Users\james\OneDrive - Lancaster University\Documents\Projects\MARS-Summer-Research\data\raw\KolektorSDD2\train\11891.png,C:\Users\james\OneDrive - Lancaster University\Documents\Projects\MARS-Summer-Research\data\raw\KolektorSDD2\train\11891_GT.png
validation,train,11893,0,Normal,C:\Users\james\OneDrive - Lancaster University\Documents\Projects\MARS-Summer-Research\data\raw\KolektorSDD2\train\11893.png,C:\Users\james\OneDrive - Lancaster University\Documents\Projects\MARS-Summer-Research\data\raw\KolektorSDD2\train\11893_GT.png
validation,train,11894,0,Normal,C:\Users\james\OneDrive - Lancaster University\Documents\Projects\MARS-Summer-Research\data\raw\KolektorSDD2\train\11894.png,C:\Users\james\OneDrive - Lancaster University\Documents\Projects\MARS-Summer-Research\data\raw\KolektorSDD2\train\11894_GT.png
validation,train,11896,0,Normal,C:\Users\james\OneDrive - Lancaster University\Documents\Projects\MARS-Summer-Research\data\raw\KolektorSDD2\train\11896.png,C:\Users\james\OneDrive - Lancaster University\Documents\Projects\MARS-Summer-Research\data\raw\KolektorSDD2\train\11896_GT.png
validation,train,11898,0,Normal,C:\Users\james\OneDrive - Lancaster University\Documents\Projects\MARS-Summer-Research\data\raw\KolektorSDD2\train\11898.png,C:\Users\james\OneDrive - Lancaster University\Documents\Projects\MARS-Summer-Research\data\raw\KolektorSDD2\train\11898_GT.png
validation,train,11899,1,Defective,C:\Users\james\OneDrive - Lancaster University\Documents\Projects\MARS-Summer-Research\data\raw\KolektorSDD2\train\11899.png,C:\Users\james\OneDrive - Lancaster University\Documents\Projects\MARS-Summer-Research\data\raw\KolektorSDD2\train\11899_GT.png
validation,train,11903,0,Normal,C:\Users\james\OneDrive - Lancaster University\Documents\Projects\MARS-Summer-Research\data\raw\KolektorSDD2\train\11903.png,C:\Users\james\OneDrive - Lancaster University\Documents\Projects\MARS-Summer-Research\data\raw\KolektorSDD2\train\11903_GT.png
validation,train,11907,0,Normal,C:\Users\james\OneDrive - Lancaster University\Documents\Projects\MARS-Summer-Research\data\raw\KolektorSDD2\train\11907.png,C:\Users\james\OneDrive - Lancaster University\Documents\Projects\MARS-Summer-Research\data\raw\KolektorSDD2\train\11907_GT.png
validation,train,11915,0,Normal,C:\Users\james\OneDrive - Lancaster University\Documents\Projects\MARS-Summer-Research\data\raw\KolektorSDD2\train\11915.png,C:\Users\james\OneDrive - Lancaster University\Documents\Projects\MARS-Summer-Research\data\raw\KolektorSDD2\train\11915_GT.png
validation,train,11916,0,Normal,C:\Users\james\OneDrive - Lancaster University\Documents\Projects\MARS-Summer-Research\data\raw\KolektorSDD2\train\11916.png,C:\Users\james\OneDrive - Lancaster University\Documents\Projects\MARS-Summer-Research\data\raw\KolektorSDD2\train\11916_GT.png
validation,train,11920,1,Defective,C:\Users\james\OneDrive - Lancaster University\Documents\Projects\MARS-Summer-Research\data\raw\KolektorSDD2\train\11920.png,C:\Users\james\OneDrive - Lancaster University\Documents\Projects\MARS-Summer-Research\data\raw\KolektorSDD2\train\11920_GT.png
validation,train,11928,0,Normal,C:\Users\james\OneDrive - Lancaster University\Documents\Projects\MARS-Summer-Research\data\raw\KolektorSDD2\train\11928.png,C:\Users\james\OneDrive - Lancaster University\Documents\Projects\MARS-Summer-Research\data\raw\KolektorSDD2\train\11928_GT.png
validation,train,11931,0,Normal,C:\Users\james\OneDrive - Lancaster University\Documents\Projects\MARS-Summer-Research\data\raw\KolektorSDD2\train\11931.png,C:\Users\james\OneDrive - Lancaster University\Documents\Projects\MARS-Summer-Research\data\raw\KolektorSDD2\train\11931_GT.png
validation,train,11932,0,Normal,C:\Users\james\OneDrive - Lancaster University\Documents\Projects\MARS-Summer-Research\data\raw\KolektorSDD2\train\11932.png,C:\Users\james\OneDrive - Lancaster University\Documents\Projects\MARS-Summer-Research\data\raw\KolektorSDD2\train\11932_GT.png
validation,train,11935,0,Normal,C:\Users\james\OneDrive - Lancaster University\Documents\Projects\MARS-Summer-Research\data\raw\KolektorSDD2\train\11935.png,C:\Users\james\OneDrive - Lancaster University\Documents\Projects\MARS-Summer-Research\data\raw\KolektorSDD2\train\11935_GT.png
validation,train,11939,0,Normal,C:\Users\james\OneDrive - Lancaster University\Documents\Projects\MARS-Summer-Research\data\raw\KolektorSDD2\train\11939.png,C:\Users\james\OneDrive - Lancaster University\Documents\Projects\MARS-Summer-Research\data\raw\KolektorSDD2\train\11939_GT.png
validation,train,11940,0,Normal,C:\Users\james\OneDrive - Lancaster University\Documents\Projects\MARS-Summer-Research\data\raw\KolektorSDD2\train\11940.png,C:\Users\james\OneDrive - Lancaster University\Documents\Projects\MARS-Summer-Research\data\raw\KolektorSDD2\train\11940_GT.png
validation,train,11946,0,Normal,C:\Users\james\OneDrive - Lancaster University\Documents\Projects\MARS-Summer-Research\data\raw\KolektorSDD2\train\11946.png,C:\Users\james\OneDrive - Lancaster University\Documents\Projects\MARS-Summer-Research\data\raw\KolektorSDD2\train\11946_GT.png
validation,train,11954,0,Normal,C:\Users\james\OneDrive - Lancaster University\Documents\Projects\MARS-Summer-Research\data\raw\KolektorSDD2\train\11954.png,C:\Users\james\OneDrive - Lancaster University\Documents\Projects\MARS-Summer-Research\data\raw\KolektorSDD2\train\11954_GT.png
validation,train,11957,1,Defective,C:\Users\james\OneDrive - Lancaster University\Documents\Projects\MARS-Summer-Research\data\raw\KolektorSDD2\train\11957.png,C:\Users\james\OneDrive - Lancaster University\Documents\Projects\MARS-Summer-Research\data\raw\KolektorSDD2\train\11957_GT.png
validation,train,11958,0,Normal,C:\Users\james\OneDrive - Lancaster University\Documents\Projects\MARS-Summer-Research\data\raw\KolektorSDD2\train\11958.png,C:\Users\james\OneDrive - Lancaster University\Documents\Projects\MARS-Summer-Research\data\raw\KolektorSDD2\train\11958_GT.png
validation,train,11959,0,Normal,C:\Users\james\OneDrive - Lancaster University\Documents\Projects\MARS-Summer-Research\data\raw\KolektorSDD2\train\11959.png,C:\Users\james\OneDrive - Lancaster University\Documents\Projects\MARS-Summer-Research\data\raw\KolektorSDD2\train\11959_GT.png
validation,train,11966,0,Normal,C:\Users\james\OneDrive - Lancaster University\Documents\Projects\MARS-Summer-Research\data\raw\KolektorSDD2\train\11966.png,C:\Users\james\OneDrive - Lancaster University\Documents\Projects\MARS-Summer-Research\data\raw\KolektorSDD2\train\11966_GT.png
validation,train,11968,0,Normal,C:\Users\james\OneDrive - Lancaster University\Documents\Projects\MARS-Summer-Research\data\raw\KolektorSDD2\train\11968.png,C:\Users\james\OneDrive - Lancaster University\Documents\Projects\MARS-Summer-Research\data\raw\KolektorSDD2\train\11968_GT.png
validation,train,11971,0,Normal,C:\Users\james\OneDrive - Lancaster University\Documents\Projects\MARS-Summer-Research\data\raw\KolektorSDD2\train\11971.png,C:\Users\james\OneDrive - Lancaster University\Documents\Projects\MARS-Summer-Research\data\raw\KolektorSDD2\train\11971_GT.png
validation,train,11972,0,Normal,C:\Users\james\OneDrive - Lancaster University\Documents\Projects\MARS-Summer-Research\data\raw\KolektorSDD2\train\11972.png,C:\Users\james\OneDrive - Lancaster University\Documents\Projects\MARS-Summer-Research\data\raw\KolektorSDD2\train\11972_GT.png
validation,train,11976,0,Normal,C:\Users\james\OneDrive - Lancaster University\Documents\Projects\MARS-Summer-Research\data\raw\KolektorSDD2\train\11976.png,C:\Users\james\OneDrive - Lancaster University\Documents\Projects\MARS-Summer-Research\data\raw\KolektorSDD2\train\11976_GT.png
validation,train,11977,0,Normal,C:\Users\james\OneDrive - Lancaster University\Documents\Projects\MARS-Summer-Research\data\raw\KolektorSDD2\train\11977.png,C:\Users\james\OneDrive - Lancaster University\Documents\Projects\MARS-Summer-Research\data\raw\KolektorSDD2\train\11977_GT.png
validation,train,11978,0,Normal,C:\Users\james\OneDrive - Lancaster University\Documents\Projects\MARS-Summer-Research\data\raw\KolektorSDD2\train\11978.png,C:\Users\james\OneDrive - Lancaster University\Documents\Projects\MARS-Summer-Research\data\raw\KolektorSDD2\train\11978_GT.png
validation,train,11979,0,Normal,C:\Users\james\OneDrive - Lancaster University\Documents\Projects\MARS-Summer-Research\data\raw\KolektorSDD2\train\11979.png,C:\Users\james\OneDrive - Lancaster University\Documents\Projects\MARS-Summer-Research\data\raw\KolektorSDD2\train\11979_GT.png
validation,train,11983,0,Normal,C:\Users\james\OneDrive - Lancaster University\Documents\Projects\MARS-Summer-Research\data\raw\KolektorSDD2\train\11983.png,C:\Users\james\OneDrive - Lancaster University\Documents\Projects\MARS-Summer-Research\data\raw\KolektorSDD2\train\11983_GT.png
validation,train,11999,0,Normal,C:\Users\james\OneDrive - Lancaster University\Documents\Projects\MARS-Summer-Research\data\raw\KolektorSDD2\train\11999.png,C:\Users\james\OneDrive - Lancaster University\Documents\Projects\MARS-Summer-Research\data\raw\KolektorSDD2\train\11999_GT.png
validation,train,12004,0,Normal,C:\Users\james\OneDrive - Lancaster University\Documents\Projects\MARS-Summer-Research\data\raw\KolektorSDD2\train\12004.png,C:\Users\james\OneDrive - Lancaster University\Documents\Projects\MARS-Summer-Research\data\raw\KolektorSDD2\train\12004_GT.png
validation,train,12006,0,Normal,C:\Users\james\OneDrive - Lancaster University\Documents\Projects\MARS-Summer-Research\data\raw\KolektorSDD2\train\12006.png,C:\Users\james\OneDrive - Lancaster University\Documents\Projects\MARS-Summer-Research\data\raw\KolektorSDD2\train\12006_GT.png
validation,train,12007,0,Normal,C:\Users\james\OneDrive - Lancaster University\Documents\Projects\MARS-Summer-Research\data\raw\KolektorSDD2\train\12007.png,C:\Users\james\OneDrive - Lancaster University\Documents\Projects\MARS-Summer-Research\data\raw\KolektorSDD2\train\12007_GT.png
validation,train,12008,1,Defective,C:\Users\james\OneDrive - Lancaster University\Documents\Projects\MARS-Summer-Research\data\raw\KolektorSDD2\train\12008.png,C:\Users\james\OneDrive - Lancaster University\Documents\Projects\MARS-Summer-Research\data\raw\KolektorSDD2\train\12008_GT.png
validation,train,12009,0,Normal,C:\Users\james\OneDrive - Lancaster University\Documents\Projects\MARS-Summer-Research\data\raw\KolektorSDD2\train\12009.png,C:\Users\james\OneDrive - Lancaster University\Documents\Projects\MARS-Summer-Research\data\raw\KolektorSDD2\train\12009_GT.png
validation,train,12012,0,Normal,C:\Users\james\OneDrive - Lancaster University\Documents\Projects\MARS-Summer-Research\data\raw\KolektorSDD2\train\12012.png,C:\Users\james\OneDrive - Lancaster University\Documents\Projects\MARS-Summer-Research\data\raw\KolektorSDD2\train\12012_GT.png
validation,train,12016,0,Normal,C:\Users\james\OneDrive - Lancaster University\Documents\Projects\MARS-Summer-Research\data\raw\KolektorSDD2\train\12016.png,C:\Users\james\OneDrive - Lancaster University\Documents\Projects\MARS-Summer-Research\data\raw\KolektorSDD2\train\12016_GT.png
validation,train,12019,0,Normal,C:\Users\james\OneDrive - Lancaster University\Documents\Projects\MARS-Summer-Research\data\raw\KolektorSDD2\train\12019.png,C:\Users\james\OneDrive - Lancaster University\Documents\Projects\MARS-Summer-Research\data\raw\KolektorSDD2\train\12019_GT.png
validation,train,12023,0,Normal,C:\Users\james\OneDrive - Lancaster University\Documents\Projects\MARS-Summer-Research\data\raw\KolektorSDD2\train\12023.png,C:\Users\james\OneDrive - Lancaster University\Documents\Projects\MARS-Summer-Research\data\raw\KolektorSDD2\train\12023_GT.png
validation,train,12025,0,Normal,C:\Users\james\OneDrive - Lancaster University\Documents\Projects\MARS-Summer-Research\data\raw\KolektorSDD2\train\12025.png,C:\Users\james\OneDrive - Lancaster University\Documents\Projects\MARS-Summer-Research\data\raw\KolektorSDD2\train\12025_GT.png
validation,train,12032,0,Normal,C:\Users\james\OneDrive - Lancaster University\Documents\Projects\MARS-Summer-Research\data\raw\KolektorSDD2\train\12032.png,C:\Users\james\OneDrive - Lancaster University\Documents\Projects\MARS-Summer-Research\data\raw\KolektorSDD2\train\12032_GT.png
validation,train,12034,0,Normal,C:\Users\james\OneDrive - Lancaster University\Documents\Projects\MARS-Summer-Research\data\raw\KolektorSDD2\train\12034.png,C:\Users\james\OneDrive - Lancaster University\Documents\Projects\MARS-Summer-Research\data\raw\KolektorSDD2\train\12034_GT.png
validation,train,12035,0,Normal,C:\Users\james\OneDrive - Lancaster University\Documents\Projects\MARS-Summer-Research\data\raw\KolektorSDD2\train\12035.png,C:\Users\james\OneDrive - Lancaster University\Documents\Projects\MARS-Summer-Research\data\raw\KolektorSDD2\train\12035_GT.png
validation,train,12036,0,Normal,C:\Users\james\OneDrive - Lancaster University\Documents\Projects\MARS-Summer-Research\data\raw\KolektorSDD2\train\12036.png,C:\Users\james\OneDrive - Lancaster University\Documents\Projects\MARS-Summer-Research\data\raw\KolektorSDD2\train\12036_GT.png
validation,train,12046,0,Normal,C:\Users\james\OneDrive - Lancaster University\Documents\Projects\MARS-Summer-Research\data\raw\KolektorSDD2\train\12046.png,C:\Users\james\OneDrive - Lancaster University\Documents\Projects\MARS-Summer-Research\data\raw\KolektorSDD2\train\12046_GT.png
validation,train,12053,0,Normal,C:\Users\james\OneDrive - Lancaster University\Documents\Projects\MARS-Summer-Research\data\raw\KolektorSDD2\train\12053.png,C:\Users\james\OneDrive - Lancaster University\Documents\Projects\MARS-Summer-Research\data\raw\KolektorSDD2\train\12053_GT.png
validation,train,12055,0,Normal,C:\Users\james\OneDrive - Lancaster University\Documents\Projects\MARS-Summer-Research\data\raw\KolektorSDD2\train\12055.png,C:\Users\james\OneDrive - Lancaster University\Documents\Projects\MARS-Summer-Research\data\raw\KolektorSDD2\train\12055_GT.png
validation,train,12060,0,Normal,C:\Users\james\OneDrive - Lancaster University\Documents\Projects\MARS-Summer-Research\data\raw\KolektorSDD2\train\12060.png,C:\Users\james\OneDrive - Lancaster University\Documents\Projects\MARS-Summer-Research\data\raw\KolektorSDD2\train\12060_GT.png
validation,train,12061,0,Normal,C:\Users\james\OneDrive - Lancaster University\Documents\Projects\MARS-Summer-Research\data\raw\KolektorSDD2\train\12061.png,C:\Users\james\OneDrive - Lancaster University\Documents\Projects\MARS-Summer-Research\data\raw\KolektorSDD2\train\12061_GT.png
validation,train,12063,0,Normal,C:\Users\james\OneDrive - Lancaster University\Documents\Projects\MARS-Summer-Research\data\raw\KolektorSDD2\train\12063.png,C:\Users\james\OneDrive - Lancaster University\Documents\Projects\MARS-Summer-Research\data\raw\KolektorSDD2\train\12063_GT.png
validation,train,12066,0,Normal,C:\Users\james\OneDrive - Lancaster University\Documents\Projects\MARS-Summer-Research\data\raw\KolektorSDD2\train\12066.png,C:\Users\james\OneDrive - Lancaster University\Documents\Projects\MARS-Summer-Research\data\raw\KolektorSDD2\train\12066_GT.png
validation,train,12068,0,Normal,C:\Users\james\OneDrive - Lancaster University\Documents\Projects\MARS-Summer-Research\data\raw\KolektorSDD2\train\12068.png,C:\Users\james\OneDrive - Lancaster University\Documents\Projects\MARS-Summer-Research\data\raw\KolektorSDD2\train\12068_GT.png
validation,train,12071,1,Defective,C:\Users\james\OneDrive - Lancaster University\Documents\Projects\MARS-Summer-Research\data\raw\KolektorSDD2\train\12071.png,C:\Users\james\OneDrive - Lancaster University\Documents\Projects\MARS-Summer-Research\data\raw\KolektorSDD2\train\12071_GT.png
validation,train,12073,0,Normal,C:\Users\james\OneDrive - Lancaster University\Documents\Projects\MARS-Summer-Research\data\raw\KolektorSDD2\train\12073.png,C:\Users\james\OneDrive - Lancaster University\Documents\Projects\MARS-Summer-Research\data\raw\KolektorSDD2\train\12073_GT.png
validation,train,12082,0,Normal,C:\Users\james\OneDrive - Lancaster University\Documents\Projects\MARS-Summer-Research\data\raw\KolektorSDD2\train\12082.png,C:\Users\james\OneDrive - Lancaster University\Documents\Projects\MARS-Summer-Research\data\raw\KolektorSDD2\train\12082_GT.png
validation,train,12084,0,Normal,C:\Users\james\OneDrive - Lancaster University\Documents\Projects\MARS-Summer-Research\data\raw\KolektorSDD2\train\12084.png,C:\Users\james\OneDrive - Lancaster University\Documents\Projects\MARS-Summer-Research\data\raw\KolektorSDD2\train\12084_GT.png
validation,train,12085,0,Normal,C:\Users\james\OneDrive - Lancaster University\Documents\Projects\MARS-Summer-Research\data\raw\KolektorSDD2\train\12085.png,C:\Users\james\OneDrive - Lancaster University\Documents\Projects\MARS-Summer-Research\data\raw\KolektorSDD2\train\12085_GT.png
validation,train,12087,0,Normal,C:\Users\james\OneDrive - Lancaster University\Documents\Projects\MARS-Summer-Research\data\raw\KolektorSDD2\train\12087.png,C:\Users\james\OneDrive - Lancaster University\Documents\Projects\MARS-Summer-Research\data\raw\KolektorSDD2\train\12087_GT.png
validation,train,12094,0,Normal,C:\Users\james\OneDrive - Lancaster University\Documents\Projects\MARS-Summer-Research\data\raw\KolektorSDD2\train\12094.png,C:\Users\james\OneDrive - Lancaster University\Documents\Projects\MARS-Summer-Research\data\raw\KolektorSDD2\train\12094_GT.png
validation,train,12102,0,Normal,C:\Users\james\OneDrive - Lancaster University\Documents\Projects\MARS-Summer-Research\data\raw\KolektorSDD2\train\12102.png,C:\Users\james\OneDrive - Lancaster University\Documents\Projects\MARS-Summer-Research\data\raw\KolektorSDD2\train\12102_GT.png
validation,train,12103,0,Normal,C:\Users\james\OneDrive - Lancaster University\Documents\Projects\MARS-Summer-Research\data\raw\KolektorSDD2\train\12103.png,C:\Users\james\OneDrive - Lancaster University\Documents\Projects\MARS-Summer-Research\data\raw\KolektorSDD2\train\12103_GT.png
validation,train,12105,1,Defective,C:\Users\james\OneDrive - Lancaster University\Documents\Projects\MARS-Summer-Research\data\raw\KolektorSDD2\train\12105.png,C:\Users\james\OneDrive - Lancaster University\Documents\Projects\MARS-Summer-Research\data\raw\KolektorSDD2\train\12105_GT.png
validation,train,12106,0,Normal,C:\Users\james\OneDrive - Lancaster University\Documents\Projects\MARS-Summer-Research\data\raw\KolektorSDD2\train\12106.png,C:\Users\james\OneDrive - Lancaster University\Documents\Projects\MARS-Summer-Research\data\raw\KolektorSDD2\train\12106_GT.png
validation,train,12108,0,Normal,C:\Users\james\OneDrive - Lancaster University\Documents\Projects\MARS-Summer-Research\data\raw\KolektorSDD2\train\12108.png,C:\Users\james\OneDrive - Lancaster University\Documents\Projects\MARS-Summer-Research\data\raw\KolektorSDD2\train\12108_GT.png
validation,train,12110,0,Normal,C:\Users\james\OneDrive - Lancaster University\Documents\Projects\MARS-Summer-Research\data\raw\KolektorSDD2\train\12110.png,C:\Users\james\OneDrive - Lancaster University\Documents\Projects\MARS-Summer-Research\data\raw\KolektorSDD2\train\12110_GT.png
validation,train,12112,0,Normal,C:\Users\james\OneDrive - Lancaster University\Documents\Projects\MARS-Summer-Research\data\raw\KolektorSDD2\train\12112.png,C:\Users\james\OneDrive - Lancaster University\Documents\Projects\MARS-Summer-Research\data\raw\KolektorSDD2\train\12112_GT.png
validation,train,12115,0,Normal,C:\Users\james\OneDrive - Lancaster University\Documents\Projects\MARS-Summer-Research\data\raw\KolektorSDD2\train\12115.png,C:\Users\james\OneDrive - Lancaster University\Documents\Projects\MARS-Summer-Research\data\raw\KolektorSDD2\train\12115_GT.png
validation,train,12118,0,Normal,C:\Users\james\OneDrive - Lancaster University\Documents\Projects\MARS-Summer-Research\data\raw\KolektorSDD2\train\12118.png,C:\Users\james\OneDrive - Lancaster University\Documents\Projects\MARS-Summer-Research\data\raw\KolektorSDD2\train\12118_GT.png
validation,train,12119,0,Normal,C:\Users\james\OneDrive - Lancaster University\Documents\Projects\MARS-Summer-Research\data\raw\KolektorSDD2\train\12119.png,C:\Users\james\OneDrive - Lancaster University\Documents\Projects\MARS-Summer-Research\data\raw\KolektorSDD2\train\12119_GT.png
validation,train,12123,0,Normal,C:\Users\james\OneDrive - Lancaster University\Documents\Projects\MARS-Summer-Research\data\raw\KolektorSDD2\train\12123.png,C:\Users\james\OneDrive - Lancaster University\Documents\Projects\MARS-Summer-Research\data\raw\KolektorSDD2\train\12123_GT.png
validation,train,12137,0,Normal,C:\Users\james\OneDrive - Lancaster University\Documents\Projects\MARS-Summer-Research\data\raw\KolektorSDD2\train\12137.png,C:\Users\james\OneDrive - Lancaster University\Documents\Projects\MARS-Summer-Research\data\raw\KolektorSDD2\train\12137_GT.png
validation,train,12138,0,Normal,C:\Users\james\OneDrive - Lancaster University\Documents\Projects\MARS-Summer-Research\data\raw\KolektorSDD2\train\12138.png,C:\Users\james\OneDrive - Lancaster University\Documents\Projects\MARS-Summer-Research\data\raw\KolektorSDD2\train\12138_GT.png
validation,train,12141,1,Defective,C:\Users\james\OneDrive - Lancaster University\Documents\Projects\MARS-Summer-Research\data\raw\KolektorSDD2\train\12141.png,C:\Users\james\OneDrive - Lancaster University\Documents\Projects\MARS-Summer-Research\data\raw\KolektorSDD2\train\12141_GT.png
validation,train,12150,0,Normal,C:\Users\james\OneDrive - Lancaster University\Documents\Projects\MARS-Summer-Research\data\raw\KolektorSDD2\train\12150.png,C:\Users\james\OneDrive - Lancaster University\Documents\Projects\MARS-Summer-Research\data\raw\KolektorSDD2\train\12150_GT.png
validation,train,12154,0,Normal,C:\Users\james\OneDrive - Lancaster University\Documents\Projects\MARS-Summer-Research\data\raw\KolektorSDD2\train\12154.png,C:\Users\james\OneDrive - Lancaster University\Documents\Projects\MARS-Summer-Research\data\raw\KolektorSDD2\train\12154_GT.png
validation,train,12157,0,Normal,C:\Users\james\OneDrive - Lancaster University\Documents\Projects\MARS-Summer-Research\data\raw\KolektorSDD2\train\12157.png,C:\Users\james\OneDrive - Lancaster University\Documents\Projects\MARS-Summer-Research\data\raw\KolektorSDD2\train\12157_GT.png
validation,train,12160,1,Defective,C:\Users\james\OneDrive - Lancaster University\Documents\Projects\MARS-Summer-Research\data\raw\KolektorSDD2\train\12160.png,C:\Users\james\OneDrive - Lancaster University\Documents\Projects\MARS-Summer-Research\data\raw\KolektorSDD2\train\12160_GT.png
validation,train,12170,0,Normal,C:\Users\james\OneDrive - Lancaster University\Documents\Projects\MARS-Summer-Research\data\raw\KolektorSDD2\train\12170.png,C:\Users\james\OneDrive - Lancaster University\Documents\Projects\MARS-Summer-Research\data\raw\KolektorSDD2\train\12170_GT.png
validation,train,12171,0,Normal,C:\Users\james\OneDrive - Lancaster University\Documents\Projects\MARS-Summer-Research\data\raw\KolektorSDD2\train\12171.png,C:\Users\james\OneDrive - Lancaster University\Documents\Projects\MARS-Summer-Research\data\raw\KolektorSDD2\train\12171_GT.png
validation,train,12173,0,Normal,C:\Users\james\OneDrive - Lancaster University\Documents\Projects\MARS-Summer-Research\data\raw\KolektorSDD2\train\12173.png,C:\Users\james\OneDrive - Lancaster University\Documents\Projects\MARS-Summer-Research\data\raw\KolektorSDD2\train\12173_GT.png
validation,train,12184,0,Normal,C:\Users\james\OneDrive - Lancaster University\Documents\Projects\MARS-Summer-Research\data\raw\KolektorSDD2\train\12184.png,C:\Users\james\OneDrive - Lancaster University\Documents\Projects\MARS-Summer-Research\data\raw\KolektorSDD2\train\12184_GT.png
validation,train,12185,0,Normal,C:\Users\james\OneDrive - Lancaster University\Documents\Projects\MARS-Summer-Research\data\raw\KolektorSDD2\train\12185.png,C:\Users\james\OneDrive - Lancaster University\Documents\Projects\MARS-Summer-Research\data\raw\KolektorSDD2\train\12185_GT.png
validation,train,12186,0,Normal,C:\Users\james\OneDrive - Lancaster University\Documents\Projects\MARS-Summer-Research\data\raw\KolektorSDD2\train\12186.png,C:\Users\james\OneDrive - Lancaster University\Documents\Projects\MARS-Summer-Research\data\raw\KolektorSDD2\train\12186_GT.png
validation,train,12189,0,Normal,C:\Users\james\OneDrive - Lancaster University\Documents\Projects\MARS-Summer-Research\data\raw\KolektorSDD2\train\12189.png,C:\Users\james\OneDrive - Lancaster University\Documents\Projects\MARS-Summer-Research\data\raw\KolektorSDD2\train\12189_GT.png
validation,train,12192,0,Normal,C:\Users\james\OneDrive - Lancaster University\Documents\Projects\MARS-Summer-Research\data\raw\KolektorSDD2\train\12192.png,C:\Users\james\OneDrive - Lancaster University\Documents\Projects\MARS-Summer-Research\data\raw\KolektorSDD2\train\12192_GT.png
validation,train,12194,0,Normal,C:\Users\james\OneDrive - Lancaster University\Documents\Projects\MARS-Summer-Research\data\raw\KolektorSDD2\train\12194.png,C:\Users\james\OneDrive - Lancaster University\Documents\Projects\MARS-Summer-Research\data\raw\KolektorSDD2\train\12194_GT.png
validation,train,12196,0,Normal,C:\Users\james\OneDrive - Lancaster University\Documents\Projects\MARS-Summer-Research\data\raw\KolektorSDD2\train\12196.png,C:\Users\james\OneDrive - Lancaster University\Documents\Projects\MARS-Summer-Research\data\raw\KolektorSDD2\train\12196_GT.png
validation,train,12200,0,Normal,C:\Users\james\OneDrive - Lancaster University\Documents\Projects\MARS-Summer-Research\data\raw\KolektorSDD2\train\12200.png,C:\Users\james\OneDrive - Lancaster University\Documents\Projects\MARS-Summer-Research\data\raw\KolektorSDD2\train\12200_GT.png
validation,train,12204,0,Normal,C:\Users\james\OneDrive - Lancaster University\Documents\Projects\MARS-Summer-Research\data\raw\KolektorSDD2\train\12204.png,C:\Users\james\OneDrive - Lancaster University\Documents\Projects\MARS-Summer-Research\data\raw\KolektorSDD2\train\12204_GT.png
validation,train,12213,0,Normal,C:\Users\james\OneDrive - Lancaster University\Documents\Projects\MARS-Summer-Research\data\raw\KolektorSDD2\train\12213.png,C:\Users\james\OneDrive - Lancaster University\Documents\Projects\MARS-Summer-Research\data\raw\KolektorSDD2\train\12213_GT.png
validation,train,12218,0,Normal,C:\Users\james\OneDrive - Lancaster University\Documents\Projects\MARS-Summer-Research\data\raw\KolektorSDD2\train\12218.png,C:\Users\james\OneDrive - Lancaster University\Documents\Projects\MARS-Summer-Research\data\raw\KolektorSDD2\train\12218_GT.png
validation,train,12223,0,Normal,C:\Users\james\OneDrive - Lancaster University\Documents\Projects\MARS-Summer-Research\data\raw\KolektorSDD2\train\12223.png,C:\Users\james\OneDrive - Lancaster University\Documents\Projects\MARS-Summer-Research\data\raw\KolektorSDD2\train\12223_GT.png
validation,train,12234,0,Normal,C:\Users\james\OneDrive - Lancaster University\Documents\Projects\MARS-Summer-Research\data\raw\KolektorSDD2\train\12234.png,C:\Users\james\OneDrive - Lancaster University\Documents\Projects\MARS-Summer-Research\data\raw\KolektorSDD2\train\12234_GT.png
validation,train,12239,0,Normal,C:\Users\james\OneDrive - Lancaster University\Documents\Projects\MARS-Summer-Research\data\raw\KolektorSDD2\train\12239.png,C:\Users\james\OneDrive - Lancaster University\Documents\Projects\MARS-Summer-Research\data\raw\KolektorSDD2\train\12239_GT.png
validation,train,12240,0,Normal,C:\Users\james\OneDrive - Lancaster University\Documents\Projects\MARS-Summer-Research\data\raw\KolektorSDD2\train\12240.png,C:\Users\james\OneDrive - Lancaster University\Documents\Projects\MARS-Summer-Research\data\raw\KolektorSDD2\train\12240_GT.png
validation,train,12241,0,Normal,C:\Users\james\OneDrive - Lancaster University\Documents\Projects\MARS-Summer-Research\data\raw\KolektorSDD2\train\12241.png,C:\Users\james\OneDrive - Lancaster University\Documents\Projects\MARS-Summer-Research\data\raw\KolektorSDD2\train\12241_GT.png
validation,train,12248,0,Normal,C:\Users\james\OneDrive - Lancaster University\Documents\Projects\MARS-Summer-Research\data\raw\KolektorSDD2\train\12248.png,C:\Users\james\OneDrive - Lancaster University\Documents\Projects\MARS-Summer-Research\data\raw\KolektorSDD2\train\12248_GT.png
validation,train,12249,0,Normal,C:\Users\james\OneDrive - Lancaster University\Documents\Projects\MARS-Summer-Research\data\raw\KolektorSDD2\train\12249.png,C:\Users\james\OneDrive - Lancaster University\Documents\Projects\MARS-Summer-Research\data\raw\KolektorSDD2\train\12249_GT.png
validation,train,12252,0,Normal,C:\Users\james\OneDrive - Lancaster University\Documents\Projects\MARS-Summer-Research\data\raw\KolektorSDD2\train\12252.png,C:\Users\james\OneDrive - Lancaster University\Documents\Projects\MARS-Summer-Research\data\raw\KolektorSDD2\train\12252_GT.png
validation,train,12256,0,Normal,C:\Users\james\OneDrive - Lancaster University\Documents\Projects\MARS-Summer-Research\data\raw\KolektorSDD2\train\12256.png,C:\Users\james\OneDrive - Lancaster University\Documents\Projects\MARS-Summer-Research\data\raw\KolektorSDD2\train\12256_GT.png
validation,train,12263,0,Normal,C:\Users\james\OneDrive - Lancaster University\Documents\Projects\MARS-Summer-Research\data\raw\KolektorSDD2\train\12263.png,C:\Users\james\OneDrive - Lancaster University\Documents\Projects\MARS-Summer-Research\data\raw\KolektorSDD2\train\12263_GT.png
validation,train,12264,0,Normal,C:\Users\james\OneDrive - Lancaster University\Documents\Projects\MARS-Summer-Research\data\raw\KolektorSDD2\train\12264.png,C:\Users\james\OneDrive - Lancaster University\Documents\Projects\MARS-Summer-Research\data\raw\KolektorSDD2\train\12264_GT.png
validation,train,12277,0,Normal,C:\Users\james\OneDrive - Lancaster University\Documents\Projects\MARS-Summer-Research\data\raw\KolektorSDD2\train\12277.png,C:\Users\james\OneDrive - Lancaster University\Documents\Projects\MARS-Summer-Research\data\raw\KolektorSDD2\train\12277_GT.png
validation,train,12280,0,Normal,C:\Users\james\OneDrive - Lancaster University\Documents\Projects\MARS-Summer-Research\data\raw\KolektorSDD2\train\12280.png,C:\Users\james\OneDrive - Lancaster University\Documents\Projects\MARS-Summer-Research\data\raw\KolektorSDD2\train\12280_GT.png
validation,train,12286,0,Normal,C:\Users\james\OneDrive - Lancaster University\Documents\Projects\MARS-Summer-Research\data\raw\KolektorSDD2\train\12286.png,C:\Users\james\OneDrive - Lancaster University\Documents\Projects\MARS-Summer-Research\data\raw\KolektorSDD2\train\12286_GT.png
validation,train,12291,0,Normal,C:\Users\james\OneDrive - Lancaster University\Documents\Projects\MARS-Summer-Research\data\raw\KolektorSDD2\train\12291.png,C:\Users\james\OneDrive - Lancaster University\Documents\Projects\MARS-Summer-Research\data\raw\KolektorSDD2\train\12291_GT.png
validation,train,12292,0,Normal,C:\Users\james\OneDrive - Lancaster University\Documents\Projects\MARS-Summer-Research\data\raw\KolektorSDD2\train\12292.png,C:\Users\james\OneDrive - Lancaster University\Documents\Projects\MARS-Summer-Research\data\raw\KolektorSDD2\train\12292_GT.png
validation,train,12300,0,Normal,C:\Users\james\OneDrive - Lancaster University\Documents\Projects\MARS-Summer-Research\data\raw\KolektorSDD2\train\12300.png,C:\Users\james\OneDrive - Lancaster University\Documents\Projects\MARS-Summer-Research\data\raw\KolektorSDD2\train\12300_GT.png
validation,train,12302,0,Normal,C:\Users\james\OneDrive - Lancaster University\Documents\Projects\MARS-Summer-Research\data\raw\KolektorSDD2\train\12302.png,C:\Users\james\OneDrive - Lancaster University\Documents\Projects\MARS-Summer-Research\data\raw\KolektorSDD2\train\12302_GT.png
validation,train,12311,0,Normal,C:\Users\james\OneDrive - Lancaster University\Documents\Projects\MARS-Summer-Research\data\raw\KolektorSDD2\train\12311.png,C:\Users\james\OneDrive - Lancaster University\Documents\Projects\MARS-Summer-Research\data\raw\KolektorSDD2\train\12311_GT.png
validation,train,12316,0,Normal,C:\Users\james\OneDrive - Lancaster University\Documents\Projects\MARS-Summer-Research\data\raw\KolektorSDD2\train\12316.png,C:\Users\james\OneDrive - Lancaster University\Documents\Projects\MARS-Summer-Research\data\raw\KolektorSDD2\train\12316_GT.png
validation,train,12317,1,Defective,C:\Users\james\OneDrive - Lancaster University\Documents\Projects\MARS-Summer-Research\data\raw\KolektorSDD2\train\12317.png,C:\Users\james\OneDrive - Lancaster University\Documents\Projects\MARS-Summer-Research\data\raw\KolektorSDD2\train\12317_GT.png
validation,train,12329,0,Normal,C:\Users\james\OneDrive - Lancaster University\Documents\Projects\MARS-Summer-Research\data\raw\KolektorSDD2\train\12329.png,C:\Users\james\OneDrive - Lancaster University\Documents\Projects\MARS-Summer-Research\data\raw\KolektorSDD2\train\12329_GT.png
test,test,20000,0,Normal,C:\Users\james\OneDrive - Lancaster University\Documents\Projects\MARS-Summer-Research\data\raw\KolektorSDD2\test\20000.png,C:\Users\james\OneDrive - Lancaster University\Documents\Projects\MARS-Summer-Research\data\raw\KolektorSDD2\test\20000_GT.png
test,test,20001,0,Normal,C:\Users\james\OneDrive - Lancaster University\Documents\Projects\MARS-Summer-Research\data\raw\KolektorSDD2\test\20001.png,C:\Users\james\OneDrive - Lancaster University\Documents\Projects\MARS-Summer-Research\data\raw\KolektorSDD2\test\20001_GT.png
test,test,20002,0,Normal,C:\Users\james\OneDrive - Lancaster University\Documents\Projects\MARS-Summer-Research\data\raw\KolektorSDD2\test\20002.png,C:\Users\james\OneDrive - Lancaster University\Documents\Projects\MARS-Summer-Research\data\raw\KolektorSDD2\test\20002_GT.png
test,test,20003,0,Normal,C:\Users\james\OneDrive - Lancaster University\Documents\Projects\MARS-Summer-Research\data\raw\KolektorSDD2\test\20003.png,C:\Users\james\OneDrive - Lancaster University\Documents\Projects\MARS-Summer-Research\data\raw\KolektorSDD2\test\20003_GT.png
test,test,20004,0,Normal,C:\Users\james\OneDrive - Lancaster University\Documents\Projects\MARS-Summer-Research\data\raw\KolektorSDD2\test\20004.png,C:\Users\james\OneDrive - Lancaster University\Documents\Projects\MARS-Summer-Research\data\raw\KolektorSDD2\test\20004_GT.png
test,test,20005,0,Normal,C:\Users\james\OneDrive - Lancaster University\Documents\Projects\MARS-Summer-Research\data\raw\KolektorSDD2\test\20005.png,C:\Users\james\OneDrive - Lancaster University\Documents\Projects\MARS-Summer-Research\data\raw\KolektorSDD2\test\20005_GT.png
test,test,20006,0,Normal,C:\Users\james\OneDrive - Lancaster University\Documents\Projects\MARS-Summer-Research\data\raw\KolektorSDD2\test\20006.png,C:\Users\james\OneDrive - Lancaster University\Documents\Projects\MARS-Summer-Research\data\raw\KolektorSDD2\test\20006_GT.png
test,test,20007,0,Normal,C:\Users\james\OneDrive - Lancaster University\Documents\Projects\MARS-Summer-Research\data\raw\KolektorSDD2\test\20007.png,C:\Users\james\OneDrive - Lancaster University\Documents\Projects\MARS-Summer-Research\data\raw\KolektorSDD2\test\20007_GT.png
test,test,20008,0,Normal,C:\Users\james\OneDrive - Lancaster University\Documents\Projects\MARS-Summer-Research\data\raw\KolektorSDD2\test\20008.png,C:\Users\james\OneDrive - Lancaster University\Documents\Projects\MARS-Summer-Research\data\raw\KolektorSDD2\test\20008_GT.png
test,test,20009,0,Normal,C:\Users\james\OneDrive - Lancaster University\Documents\Projects\MARS-Summer-Research\data\raw\KolektorSDD2\test\20009.png,C:\Users\james\OneDrive - Lancaster University\Documents\Projects\MARS-Summer-Research\data\raw\KolektorSDD2\test\20009_GT.png
test,test,20010,0,Normal,C:\Users\james\OneDrive - Lancaster University\Documents\Projects\MARS-Summer-Research\data\raw\KolektorSDD2\test\20010.png,C:\Users\james\OneDrive - Lancaster University\Documents\Projects\MARS-Summer-Research\data\raw\KolektorSDD2\test\20010_GT.png
test,test,20011,0,Normal,C:\Users\james\OneDrive - Lancaster University\Documents\Projects\MARS-Summer-Research\data\raw\KolektorSDD2\test\20011.png,C:\Users\james\OneDrive - Lancaster University\Documents\Projects\MARS-Summer-Research\data\raw\KolektorSDD2\test\20011_GT.png
test,test,20012,0,Normal,C:\Users\james\OneDrive - Lancaster University\Documents\Projects\MARS-Summer-Research\data\raw\KolektorSDD2\test\20012.png,C:\Users\james\OneDrive - Lancaster University\Documents\Projects\MARS-Summer-Research\data\raw\KolektorSDD2\test\20012_GT.png
test,test,20013,0,Normal,C:\Users\james\OneDrive - Lancaster University\Documents\Projects\MARS-Summer-Research\data\raw\KolektorSDD2\test\20013.png,C:\Users\james\OneDrive - Lancaster University\Documents\Projects\MARS-Summer-Research\data\raw\KolektorSDD2\test\20013_GT.png
test,test,20014,0,Normal,C:\Users\james\OneDrive - Lancaster University\Documents\Projects\MARS-Summer-Research\data\raw\KolektorSDD2\test\20014.png,C:\Users\james\OneDrive - Lancaster University\Documents\Projects\MARS-Summer-Research\data\raw\KolektorSDD2\test\20014_GT.png
test,test,20015,0,Normal,C:\Users\james\OneDrive - Lancaster University\Documents\Projects\MARS-Summer-Research\data\raw\KolektorSDD2\test\20015.png,C:\Users\james\OneDrive - Lancaster University\Documents\Projects\MARS-Summer-Research\data\raw\KolektorSDD2\test\20015_GT.png
test,test,20016,0,Normal,C:\Users\james\OneDrive - Lancaster University\Documents\Projects\MARS-Summer-Research\data\raw\KolektorSDD2\test\20016.png,C:\Users\james\OneDrive - Lancaster University\Documents\Projects\MARS-Summer-Research\data\raw\KolektorSDD2\test\20016_GT.png
test,test,20017,0,Normal,C:\Users\james\OneDrive - Lancaster University\Documents\Projects\MARS-Summer-Research\data\raw\KolektorSDD2\test\20017.png,C:\Users\james\OneDrive - Lancaster University\Documents\Projects\MARS-Summer-Research\data\raw\KolektorSDD2\test\20017_GT.png
test,test,20018,0,Normal,C:\Users\james\OneDrive - Lancaster University\Documents\Projects\MARS-Summer-Research\data\raw\KolektorSDD2\test\20018.png,C:\Users\james\OneDrive - Lancaster University\Documents\Projects\MARS-Summer-Research\data\raw\KolektorSDD2\test\20018_GT.png
test,test,20019,0,Normal,C:\Users\james\OneDrive - Lancaster University\Documents\Projects\MARS-Summer-Research\data\raw\KolektorSDD2\test\20019.png,C:\Users\james\OneDrive - Lancaster University\Documents\Projects\MARS-Summer-Research\data\raw\KolektorSDD2\test\20019_GT.png
test,test,20020,0,Normal,C:\Users\james\OneDrive - Lancaster University\Documents\Projects\MARS-Summer-Research\data\raw\KolektorSDD2\test\20020.png,C:\Users\james\OneDrive - Lancaster University\Documents\Projects\MARS-Summer-Research\data\raw\KolektorSDD2\test\20020_GT.png
test,test,20021,0,Normal,C:\Users\james\OneDrive - Lancaster University\Documents\Projects\MARS-Summer-Research\data\raw\KolektorSDD2\test\20021.png,C:\Users\james\OneDrive - Lancaster University\Documents\Projects\MARS-Summer-Research\data\raw\KolektorSDD2\test\20021_GT.png
test,test,20022,0,Normal,C:\Users\james\OneDrive - Lancaster University\Documents\Projects\MARS-Summer-Research\data\raw\KolektorSDD2\test\20022.png,C:\Users\james\OneDrive - Lancaster University\Documents\Projects\MARS-Summer-Research\data\raw\KolektorSDD2\test\20022_GT.png
test,test,20023,0,Normal,C:\Users\james\OneDrive - Lancaster University\Documents\Projects\MARS-Summer-Research\data\raw\KolektorSDD2\test\20023.png,C:\Users\james\OneDrive - Lancaster University\Documents\Projects\MARS-Summer-Research\data\raw\KolektorSDD2\test\20023_GT.png
test,test,20024,0,Normal,C:\Users\james\OneDrive - Lancaster University\Documents\Projects\MARS-Summer-Research\data\raw\KolektorSDD2\test\20024.png,C:\Users\james\OneDrive - Lancaster University\Documents\Projects\MARS-Summer-Research\data\raw\KolektorSDD2\test\20024_GT.png
test,test,20025,0,Normal,C:\Users\james\OneDrive - Lancaster University\Documents\Projects\MARS-Summer-Research\data\raw\KolektorSDD2\test\20025.png,C:\Users\james\OneDrive - Lancaster University\Documents\Projects\MARS-Summer-Research\data\raw\KolektorSDD2\test\20025_GT.png
test,test,20026,0,Normal,C:\Users\james\OneDrive - Lancaster University\Documents\Projects\MARS-Summer-Research\data\raw\KolektorSDD2\test\20026.png,C:\Users\james\OneDrive - Lancaster University\Documents\Projects\MARS-Summer-Research\data\raw\KolektorSDD2\test\20026_GT.png
test,test,20027,0,Normal,C:\Users\james\OneDrive - Lancaster University\Documents\Projects\MARS-Summer-Research\data\raw\KolektorSDD2\test\20027.png,C:\Users\james\OneDrive - Lancaster University\Documents\Projects\MARS-Summer-Research\data\raw\KolektorSDD2\test\20027_GT.png
test,test,20028,0,Normal,C:\Users\james\OneDrive - Lancaster University\Documents\Projects\MARS-Summer-Research\data\raw\KolektorSDD2\test\20028.png,C:\Users\james\OneDrive - Lancaster University\Documents\Projects\MARS-Summer-Research\data\raw\KolektorSDD2\test\20028_GT.png
test,test,20029,0,Normal,C:\Users\james\OneDrive - Lancaster University\Documents\Projects\MARS-Summer-Research\data\raw\KolektorSDD2\test\20029.png,C:\Users\james\OneDrive - Lancaster University\Documents\Projects\MARS-Summer-Research\data\raw\KolektorSDD2\test\20029_GT.png
test,test,20030,0,Normal,C:\Users\james\OneDrive - Lancaster University\Documents\Projects\MARS-Summer-Research\data\raw\KolektorSDD2\test\20030.png,C:\Users\james\OneDrive - Lancaster University\Documents\Projects\MARS-Summer-Research\data\raw\KolektorSDD2\test\20030_GT.png
test,test,20031,0,Normal,C:\Users\james\OneDrive - Lancaster University\Documents\Projects\MARS-Summer-Research\data\raw\KolektorSDD2\test\20031.png,C:\Users\james\OneDrive - Lancaster University\Documents\Projects\MARS-Summer-Research\data\raw\KolektorSDD2\test\20031_GT.png
test,test,20032,0,Normal,C:\Users\james\OneDrive - Lancaster University\Documents\Projects\MARS-Summer-Research\data\raw\KolektorSDD2\test\20032.png,C:\Users\james\OneDrive - Lancaster University\Documents\Projects\MARS-Summer-Research\data\raw\KolektorSDD2\test\20032_GT.png
test,test,20033,0,Normal,C:\Users\james\OneDrive - Lancaster University\Documents\Projects\MARS-Summer-Research\data\raw\KolektorSDD2\test\20033.png,C:\Users\james\OneDrive - Lancaster University\Documents\Projects\MARS-Summer-Research\data\raw\KolektorSDD2\test\20033_GT.png
test,test,20034,0,Normal,C:\Users\james\OneDrive - Lancaster University\Documents\Projects\MARS-Summer-Research\data\raw\KolektorSDD2\test\20034.png,C:\Users\james\OneDrive - Lancaster University\Documents\Projects\MARS-Summer-Research\data\raw\KolektorSDD2\test\20034_GT.png
test,test,20035,0,Normal,C:\Users\james\OneDrive - Lancaster University\Documents\Projects\MARS-Summer-Research\data\raw\KolektorSDD2\test\20035.png,C:\Users\james\OneDrive - Lancaster University\Documents\Projects\MARS-Summer-Research\data\raw\KolektorSDD2\test\20035_GT.png
test,test,20036,0,Normal,C:\Users\james\OneDrive - Lancaster University\Documents\Projects\MARS-Summer-Research\data\raw\KolektorSDD2\test\20036.png,C:\Users\james\OneDrive - Lancaster University\Documents\Projects\MARS-Summer-Research\data\raw\KolektorSDD2\test\20036_GT.png
test,test,20037,0,Normal,C:\Users\james\OneDrive - Lancaster University\Documents\Projects\MARS-Summer-Research\data\raw\KolektorSDD2\test\20037.png,C:\Users\james\OneDrive - Lancaster University\Documents\Projects\MARS-Summer-Research\data\raw\KolektorSDD2\test\20037_GT.png
test,test,20038,0,Normal,C:\Users\james\OneDrive - Lancaster University\Documents\Projects\MARS-Summer-Research\data\raw\KolektorSDD2\test\20038.png,C:\Users\james\OneDrive - Lancaster University\Documents\Projects\MARS-Summer-Research\data\raw\KolektorSDD2\test\20038_GT.png
test,test,20039,0,Normal,C:\Users\james\OneDrive - Lancaster University\Documents\Projects\MARS-Summer-Research\data\raw\KolektorSDD2\test\20039.png,C:\Users\james\OneDrive - Lancaster University\Documents\Projects\MARS-Summer-Research\data\raw\KolektorSDD2\test\20039_GT.png
test,test,20040,0,Normal,C:\Users\james\OneDrive - Lancaster University\Documents\Projects\MARS-Summer-Research\data\raw\KolektorSDD2\test\20040.png,C:\Users\james\OneDrive - Lancaster University\Documents\Projects\MARS-Summer-Research\data\raw\KolektorSDD2\test\20040_GT.png
test,test,20041,0,Normal,C:\Users\james\OneDrive - Lancaster University\Documents\Projects\MARS-Summer-Research\data\raw\KolektorSDD2\test\20041.png,C:\Users\james\OneDrive - Lancaster University\Documents\Projects\MARS-Summer-Research\data\raw\KolektorSDD2\test\20041_GT.png
test,test,20042,1,Defective,C:\Users\james\OneDrive - Lancaster University\Documents\Projects\MARS-Summer-Research\data\raw\KolektorSDD2\test\20042.png,C:\Users\james\OneDrive - Lancaster University\Documents\Projects\MARS-Summer-Research\data\raw\KolektorSDD2\test\20042_GT.png
test,test,20043,0,Normal,C:\Users\james\OneDrive - Lancaster University\Documents\Projects\MARS-Summer-Research\data\raw\KolektorSDD2\test\20043.png,C:\Users\james\OneDrive - Lancaster University\Documents\Projects\MARS-Summer-Research\data\raw\KolektorSDD2\test\20043_GT.png
test,test,20044,0,Normal,C:\Users\james\OneDrive - Lancaster University\Documents\Projects\MARS-Summer-Research\data\raw\KolektorSDD2\test\20044.png,C:\Users\james\OneDrive - Lancaster University\Documents\Projects\MARS-Summer-Research\data\raw\KolektorSDD2\test\20044_GT.png
test,test,20045,0,Normal,C:\Users\james\OneDrive - Lancaster University\Documents\Projects\MARS-Summer-Research\data\raw\KolektorSDD2\test\20045.png,C:\Users\james\OneDrive - Lancaster University\Documents\Projects\MARS-Summer-Research\data\raw\KolektorSDD2\test\20045_GT.png
test,test,20046,0,Normal,C:\Users\james\OneDrive - Lancaster University\Documents\Projects\MARS-Summer-Research\data\raw\KolektorSDD2\test\20046.png,C:\Users\james\OneDrive - Lancaster University\Documents\Projects\MARS-Summer-Research\data\raw\KolektorSDD2\test\20046_GT.png
test,test,20047,0,Normal,C:\Users\james\OneDrive - Lancaster University\Documents\Projects\MARS-Summer-Research\data\raw\KolektorSDD2\test\20047.png,C:\Users\james\OneDrive - Lancaster University\Documents\Projects\MARS-Summer-Research\data\raw\KolektorSDD2\test\20047_GT.png
test,test,20048,0,Normal,C:\Users\james\OneDrive - Lancaster University\Documents\Projects\MARS-Summer-Research\data\raw\KolektorSDD2\test\20048.png,C:\Users\james\OneDrive - Lancaster University\Documents\Projects\MARS-Summer-Research\data\raw\KolektorSDD2\test\20048_GT.png
test,test,20049,0,Normal,C:\Users\james\OneDrive - Lancaster University\Documents\Projects\MARS-Summer-Research\data\raw\KolektorSDD2\test\20049.png,C:\Users\james\OneDrive - Lancaster University\Documents\Projects\MARS-Summer-Research\data\raw\KolektorSDD2\test\20049_GT.png
test,test,20050,0,Normal,C:\Users\james\OneDrive - Lancaster University\Documents\Projects\MARS-Summer-Research\data\raw\KolektorSDD2\test\20050.png,C:\Users\james\OneDrive - Lancaster University\Documents\Projects\MARS-Summer-Research\data\raw\KolektorSDD2\test\20050_GT.png
test,test,20051,0,Normal,C:\Users\james\OneDrive - Lancaster University\Documents\Projects\MARS-Summer-Research\data\raw\KolektorSDD2\test\20051.png,C:\Users\james\OneDrive - Lancaster University\Documents\Projects\MARS-Summer-Research\data\raw\KolektorSDD2\test\20051_GT.png
test,test,20052,0,Normal,C:\Users\james\OneDrive - Lancaster University\Documents\Projects\MARS-Summer-Research\data\raw\KolektorSDD2\test\20052.png,C:\Users\james\OneDrive - Lancaster University\Documents\Projects\MARS-Summer-Research\data\raw\KolektorSDD2\test\20052_GT.png
test,test,20053,0,Normal,C:\Users\james\OneDrive - Lancaster University\Documents\Projects\MARS-Summer-Research\data\raw\KolektorSDD2\test\20053.png,C:\Users\james\OneDrive - Lancaster University\Documents\Projects\MARS-Summer-Research\data\raw\KolektorSDD2\test\20053_GT.png
test,test,20054,0,Normal,C:\Users\james\OneDrive - Lancaster University\Documents\Projects\MARS-Summer-Research\data\raw\KolektorSDD2\test\20054.png,C:\Users\james\OneDrive - Lancaster University\Documents\Projects\MARS-Summer-Research\data\raw\KolektorSDD2\test\20054_GT.png
test,test,20055,0,Normal,C:\Users\james\OneDrive - Lancaster University\Documents\Projects\MARS-Summer-Research\data\raw\KolektorSDD2\test\20055.png,C:\Users\james\OneDrive - Lancaster University\Documents\Projects\MARS-Summer-Research\data\raw\KolektorSDD2\test\20055_GT.png
test,test,20056,1,Defective,C:\Users\james\OneDrive - Lancaster University\Documents\Projects\MARS-Summer-Research\data\raw\KolektorSDD2\test\20056.png,C:\Users\james\OneDrive - Lancaster University\Documents\Projects\MARS-Summer-Research\data\raw\KolektorSDD2\test\20056_GT.png
test,test,20057,0,Normal,C:\Users\james\OneDrive - Lancaster University\Documents\Projects\MARS-Summer-Research\data\raw\KolektorSDD2\test\20057.png,C:\Users\james\OneDrive - Lancaster University\Documents\Projects\MARS-Summer-Research\data\raw\KolektorSDD2\test\20057_GT.png
test,test,20058,0,Normal,C:\Users\james\OneDrive - Lancaster University\Documents\Projects\MARS-Summer-Research\data\raw\KolektorSDD2\test\20058.png,C:\Users\james\OneDrive - Lancaster University\Documents\Projects\MARS-Summer-Research\data\raw\KolektorSDD2\test\20058_GT.png
test,test,20059,0,Normal,C:\Users\james\OneDrive - Lancaster University\Documents\Projects\MARS-Summer-Research\data\raw\KolektorSDD2\test\20059.png,C:\Users\james\OneDrive - Lancaster University\Documents\Projects\MARS-Summer-Research\data\raw\KolektorSDD2\test\20059_GT.png
test,test,20060,0,Normal,C:\Users\james\OneDrive - Lancaster University\Documents\Projects\MARS-Summer-Research\data\raw\KolektorSDD2\test\20060.png,C:\Users\james\OneDrive - Lancaster University\Documents\Projects\MARS-Summer-Research\data\raw\KolektorSDD2\test\20060_GT.png
test,test,20061,0,Normal,C:\Users\james\OneDrive - Lancaster University\Documents\Projects\MARS-Summer-Research\data\raw\KolektorSDD2\test\20061.png,C:\Users\james\OneDrive - Lancaster University\Documents\Projects\MARS-Summer-Research\data\raw\KolektorSDD2\test\20061_GT.png
test,test,20062,0,Normal,C:\Users\james\OneDrive - Lancaster University\Documents\Projects\MARS-Summer-Research\data\raw\KolektorSDD2\test\20062.png,C:\Users\james\OneDrive - Lancaster University\Documents\Projects\MARS-Summer-Research\data\raw\KolektorSDD2\test\20062_GT.png
test,test,20063,0,Normal,C:\Users\james\OneDrive - Lancaster University\Documents\Projects\MARS-Summer-Research\data\raw\KolektorSDD2\test\20063.png,C:\Users\james\OneDrive - Lancaster University\Documents\Projects\MARS-Summer-Research\data\raw\KolektorSDD2\test\20063_GT.png
test,test,20064,0,Normal,C:\Users\james\OneDrive - Lancaster University\Documents\Projects\MARS-Summer-Research\data\raw\KolektorSDD2\test\20064.png,C:\Users\james\OneDrive - Lancaster University\Documents\Projects\MARS-Summer-Research\data\raw\KolektorSDD2\test\20064_GT.png
test,test,20065,0,Normal,C:\Users\james\OneDrive - Lancaster University\Documents\Projects\MARS-Summer-Research\data\raw\KolektorSDD2\test\20065.png,C:\Users\james\OneDrive - Lancaster University\Documents\Projects\MARS-Summer-Research\data\raw\KolektorSDD2\test\20065_GT.png
test,test,20066,0,Normal,C:\Users\james\OneDrive - Lancaster University\Documents\Projects\MARS-Summer-Research\data\raw\KolektorSDD2\test\20066.png,C:\Users\james\OneDrive - Lancaster University\Documents\Projects\MARS-Summer-Research\data\raw\KolektorSDD2\test\20066_GT.png
test,test,20067,0,Normal,C:\Users\james\OneDrive - Lancaster University\Documents\Projects\MARS-Summer-Research\data\raw\KolektorSDD2\test\20067.png,C:\Users\james\OneDrive - Lancaster University\Documents\Projects\MARS-Summer-Research\data\raw\KolektorSDD2\test\20067_GT.png
test,test,20068,1,Defective,C:\Users\james\OneDrive - Lancaster University\Documents\Projects\MARS-Summer-Research\data\raw\KolektorSDD2\test\20068.png,C:\Users\james\OneDrive - Lancaster University\Documents\Projects\MARS-Summer-Research\data\raw\KolektorSDD2\test\20068_GT.png
test,test,20069,0,Normal,C:\Users\james\OneDrive - Lancaster University\Documents\Projects\MARS-Summer-Research\data\raw\KolektorSDD2\test\20069.png,C:\Users\james\OneDrive - Lancaster University\Documents\Projects\MARS-Summer-Research\data\raw\KolektorSDD2\test\20069_GT.png
test,test,20070,0,Normal,C:\Users\james\OneDrive - Lancaster University\Documents\Projects\MARS-Summer-Research\data\raw\KolektorSDD2\test\20070.png,C:\Users\james\OneDrive - Lancaster University\Documents\Projects\MARS-Summer-Research\data\raw\KolektorSDD2\test\20070_GT.png
test,test,20071,0,Normal,C:\Users\james\OneDrive - Lancaster University\Documents\Projects\MARS-Summer-Research\data\raw\KolektorSDD2\test\20071.png,C:\Users\james\OneDrive - Lancaster University\Documents\Projects\MARS-Summer-Research\data\raw\KolektorSDD2\test\20071_GT.png
test,test,20072,0,Normal,C:\Users\james\OneDrive - Lancaster University\Documents\Projects\MARS-Summer-Research\data\raw\KolektorSDD2\test\20072.png,C:\Users\james\OneDrive - Lancaster University\Documents\Projects\MARS-Summer-Research\data\raw\KolektorSDD2\test\20072_GT.png
test,test,20073,0,Normal,C:\Users\james\OneDrive - Lancaster University\Documents\Projects\MARS-Summer-Research\data\raw\KolektorSDD2\test\20073.png,C:\Users\james\OneDrive - Lancaster University\Documents\Projects\MARS-Summer-Research\data\raw\KolektorSDD2\test\20073_GT.png
test,test,20074,0,Normal,C:\Users\james\OneDrive - Lancaster University\Documents\Projects\MARS-Summer-Research\data\raw\KolektorSDD2\test\20074.png,C:\Users\james\OneDrive - Lancaster University\Documents\Projects\MARS-Summer-Research\data\raw\KolektorSDD2\test\20074_GT.png
test,test,20075,0,Normal,C:\Users\james\OneDrive - Lancaster University\Documents\Projects\MARS-Summer-Research\data\raw\KolektorSDD2\test\20075.png,C:\Users\james\OneDrive - Lancaster University\Documents\Projects\MARS-Summer-Research\data\raw\KolektorSDD2\test\20075_GT.png
test,test,20076,0,Normal,C:\Users\james\OneDrive - Lancaster University\Documents\Projects\MARS-Summer-Research\data\raw\KolektorSDD2\test\20076.png,C:\Users\james\OneDrive - Lancaster University\Documents\Projects\MARS-Summer-Research\data\raw\KolektorSDD2\test\20076_GT.png
test,test,20077,0,Normal,C:\Users\james\OneDrive - Lancaster University\Documents\Projects\MARS-Summer-Research\data\raw\KolektorSDD2\test\20077.png,C:\Users\james\OneDrive - Lancaster University\Documents\Projects\MARS-Summer-Research\data\raw\KolektorSDD2\test\20077_GT.png
test,test,20078,0,Normal,C:\Users\james\OneDrive - Lancaster University\Documents\Projects\MARS-Summer-Research\data\raw\KolektorSDD2\test\20078.png,C:\Users\james\OneDrive - Lancaster University\Documents\Projects\MARS-Summer-Research\data\raw\KolektorSDD2\test\20078_GT.png
test,test,20079,0,Normal,C:\Users\james\OneDrive - Lancaster University\Documents\Projects\MARS-Summer-Research\data\raw\KolektorSDD2\test\20079.png,C:\Users\james\OneDrive - Lancaster University\Documents\Projects\MARS-Summer-Research\data\raw\KolektorSDD2\test\20079_GT.png
test,test,20080,0,Normal,C:\Users\james\OneDrive - Lancaster University\Documents\Projects\MARS-Summer-Research\data\raw\KolektorSDD2\test\20080.png,C:\Users\james\OneDrive - Lancaster University\Documents\Projects\MARS-Summer-Research\data\raw\KolektorSDD2\test\20080_GT.png
test,test,20081,0,Normal,C:\Users\james\OneDrive - Lancaster University\Documents\Projects\MARS-Summer-Research\data\raw\KolektorSDD2\test\20081.png,C:\Users\james\OneDrive - Lancaster University\Documents\Projects\MARS-Summer-Research\data\raw\KolektorSDD2\test\20081_GT.png
test,test,20082,0,Normal,C:\Users\james\OneDrive - Lancaster University\Documents\Projects\MARS-Summer-Research\data\raw\KolektorSDD2\test\20082.png,C:\Users\james\OneDrive - Lancaster University\Documents\Projects\MARS-Summer-Research\data\raw\KolektorSDD2\test\20082_GT.png
test,test,20083,0,Normal,C:\Users\james\OneDrive - Lancaster University\Documents\Projects\MARS-Summer-Research\data\raw\KolektorSDD2\test\20083.png,C:\Users\james\OneDrive - Lancaster University\Documents\Projects\MARS-Summer-Research\data\raw\KolektorSDD2\test\20083_GT.png
test,test,20084,1,Defective,C:\Users\james\OneDrive - Lancaster University\Documents\Projects\MARS-Summer-Research\data\raw\KolektorSDD2\test\20084.png,C:\Users\james\OneDrive - Lancaster University\Documents\Projects\MARS-Summer-Research\data\raw\KolektorSDD2\test\20084_GT.png
test,test,20085,0,Normal,C:\Users\james\OneDrive - Lancaster University\Documents\Projects\MARS-Summer-Research\data\raw\KolektorSDD2\test\20085.png,C:\Users\james\OneDrive - Lancaster University\Documents\Projects\MARS-Summer-Research\data\raw\KolektorSDD2\test\20085_GT.png
test,test,20086,0,Normal,C:\Users\james\OneDrive - Lancaster University\Documents\Projects\MARS-Summer-Research\data\raw\KolektorSDD2\test\20086.png,C:\Users\james\OneDrive - Lancaster University\Documents\Projects\MARS-Summer-Research\data\raw\KolektorSDD2\test\20086_GT.png
test,test,20087,0,Normal,C:\Users\james\OneDrive - Lancaster University\Documents\Projects\MARS-Summer-Research\data\raw\KolektorSDD2\test\20087.png,C:\Users\james\OneDrive - Lancaster University\Documents\Projects\MARS-Summer-Research\data\raw\KolektorSDD2\test\20087_GT.png
test,test,20088,0,Normal,C:\Users\james\OneDrive - Lancaster University\Documents\Projects\MARS-Summer-Research\data\raw\KolektorSDD2\test\20088.png,C:\Users\james\OneDrive - Lancaster University\Documents\Projects\MARS-Summer-Research\data\raw\KolektorSDD2\test\20088_GT.png
test,test,20089,0,Normal,C:\Users\james\OneDrive - Lancaster University\Documents\Projects\MARS-Summer-Research\data\raw\KolektorSDD2\test\20089.png,C:\Users\james\OneDrive - Lancaster University\Documents\Projects\MARS-Summer-Research\data\raw\KolektorSDD2\test\20089_GT.png
test,test,20090,0,Normal,C:\Users\james\OneDrive - Lancaster University\Documents\Projects\MARS-Summer-Research\data\raw\KolektorSDD2\test\20090.png,C:\Users\james\OneDrive - Lancaster University\Documents\Projects\MARS-Summer-Research\data\raw\KolektorSDD2\test\20090_GT.png
test,test,20091,0,Normal,C:\Users\james\OneDrive - Lancaster University\Documents\Projects\MARS-Summer-Research\data\raw\KolektorSDD2\test\20091.png,C:\Users\james\OneDrive - Lancaster University\Documents\Projects\MARS-Summer-Research\data\raw\KolektorSDD2\test\20091_GT.png
test,test,20092,0,Normal,C:\Users\james\OneDrive - Lancaster University\Documents\Projects\MARS-Summer-Research\data\raw\KolektorSDD2\test\20092.png,C:\Users\james\OneDrive - Lancaster University\Documents\Projects\MARS-Summer-Research\data\raw\KolektorSDD2\test\20092_GT.png
test,test,20093,0,Normal,C:\Users\james\OneDrive - Lancaster University\Documents\Projects\MARS-Summer-Research\data\raw\KolektorSDD2\test\20093.png,C:\Users\james\OneDrive - Lancaster University\Documents\Projects\MARS-Summer-Research\data\raw\KolektorSDD2\test\20093_GT.png
test,test,20094,0,Normal,C:\Users\james\OneDrive - Lancaster University\Documents\Projects\MARS-Summer-Research\data\raw\KolektorSDD2\test\20094.png,C:\Users\james\OneDrive - Lancaster University\Documents\Projects\MARS-Summer-Research\data\raw\KolektorSDD2\test\20094_GT.png
test,test,20095,1,Defective,C:\Users\james\OneDrive - Lancaster University\Documents\Projects\MARS-Summer-Research\data\raw\KolektorSDD2\test\20095.png,C:\Users\james\OneDrive - Lancaster University\Documents\Projects\MARS-Summer-Research\data\raw\KolektorSDD2\test\20095_GT.png
test,test,20096,0,Normal,C:\Users\james\OneDrive - Lancaster University\Documents\Projects\MARS-Summer-Research\data\raw\KolektorSDD2\test\20096.png,C:\Users\james\OneDrive - Lancaster University\Documents\Projects\MARS-Summer-Research\data\raw\KolektorSDD2\test\20096_GT.png
test,test,20097,0,Normal,C:\Users\james\OneDrive - Lancaster University\Documents\Projects\MARS-Summer-Research\data\raw\KolektorSDD2\test\20097.png,C:\Users\james\OneDrive - Lancaster University\Documents\Projects\MARS-Summer-Research\data\raw\KolektorSDD2\test\20097_GT.png
test,test,20098,0,Normal,C:\Users\james\OneDrive - Lancaster University\Documents\Projects\MARS-Summer-Research\data\raw\KolektorSDD2\test\20098.png,C:\Users\james\OneDrive - Lancaster University\Documents\Projects\MARS-Summer-Research\data\raw\KolektorSDD2\test\20098_GT.png
test,test,20099,1,Defective,C:\Users\james\OneDrive - Lancaster University\Documents\Projects\MARS-Summer-Research\data\raw\KolektorSDD2\test\20099.png,C:\Users\james\OneDrive - Lancaster University\Documents\Projects\MARS-Summer-Research\data\raw\KolektorSDD2\test\20099_GT.png
test,test,20100,0,Normal,C:\Users\james\OneDrive - Lancaster University\Documents\Projects\MARS-Summer-Research\data\raw\KolektorSDD2\test\20100.png,C:\Users\james\OneDrive - Lancaster University\Documents\Projects\MARS-Summer-Research\data\raw\KolektorSDD2\test\20100_GT.png
test,test,20101,0,Normal,C:\Users\james\OneDrive - Lancaster University\Documents\Projects\MARS-Summer-Research\data\raw\KolektorSDD2\test\20101.png,C:\Users\james\OneDrive - Lancaster University\Documents\Projects\MARS-Summer-Research\data\raw\KolektorSDD2\test\20101_GT.png
test,test,20102,0,Normal,C:\Users\james\OneDrive - Lancaster University\Documents\Projects\MARS-Summer-Research\data\raw\KolektorSDD2\test\20102.png,C:\Users\james\OneDrive - Lancaster University\Documents\Projects\MARS-Summer-Research\data\raw\KolektorSDD2\test\20102_GT.png
test,test,20103,0,Normal,C:\Users\james\OneDrive - Lancaster University\Documents\Projects\MARS-Summer-Research\data\raw\KolektorSDD2\test\20103.png,C:\Users\james\OneDrive - Lancaster University\Documents\Projects\MARS-Summer-Research\data\raw\KolektorSDD2\test\20103_GT.png
test,test,20104,0,Normal,C:\Users\james\OneDrive - Lancaster University\Documents\Projects\MARS-Summer-Research\data\raw\KolektorSDD2\test\20104.png,C:\Users\james\OneDrive - Lancaster University\Documents\Projects\MARS-Summer-Research\data\raw\KolektorSDD2\test\20104_GT.png
test,test,20105,0,Normal,C:\Users\james\OneDrive - Lancaster University\Documents\Projects\MARS-Summer-Research\data\raw\KolektorSDD2\test\20105.png,C:\Users\james\OneDrive - Lancaster University\Documents\Projects\MARS-Summer-Research\data\raw\KolektorSDD2\test\20105_GT.png
test,test,20106,0,Normal,C:\Users\james\OneDrive - Lancaster University\Documents\Projects\MARS-Summer-Research\data\raw\KolektorSDD2\test\20106.png,C:\Users\james\OneDrive - Lancaster University\Documents\Projects\MARS-Summer-Research\data\raw\KolektorSDD2\test\20106_GT.png
test,test,20107,0,Normal,C:\Users\james\OneDrive - Lancaster University\Documents\Projects\MARS-Summer-Research\data\raw\KolektorSDD2\test\20107.png,C:\Users\james\OneDrive - Lancaster University\Documents\Projects\MARS-Summer-Research\data\raw\KolektorSDD2\test\20107_GT.png
test,test,20108,0,Normal,C:\Users\james\OneDrive - Lancaster University\Documents\Projects\MARS-Summer-Research\data\raw\KolektorSDD2\test\20108.png,C:\Users\james\OneDrive - Lancaster University\Documents\Projects\MARS-Summer-Research\data\raw\KolektorSDD2\test\20108_GT.png
test,test,20109,0,Normal,C:\Users\james\OneDrive - Lancaster University\Documents\Projects\MARS-Summer-Research\data\raw\KolektorSDD2\test\20109.png,C:\Users\james\OneDrive - Lancaster University\Documents\Projects\MARS-Summer-Research\data\raw\KolektorSDD2\test\20109_GT.png
test,test,20110,0,Normal,C:\Users\james\OneDrive - Lancaster University\Documents\Projects\MARS-Summer-Research\data\raw\KolektorSDD2\test\20110.png,C:\Users\james\OneDrive - Lancaster University\Documents\Projects\MARS-Summer-Research\data\raw\KolektorSDD2\test\20110_GT.png
test,test,20111,0,Normal,C:\Users\james\OneDrive - Lancaster University\Documents\Projects\MARS-Summer-Research\data\raw\KolektorSDD2\test\20111.png,C:\Users\james\OneDrive - Lancaster University\Documents\Projects\MARS-Summer-Research\data\raw\KolektorSDD2\test\20111_GT.png
test,test,20112,0,Normal,C:\Users\james\OneDrive - Lancaster University\Documents\Projects\MARS-Summer-Research\data\raw\KolektorSDD2\test\20112.png,C:\Users\james\OneDrive - Lancaster University\Documents\Projects\MARS-Summer-Research\data\raw\KolektorSDD2\test\20112_GT.png
test,test,20113,0,Normal,C:\Users\james\OneDrive - Lancaster University\Documents\Projects\MARS-Summer-Research\data\raw\KolektorSDD2\test\20113.png,C:\Users\james\OneDrive - Lancaster University\Documents\Projects\MARS-Summer-Research\data\raw\KolektorSDD2\test\20113_GT.png
test,test,20114,0,Normal,C:\Users\james\OneDrive - Lancaster University\Documents\Projects\MARS-Summer-Research\data\raw\KolektorSDD2\test\20114.png,C:\Users\james\OneDrive - Lancaster University\Documents\Projects\MARS-Summer-Research\data\raw\KolektorSDD2\test\20114_GT.png
test,test,20115,0,Normal,C:\Users\james\OneDrive - Lancaster University\Documents\Projects\MARS-Summer-Research\data\raw\KolektorSDD2\test\20115.png,C:\Users\james\OneDrive - Lancaster University\Documents\Projects\MARS-Summer-Research\data\raw\KolektorSDD2\test\20115_GT.png
test,test,20116,0,Normal,C:\Users\james\OneDrive - Lancaster University\Documents\Projects\MARS-Summer-Research\data\raw\KolektorSDD2\test\20116.png,C:\Users\james\OneDrive - Lancaster University\Documents\Projects\MARS-Summer-Research\data\raw\KolektorSDD2\test\20116_GT.png
test,test,20117,1,Defective,C:\Users\james\OneDrive - Lancaster University\Documents\Projects\MARS-Summer-Research\data\raw\KolektorSDD2\test\20117.png,C:\Users\james\OneDrive - Lancaster University\Documents\Projects\MARS-Summer-Research\data\raw\KolektorSDD2\test\20117_GT.png
test,test,20118,1,Defective,C:\Users\james\OneDrive - Lancaster University\Documents\Projects\MARS-Summer-Research\data\raw\KolektorSDD2\test\20118.png,C:\Users\james\OneDrive - Lancaster University\Documents\Projects\MARS-Summer-Research\data\raw\KolektorSDD2\test\20118_GT.png
test,test,20119,0,Normal,C:\Users\james\OneDrive - Lancaster University\Documents\Projects\MARS-Summer-Research\data\raw\KolektorSDD2\test\20119.png,C:\Users\james\OneDrive - Lancaster University\Documents\Projects\MARS-Summer-Research\data\raw\KolektorSDD2\test\20119_GT.png
test,test,20120,0,Normal,C:\Users\james\OneDrive - Lancaster University\Documents\Projects\MARS-Summer-Research\data\raw\KolektorSDD2\test\20120.png,C:\Users\james\OneDrive - Lancaster University\Documents\Projects\MARS-Summer-Research\data\raw\KolektorSDD2\test\20120_GT.png
test,test,20121,1,Defective,C:\Users\james\OneDrive - Lancaster University\Documents\Projects\MARS-Summer-Research\data\raw\KolektorSDD2\test\20121.png,C:\Users\james\OneDrive - Lancaster University\Documents\Projects\MARS-Summer-Research\data\raw\KolektorSDD2\test\20121_GT.png
test,test,20122,0,Normal,C:\Users\james\OneDrive - Lancaster University\Documents\Projects\MARS-Summer-Research\data\raw\KolektorSDD2\test\20122.png,C:\Users\james\OneDrive - Lancaster University\Documents\Projects\MARS-Summer-Research\data\raw\KolektorSDD2\test\20122_GT.png
test,test,20123,0,Normal,C:\Users\james\OneDrive - Lancaster University\Documents\Projects\MARS-Summer-Research\data\raw\KolektorSDD2\test\20123.png,C:\Users\james\OneDrive - Lancaster University\Documents\Projects\MARS-Summer-Research\data\raw\KolektorSDD2\test\20123_GT.png
test,test,20124,0,Normal,C:\Users\james\OneDrive - Lancaster University\Documents\Projects\MARS-Summer-Research\data\raw\KolektorSDD2\test\20124.png,C:\Users\james\OneDrive - Lancaster University\Documents\Projects\MARS-Summer-Research\data\raw\KolektorSDD2\test\20124_GT.png
test,test,20125,1,Defective,C:\Users\james\OneDrive - Lancaster University\Documents\Projects\MARS-Summer-Research\data\raw\KolektorSDD2\test\20125.png,C:\Users\james\OneDrive - Lancaster University\Documents\Projects\MARS-Summer-Research\data\raw\KolektorSDD2\test\20125_GT.png
test,test,20126,0,Normal,C:\Users\james\OneDrive - Lancaster University\Documents\Projects\MARS-Summer-Research\data\raw\KolektorSDD2\test\20126.png,C:\Users\james\OneDrive - Lancaster University\Documents\Projects\MARS-Summer-Research\data\raw\KolektorSDD2\test\20126_GT.png
test,test,20127,0,Normal,C:\Users\james\OneDrive - Lancaster University\Documents\Projects\MARS-Summer-Research\data\raw\KolektorSDD2\test\20127.png,C:\Users\james\OneDrive - Lancaster University\Documents\Projects\MARS-Summer-Research\data\raw\KolektorSDD2\test\20127_GT.png
test,test,20128,0,Normal,C:\Users\james\OneDrive - Lancaster University\Documents\Projects\MARS-Summer-Research\data\raw\KolektorSDD2\test\20128.png,C:\Users\james\OneDrive - Lancaster University\Documents\Projects\MARS-Summer-Research\data\raw\KolektorSDD2\test\20128_GT.png
test,test,20129,1,Defective,C:\Users\james\OneDrive - Lancaster University\Documents\Projects\MARS-Summer-Research\data\raw\KolektorSDD2\test\20129.png,C:\Users\james\OneDrive - Lancaster University\Documents\Projects\MARS-Summer-Research\data\raw\KolektorSDD2\test\20129_GT.png
test,test,20130,1,Defective,C:\Users\james\OneDrive - Lancaster University\Documents\Projects\MARS-Summer-Research\data\raw\KolektorSDD2\test\20130.png,C:\Users\james\OneDrive - Lancaster University\Documents\Projects\MARS-Summer-Research\data\raw\KolektorSDD2\test\20130_GT.png
test,test,20131,0,Normal,C:\Users\james\OneDrive - Lancaster University\Documents\Projects\MARS-Summer-Research\data\raw\KolektorSDD2\test\20131.png,C:\Users\james\OneDrive - Lancaster University\Documents\Projects\MARS-Summer-Research\data\raw\KolektorSDD2\test\20131_GT.png
test,test,20132,0,Normal,C:\Users\james\OneDrive - Lancaster University\Documents\Projects\MARS-Summer-Research\data\raw\KolektorSDD2\test\20132.png,C:\Users\james\OneDrive - Lancaster University\Documents\Projects\MARS-Summer-Research\data\raw\KolektorSDD2\test\20132_GT.png
test,test,20133,0,Normal,C:\Users\james\OneDrive - Lancaster University\Documents\Projects\MARS-Summer-Research\data\raw\KolektorSDD2\test\20133.png,C:\Users\james\OneDrive - Lancaster University\Documents\Projects\MARS-Summer-Research\data\raw\KolektorSDD2\test\20133_GT.png
test,test,20134,0,Normal,C:\Users\james\OneDrive - Lancaster University\Documents\Projects\MARS-Summer-Research\data\raw\KolektorSDD2\test\20134.png,C:\Users\james\OneDrive - Lancaster University\Documents\Projects\MARS-Summer-Research\data\raw\KolektorSDD2\test\20134_GT.png
test,test,20135,0,Normal,C:\Users\james\OneDrive - Lancaster University\Documents\Projects\MARS-Summer-Research\data\raw\KolektorSDD2\test\20135.png,C:\Users\james\OneDrive - Lancaster University\Documents\Projects\MARS-Summer-Research\data\raw\KolektorSDD2\test\20135_GT.png
test,test,20136,0,Normal,C:\Users\james\OneDrive - Lancaster University\Documents\Projects\MARS-Summer-Research\data\raw\KolektorSDD2\test\20136.png,C:\Users\james\OneDrive - Lancaster University\Documents\Projects\MARS-Summer-Research\data\raw\KolektorSDD2\test\20136_GT.png
test,test,20137,0,Normal,C:\Users\james\OneDrive - Lancaster University\Documents\Projects\MARS-Summer-Research\data\raw\KolektorSDD2\test\20137.png,C:\Users\james\OneDrive - Lancaster University\Documents\Projects\MARS-Summer-Research\data\raw\KolektorSDD2\test\20137_GT.png
test,test,20138,0,Normal,C:\Users\james\OneDrive - Lancaster University\Documents\Projects\MARS-Summer-Research\data\raw\KolektorSDD2\test\20138.png,C:\Users\james\OneDrive - Lancaster University\Documents\Projects\MARS-Summer-Research\data\raw\KolektorSDD2\test\20138_GT.png
test,test,20139,1,Defective,C:\Users\james\OneDrive - Lancaster University\Documents\Projects\MARS-Summer-Research\data\raw\KolektorSDD2\test\20139.png,C:\Users\james\OneDrive - Lancaster University\Documents\Projects\MARS-Summer-Research\data\raw\KolektorSDD2\test\20139_GT.png
test,test,20140,0,Normal,C:\Users\james\OneDrive - Lancaster University\Documents\Projects\MARS-Summer-Research\data\raw\KolektorSDD2\test\20140.png,C:\Users\james\OneDrive - Lancaster University\Documents\Projects\MARS-Summer-Research\data\raw\KolektorSDD2\test\20140_GT.png
test,test,20141,1,Defective,C:\Users\james\OneDrive - Lancaster University\Documents\Projects\MARS-Summer-Research\data\raw\KolektorSDD2\test\20141.png,C:\Users\james\OneDrive - Lancaster University\Documents\Projects\MARS-Summer-Research\data\raw\KolektorSDD2\test\20141_GT.png
test,test,20142,1,Defective,C:\Users\james\OneDrive - Lancaster University\Documents\Projects\MARS-Summer-Research\data\raw\KolektorSDD2\test\20142.png,C:\Users\james\OneDrive - Lancaster University\Documents\Projects\MARS-Summer-Research\data\raw\KolektorSDD2\test\20142_GT.png
test,test,20143,0,Normal,C:\Users\james\OneDrive - Lancaster University\Documents\Projects\MARS-Summer-Research\data\raw\KolektorSDD2\test\20143.png,C:\Users\james\OneDrive - Lancaster University\Documents\Projects\MARS-Summer-Research\data\raw\KolektorSDD2\test\20143_GT.png
test,test,20144,0,Normal,C:\Users\james\OneDrive - Lancaster University\Documents\Projects\MARS-Summer-Research\data\raw\KolektorSDD2\test\20144.png,C:\Users\james\OneDrive - Lancaster University\Documents\Projects\MARS-Summer-Research\data\raw\KolektorSDD2\test\20144_GT.png
test,test,20145,0,Normal,C:\Users\james\OneDrive - Lancaster University\Documents\Projects\MARS-Summer-Research\data\raw\KolektorSDD2\test\20145.png,C:\Users\james\OneDrive - Lancaster University\Documents\Projects\MARS-Summer-Research\data\raw\KolektorSDD2\test\20145_GT.png
test,test,20146,0,Normal,C:\Users\james\OneDrive - Lancaster University\Documents\Projects\MARS-Summer-Research\data\raw\KolektorSDD2\test\20146.png,C:\Users\james\OneDrive - Lancaster University\Documents\Projects\MARS-Summer-Research\data\raw\KolektorSDD2\test\20146_GT.png
test,test,20147,0,Normal,C:\Users\james\OneDrive - Lancaster University\Documents\Projects\MARS-Summer-Research\data\raw\KolektorSDD2\test\20147.png,C:\Users\james\OneDrive - Lancaster University\Documents\Projects\MARS-Summer-Research\data\raw\KolektorSDD2\test\20147_GT.png
test,test,20148,0,Normal,C:\Users\james\OneDrive - Lancaster University\Documents\Projects\MARS-Summer-Research\data\raw\KolektorSDD2\test\20148.png,C:\Users\james\OneDrive - Lancaster University\Documents\Projects\MARS-Summer-Research\data\raw\KolektorSDD2\test\20148_GT.png
test,test,20149,0,Normal,C:\Users\james\OneDrive - Lancaster University\Documents\Projects\MARS-Summer-Research\data\raw\KolektorSDD2\test\20149.png,C:\Users\james\OneDrive - Lancaster University\Documents\Projects\MARS-Summer-Research\data\raw\KolektorSDD2\test\20149_GT.png
test,test,20150,0,Normal,C:\Users\james\OneDrive - Lancaster University\Documents\Projects\MARS-Summer-Research\data\raw\KolektorSDD2\test\20150.png,C:\Users\james\OneDrive - Lancaster University\Documents\Projects\MARS-Summer-Research\data\raw\KolektorSDD2\test\20150_GT.png
test,test,20151,0,Normal,C:\Users\james\OneDrive - Lancaster University\Documents\Projects\MARS-Summer-Research\data\raw\KolektorSDD2\test\20151.png,C:\Users\james\OneDrive - Lancaster University\Documents\Projects\MARS-Summer-Research\data\raw\KolektorSDD2\test\20151_GT.png
test,test,20152,0,Normal,C:\Users\james\OneDrive - Lancaster University\Documents\Projects\MARS-Summer-Research\data\raw\KolektorSDD2\test\20152.png,C:\Users\james\OneDrive - Lancaster University\Documents\Projects\MARS-Summer-Research\data\raw\KolektorSDD2\test\20152_GT.png
test,test,20153,0,Normal,C:\Users\james\OneDrive - Lancaster University\Documents\Projects\MARS-Summer-Research\data\raw\KolektorSDD2\test\20153.png,C:\Users\james\OneDrive - Lancaster University\Documents\Projects\MARS-Summer-Research\data\raw\KolektorSDD2\test\20153_GT.png
test,test,20154,0,Normal,C:\Users\james\OneDrive - Lancaster University\Documents\Projects\MARS-Summer-Research\data\raw\KolektorSDD2\test\20154.png,C:\Users\james\OneDrive - Lancaster University\Documents\Projects\MARS-Summer-Research\data\raw\KolektorSDD2\test\20154_GT.png
test,test,20155,1,Defective,C:\Users\james\OneDrive - Lancaster University\Documents\Projects\MARS-Summer-Research\data\raw\KolektorSDD2\test\20155.png,C:\Users\james\OneDrive - Lancaster University\Documents\Projects\MARS-Summer-Research\data\raw\KolektorSDD2\test\20155_GT.png
test,test,20156,0,Normal,C:\Users\james\OneDrive - Lancaster University\Documents\Projects\MARS-Summer-Research\data\raw\KolektorSDD2\test\20156.png,C:\Users\james\OneDrive - Lancaster University\Documents\Projects\MARS-Summer-Research\data\raw\KolektorSDD2\test\20156_GT.png
test,test,20157,0,Normal,C:\Users\james\OneDrive - Lancaster University\Documents\Projects\MARS-Summer-Research\data\raw\KolektorSDD2\test\20157.png,C:\Users\james\OneDrive - Lancaster University\Documents\Projects\MARS-Summer-Research\data\raw\KolektorSDD2\test\20157_GT.png
test,test,20158,1,Defective,C:\Users\james\OneDrive - Lancaster University\Documents\Projects\MARS-Summer-Research\data\raw\KolektorSDD2\test\20158.png,C:\Users\james\OneDrive - Lancaster University\Documents\Projects\MARS-Summer-Research\data\raw\KolektorSDD2\test\20158_GT.png
test,test,20159,1,Defective,C:\Users\james\OneDrive - Lancaster University\Documents\Projects\MARS-Summer-Research\data\raw\KolektorSDD2\test\20159.png,C:\Users\james\OneDrive - Lancaster University\Documents\Projects\MARS-Summer-Research\data\raw\KolektorSDD2\test\20159_GT.png
test,test,20160,0,Normal,C:\Users\james\OneDrive - Lancaster University\Documents\Projects\MARS-Summer-Research\data\raw\KolektorSDD2\test\20160.png,C:\Users\james\OneDrive - Lancaster University\Documents\Projects\MARS-Summer-Research\data\raw\KolektorSDD2\test\20160_GT.png
test,test,20161,0,Normal,C:\Users\james\OneDrive - Lancaster University\Documents\Projects\MARS-Summer-Research\data\raw\KolektorSDD2\test\20161.png,C:\Users\james\OneDrive - Lancaster University\Documents\Projects\MARS-Summer-Research\data\raw\KolektorSDD2\test\20161_GT.png
test,test,20162,0,Normal,C:\Users\james\OneDrive - Lancaster University\Documents\Projects\MARS-Summer-Research\data\raw\KolektorSDD2\test\20162.png,C:\Users\james\OneDrive - Lancaster University\Documents\Projects\MARS-Summer-Research\data\raw\KolektorSDD2\test\20162_GT.png
test,test,20163,0,Normal,C:\Users\james\OneDrive - Lancaster University\Documents\Projects\MARS-Summer-Research\data\raw\KolektorSDD2\test\20163.png,C:\Users\james\OneDrive - Lancaster University\Documents\Projects\MARS-Summer-Research\data\raw\KolektorSDD2\test\20163_GT.png
test,test,20164,0,Normal,C:\Users\james\OneDrive - Lancaster University\Documents\Projects\MARS-Summer-Research\data\raw\KolektorSDD2\test\20164.png,C:\Users\james\OneDrive - Lancaster University\Documents\Projects\MARS-Summer-Research\data\raw\KolektorSDD2\test\20164_GT.png
test,test,20165,0,Normal,C:\Users\james\OneDrive - Lancaster University\Documents\Projects\MARS-Summer-Research\data\raw\KolektorSDD2\test\20165.png,C:\Users\james\OneDrive - Lancaster University\Documents\Projects\MARS-Summer-Research\data\raw\KolektorSDD2\test\20165_GT.png
test,test,20166,0,Normal,C:\Users\james\OneDrive - Lancaster University\Documents\Projects\MARS-Summer-Research\data\raw\KolektorSDD2\test\20166.png,C:\Users\james\OneDrive - Lancaster University\Documents\Projects\MARS-Summer-Research\data\raw\KolektorSDD2\test\20166_GT.png
test,test,20167,0,Normal,C:\Users\james\OneDrive - Lancaster University\Documents\Projects\MARS-Summer-Research\data\raw\KolektorSDD2\test\20167.png,C:\Users\james\OneDrive - Lancaster University\Documents\Projects\MARS-Summer-Research\data\raw\KolektorSDD2\test\20167_GT.png
test,test,20168,0,Normal,C:\Users\james\OneDrive - Lancaster University\Documents\Projects\MARS-Summer-Research\data\raw\KolektorSDD2\test\20168.png,C:\Users\james\OneDrive - Lancaster University\Documents\Projects\MARS-Summer-Research\data\raw\KolektorSDD2\test\20168_GT.png
test,test,20169,0,Normal,C:\Users\james\OneDrive - Lancaster University\Documents\Projects\MARS-Summer-Research\data\raw\KolektorSDD2\test\20169.png,C:\Users\james\OneDrive - Lancaster University\Documents\Projects\MARS-Summer-Research\data\raw\KolektorSDD2\test\20169_GT.png
test,test,20170,0,Normal,C:\Users\james\OneDrive - Lancaster University\Documents\Projects\MARS-Summer-Research\data\raw\KolektorSDD2\test\20170.png,C:\Users\james\OneDrive - Lancaster University\Documents\Projects\MARS-Summer-Research\data\raw\KolektorSDD2\test\20170_GT.png
test,test,20171,0,Normal,C:\Users\james\OneDrive - Lancaster University\Documents\Projects\MARS-Summer-Research\data\raw\KolektorSDD2\test\20171.png,C:\Users\james\OneDrive - Lancaster University\Documents\Projects\MARS-Summer-Research\data\raw\KolektorSDD2\test\20171_GT.png
test,test,20172,1,Defective,C:\Users\james\OneDrive - Lancaster University\Documents\Projects\MARS-Summer-Research\data\raw\KolektorSDD2\test\20172.png,C:\Users\james\OneDrive - Lancaster University\Documents\Projects\MARS-Summer-Research\data\raw\KolektorSDD2\test\20172_GT.png
test,test,20173,0,Normal,C:\Users\james\OneDrive - Lancaster University\Documents\Projects\MARS-Summer-Research\data\raw\KolektorSDD2\test\20173.png,C:\Users\james\OneDrive - Lancaster University\Documents\Projects\MARS-Summer-Research\data\raw\KolektorSDD2\test\20173_GT.png
test,test,20174,0,Normal,C:\Users\james\OneDrive - Lancaster University\Documents\Projects\MARS-Summer-Research\data\raw\KolektorSDD2\test\20174.png,C:\Users\james\OneDrive - Lancaster University\Documents\Projects\MARS-Summer-Research\data\raw\KolektorSDD2\test\20174_GT.png
test,test,20175,1,Defective,C:\Users\james\OneDrive - Lancaster University\Documents\Projects\MARS-Summer-Research\data\raw\KolektorSDD2\test\20175.png,C:\Users\james\OneDrive - Lancaster University\Documents\Projects\MARS-Summer-Research\data\raw\KolektorSDD2\test\20175_GT.png
test,test,20176,0,Normal,C:\Users\james\OneDrive - Lancaster University\Documents\Projects\MARS-Summer-Research\data\raw\KolektorSDD2\test\20176.png,C:\Users\james\OneDrive - Lancaster University\Documents\Projects\MARS-Summer-Research\data\raw\KolektorSDD2\test\20176_GT.png
test,test,20177,1,Defective,C:\Users\james\OneDrive - Lancaster University\Documents\Projects\MARS-Summer-Research\data\raw\KolektorSDD2\test\20177.png,C:\Users\james\OneDrive - Lancaster University\Documents\Projects\MARS-Summer-Research\data\raw\KolektorSDD2\test\20177_GT.png
test,test,20178,0,Normal,C:\Users\james\OneDrive - Lancaster University\Documents\Projects\MARS-Summer-Research\data\raw\KolektorSDD2\test\20178.png,C:\Users\james\OneDrive - Lancaster University\Documents\Projects\MARS-Summer-Research\data\raw\KolektorSDD2\test\20178_GT.png
test,test,20179,0,Normal,C:\Users\james\OneDrive - Lancaster University\Documents\Projects\MARS-Summer-Research\data\raw\KolektorSDD2\test\20179.png,C:\Users\james\OneDrive - Lancaster University\Documents\Projects\MARS-Summer-Research\data\raw\KolektorSDD2\test\20179_GT.png
test,test,20180,0,Normal,C:\Users\james\OneDrive - Lancaster University\Documents\Projects\MARS-Summer-Research\data\raw\KolektorSDD2\test\20180.png,C:\Users\james\OneDrive - Lancaster University\Documents\Projects\MARS-Summer-Research\data\raw\KolektorSDD2\test\20180_GT.png
test,test,20181,0,Normal,C:\Users\james\OneDrive - Lancaster University\Documents\Projects\MARS-Summer-Research\data\raw\KolektorSDD2\test\20181.png,C:\Users\james\OneDrive - Lancaster University\Documents\Projects\MARS-Summer-Research\data\raw\KolektorSDD2\test\20181_GT.png
test,test,20182,0,Normal,C:\Users\james\OneDrive - Lancaster University\Documents\Projects\MARS-Summer-Research\data\raw\KolektorSDD2\test\20182.png,C:\Users\james\OneDrive - Lancaster University\Documents\Projects\MARS-Summer-Research\data\raw\KolektorSDD2\test\20182_GT.png
test,test,20183,0,Normal,C:\Users\james\OneDrive - Lancaster University\Documents\Projects\MARS-Summer-Research\data\raw\KolektorSDD2\test\20183.png,C:\Users\james\OneDrive - Lancaster University\Documents\Projects\MARS-Summer-Research\data\raw\KolektorSDD2\test\20183_GT.png
test,test,20184,0,Normal,C:\Users\james\OneDrive - Lancaster University\Documents\Projects\MARS-Summer-Research\data\raw\KolektorSDD2\test\20184.png,C:\Users\james\OneDrive - Lancaster University\Documents\Projects\MARS-Summer-Research\data\raw\KolektorSDD2\test\20184_GT.png
test,test,20185,0,Normal,C:\Users\james\OneDrive - Lancaster University\Documents\Projects\MARS-Summer-Research\data\raw\KolektorSDD2\test\20185.png,C:\Users\james\OneDrive - Lancaster University\Documents\Projects\MARS-Summer-Research\data\raw\KolektorSDD2\test\20185_GT.png
test,test,20186,0,Normal,C:\Users\james\OneDrive - Lancaster University\Documents\Projects\MARS-Summer-Research\data\raw\KolektorSDD2\test\20186.png,C:\Users\james\OneDrive - Lancaster University\Documents\Projects\MARS-Summer-Research\data\raw\KolektorSDD2\test\20186_GT.png
test,test,20187,0,Normal,C:\Users\james\OneDrive - Lancaster University\Documents\Projects\MARS-Summer-Research\data\raw\KolektorSDD2\test\20187.png,C:\Users\james\OneDrive - Lancaster University\Documents\Projects\MARS-Summer-Research\data\raw\KolektorSDD2\test\20187_GT.png
test,test,20188,0,Normal,C:\Users\james\OneDrive - Lancaster University\Documents\Projects\MARS-Summer-Research\data\raw\KolektorSDD2\test\20188.png,C:\Users\james\OneDrive - Lancaster University\Documents\Projects\MARS-Summer-Research\data\raw\KolektorSDD2\test\20188_GT.png
test,test,20189,0,Normal,C:\Users\james\OneDrive - Lancaster University\Documents\Projects\MARS-Summer-Research\data\raw\KolektorSDD2\test\20189.png,C:\Users\james\OneDrive - Lancaster University\Documents\Projects\MARS-Summer-Research\data\raw\KolektorSDD2\test\20189_GT.png
test,test,20190,1,Defective,C:\Users\james\OneDrive - Lancaster University\Documents\Projects\MARS-Summer-Research\data\raw\KolektorSDD2\test\20190.png,C:\Users\james\OneDrive - Lancaster University\Documents\Projects\MARS-Summer-Research\data\raw\KolektorSDD2\test\20190_GT.png
test,test,20191,0,Normal,C:\Users\james\OneDrive - Lancaster University\Documents\Projects\MARS-Summer-Research\data\raw\KolektorSDD2\test\20191.png,C:\Users\james\OneDrive - Lancaster University\Documents\Projects\MARS-Summer-Research\data\raw\KolektorSDD2\test\20191_GT.png
test,test,20192,0,Normal,C:\Users\james\OneDrive - Lancaster University\Documents\Projects\MARS-Summer-Research\data\raw\KolektorSDD2\test\20192.png,C:\Users\james\OneDrive - Lancaster University\Documents\Projects\MARS-Summer-Research\data\raw\KolektorSDD2\test\20192_GT.png
test,test,20193,1,Defective,C:\Users\james\OneDrive - Lancaster University\Documents\Projects\MARS-Summer-Research\data\raw\KolektorSDD2\test\20193.png,C:\Users\james\OneDrive - Lancaster University\Documents\Projects\MARS-Summer-Research\data\raw\KolektorSDD2\test\20193_GT.png
test,test,20194,0,Normal,C:\Users\james\OneDrive - Lancaster University\Documents\Projects\MARS-Summer-Research\data\raw\KolektorSDD2\test\20194.png,C:\Users\james\OneDrive - Lancaster University\Documents\Projects\MARS-Summer-Research\data\raw\KolektorSDD2\test\20194_GT.png
test,test,20195,0,Normal,C:\Users\james\OneDrive - Lancaster University\Documents\Projects\MARS-Summer-Research\data\raw\KolektorSDD2\test\20195.png,C:\Users\james\OneDrive - Lancaster University\Documents\Projects\MARS-Summer-Research\data\raw\KolektorSDD2\test\20195_GT.png
test,test,20196,0,Normal,C:\Users\james\OneDrive - Lancaster University\Documents\Projects\MARS-Summer-Research\data\raw\KolektorSDD2\test\20196.png,C:\Users\james\OneDrive - Lancaster University\Documents\Projects\MARS-Summer-Research\data\raw\KolektorSDD2\test\20196_GT.png
test,test,20197,0,Normal,C:\Users\james\OneDrive - Lancaster University\Documents\Projects\MARS-Summer-Research\data\raw\KolektorSDD2\test\20197.png,C:\Users\james\OneDrive - Lancaster University\Documents\Projects\MARS-Summer-Research\data\raw\KolektorSDD2\test\20197_GT.png
test,test,20198,0,Normal,C:\Users\james\OneDrive - Lancaster University\Documents\Projects\MARS-Summer-Research\data\raw\KolektorSDD2\test\20198.png,C:\Users\james\OneDrive - Lancaster University\Documents\Projects\MARS-Summer-Research\data\raw\KolektorSDD2\test\20198_GT.png
test,test,20199,0,Normal,C:\Users\james\OneDrive - Lancaster University\Documents\Projects\MARS-Summer-Research\data\raw\KolektorSDD2\test\20199.png,C:\Users\james\OneDrive - Lancaster University\Documents\Projects\MARS-Summer-Research\data\raw\KolektorSDD2\test\20199_GT.png
test,test,20200,0,Normal,C:\Users\james\OneDrive - Lancaster University\Documents\Projects\MARS-Summer-Research\data\raw\KolektorSDD2\test\20200.png,C:\Users\james\OneDrive - Lancaster University\Documents\Projects\MARS-Summer-Research\data\raw\KolektorSDD2\test\20200_GT.png
test,test,20201,0,Normal,C:\Users\james\OneDrive - Lancaster University\Documents\Projects\MARS-Summer-Research\data\raw\KolektorSDD2\test\20201.png,C:\Users\james\OneDrive - Lancaster University\Documents\Projects\MARS-Summer-Research\data\raw\KolektorSDD2\test\20201_GT.png
test,test,20202,0,Normal,C:\Users\james\OneDrive - Lancaster University\Documents\Projects\MARS-Summer-Research\data\raw\KolektorSDD2\test\20202.png,C:\Users\james\OneDrive - Lancaster University\Documents\Projects\MARS-Summer-Research\data\raw\KolektorSDD2\test\20202_GT.png
test,test,20203,0,Normal,C:\Users\james\OneDrive - Lancaster University\Documents\Projects\MARS-Summer-Research\data\raw\KolektorSDD2\test\20203.png,C:\Users\james\OneDrive - Lancaster University\Documents\Projects\MARS-Summer-Research\data\raw\KolektorSDD2\test\20203_GT.png
test,test,20204,1,Defective,C:\Users\james\OneDrive - Lancaster University\Documents\Projects\MARS-Summer-Research\data\raw\KolektorSDD2\test\20204.png,C:\Users\james\OneDrive - Lancaster University\Documents\Projects\MARS-Summer-Research\data\raw\KolektorSDD2\test\20204_GT.png
test,test,20205,0,Normal,C:\Users\james\OneDrive - Lancaster University\Documents\Projects\MARS-Summer-Research\data\raw\KolektorSDD2\test\20205.png,C:\Users\james\OneDrive - Lancaster University\Documents\Projects\MARS-Summer-Research\data\raw\KolektorSDD2\test\20205_GT.png
test,test,20206,0,Normal,C:\Users\james\OneDrive - Lancaster University\Documents\Projects\MARS-Summer-Research\data\raw\KolektorSDD2\test\20206.png,C:\Users\james\OneDrive - Lancaster University\Documents\Projects\MARS-Summer-Research\data\raw\KolektorSDD2\test\20206_GT.png
test,test,20207,0,Normal,C:\Users\james\OneDrive - Lancaster University\Documents\Projects\MARS-Summer-Research\data\raw\KolektorSDD2\test\20207.png,C:\Users\james\OneDrive - Lancaster University\Documents\Projects\MARS-Summer-Research\data\raw\KolektorSDD2\test\20207_GT.png
test,test,20208,0,Normal,C:\Users\james\OneDrive - Lancaster University\Documents\Projects\MARS-Summer-Research\data\raw\KolektorSDD2\test\20208.png,C:\Users\james\OneDrive - Lancaster University\Documents\Projects\MARS-Summer-Research\data\raw\KolektorSDD2\test\20208_GT.png
test,test,20209,1,Defective,C:\Users\james\OneDrive - Lancaster University\Documents\Projects\MARS-Summer-Research\data\raw\KolektorSDD2\test\20209.png,C:\Users\james\OneDrive - Lancaster University\Documents\Projects\MARS-Summer-Research\data\raw\KolektorSDD2\test\20209_GT.png
test,test,20210,0,Normal,C:\Users\james\OneDrive - Lancaster University\Documents\Projects\MARS-Summer-Research\data\raw\KolektorSDD2\test\20210.png,C:\Users\james\OneDrive - Lancaster University\Documents\Projects\MARS-Summer-Research\data\raw\KolektorSDD2\test\20210_GT.png
test,test,20211,0,Normal,C:\Users\james\OneDrive - Lancaster University\Documents\Projects\MARS-Summer-Research\data\raw\KolektorSDD2\test\20211.png,C:\Users\james\OneDrive - Lancaster University\Documents\Projects\MARS-Summer-Research\data\raw\KolektorSDD2\test\20211_GT.png
test,test,20212,0,Normal,C:\Users\james\OneDrive - Lancaster University\Documents\Projects\MARS-Summer-Research\data\raw\KolektorSDD2\test\20212.png,C:\Users\james\OneDrive - Lancaster University\Documents\Projects\MARS-Summer-Research\data\raw\KolektorSDD2\test\20212_GT.png
test,test,20213,0,Normal,C:\Users\james\OneDrive - Lancaster University\Documents\Projects\MARS-Summer-Research\data\raw\KolektorSDD2\test\20213.png,C:\Users\james\OneDrive - Lancaster University\Documents\Projects\MARS-Summer-Research\data\raw\KolektorSDD2\test\20213_GT.png
test,test,20214,0,Normal,C:\Users\james\OneDrive - Lancaster University\Documents\Projects\MARS-Summer-Research\data\raw\KolektorSDD2\test\20214.png,C:\Users\james\OneDrive - Lancaster University\Documents\Projects\MARS-Summer-Research\data\raw\KolektorSDD2\test\20214_GT.png
test,test,20215,0,Normal,C:\Users\james\OneDrive - Lancaster University\Documents\Projects\MARS-Summer-Research\data\raw\KolektorSDD2\test\20215.png,C:\Users\james\OneDrive - Lancaster University\Documents\Projects\MARS-Summer-Research\data\raw\KolektorSDD2\test\20215_GT.png
test,test,20216,0,Normal,C:\Users\james\OneDrive - Lancaster University\Documents\Projects\MARS-Summer-Research\data\raw\KolektorSDD2\test\20216.png,C:\Users\james\OneDrive - Lancaster University\Documents\Projects\MARS-Summer-Research\data\raw\KolektorSDD2\test\20216_GT.png
test,test,20217,1,Defective,C:\Users\james\OneDrive - Lancaster University\Documents\Projects\MARS-Summer-Research\data\raw\KolektorSDD2\test\20217.png,C:\Users\james\OneDrive - Lancaster University\Documents\Projects\MARS-Summer-Research\data\raw\KolektorSDD2\test\20217_GT.png
test,test,20218,0,Normal,C:\Users\james\OneDrive - Lancaster University\Documents\Projects\MARS-Summer-Research\data\raw\KolektorSDD2\test\20218.png,C:\Users\james\OneDrive - Lancaster University\Documents\Projects\MARS-Summer-Research\data\raw\KolektorSDD2\test\20218_GT.png
test,test,20219,0,Normal,C:\Users\james\OneDrive - Lancaster University\Documents\Projects\MARS-Summer-Research\data\raw\KolektorSDD2\test\20219.png,C:\Users\james\OneDrive - Lancaster University\Documents\Projects\MARS-Summer-Research\data\raw\KolektorSDD2\test\20219_GT.png
test,test,20220,0,Normal,C:\Users\james\OneDrive - Lancaster University\Documents\Projects\MARS-Summer-Research\data\raw\KolektorSDD2\test\20220.png,C:\Users\james\OneDrive - Lancaster University\Documents\Projects\MARS-Summer-Research\data\raw\KolektorSDD2\test\20220_GT.png
test,test,20221,0,Normal,C:\Users\james\OneDrive - Lancaster University\Documents\Projects\MARS-Summer-Research\data\raw\KolektorSDD2\test\20221.png,C:\Users\james\OneDrive - Lancaster University\Documents\Projects\MARS-Summer-Research\data\raw\KolektorSDD2\test\20221_GT.png
test,test,20222,0,Normal,C:\Users\james\OneDrive - Lancaster University\Documents\Projects\MARS-Summer-Research\data\raw\KolektorSDD2\test\20222.png,C:\Users\james\OneDrive - Lancaster University\Documents\Projects\MARS-Summer-Research\data\raw\KolektorSDD2\test\20222_GT.png
test,test,20223,0,Normal,C:\Users\james\OneDrive - Lancaster University\Documents\Projects\MARS-Summer-Research\data\raw\KolektorSDD2\test\20223.png,C:\Users\james\OneDrive - Lancaster University\Documents\Projects\MARS-Summer-Research\data\raw\KolektorSDD2\test\20223_GT.png
test,test,20224,0,Normal,C:\Users\james\OneDrive - Lancaster University\Documents\Projects\MARS-Summer-Research\data\raw\KolektorSDD2\test\20224.png,C:\Users\james\OneDrive - Lancaster University\Documents\Projects\MARS-Summer-Research\data\raw\KolektorSDD2\test\20224_GT.png
test,test,20225,0,Normal,C:\Users\james\OneDrive - Lancaster University\Documents\Projects\MARS-Summer-Research\data\raw\KolektorSDD2\test\20225.png,C:\Users\james\OneDrive - Lancaster University\Documents\Projects\MARS-Summer-Research\data\raw\KolektorSDD2\test\20225_GT.png
test,test,20226,0,Normal,C:\Users\james\OneDrive - Lancaster University\Documents\Projects\MARS-Summer-Research\data\raw\KolektorSDD2\test\20226.png,C:\Users\james\OneDrive - Lancaster University\Documents\Projects\MARS-Summer-Research\data\raw\KolektorSDD2\test\20226_GT.png
test,test,20227,0,Normal,C:\Users\james\OneDrive - Lancaster University\Documents\Projects\MARS-Summer-Research\data\raw\KolektorSDD2\test\20227.png,C:\Users\james\OneDrive - Lancaster University\Documents\Projects\MARS-Summer-Research\data\raw\KolektorSDD2\test\20227_GT.png
test,test,20228,1,Defective,C:\Users\james\OneDrive - Lancaster University\Documents\Projects\MARS-Summer-Research\data\raw\KolektorSDD2\test\20228.png,C:\Users\james\OneDrive - Lancaster University\Documents\Projects\MARS-Summer-Research\data\raw\KolektorSDD2\test\20228_GT.png
test,test,20229,0,Normal,C:\Users\james\OneDrive - Lancaster University\Documents\Projects\MARS-Summer-Research\data\raw\KolektorSDD2\test\20229.png,C:\Users\james\OneDrive - Lancaster University\Documents\Projects\MARS-Summer-Research\data\raw\KolektorSDD2\test\20229_GT.png
test,test,20230,0,Normal,C:\Users\james\OneDrive - Lancaster University\Documents\Projects\MARS-Summer-Research\data\raw\KolektorSDD2\test\20230.png,C:\Users\james\OneDrive - Lancaster University\Documents\Projects\MARS-Summer-Research\data\raw\KolektorSDD2\test\20230_GT.png
test,test,20231,1,Defective,C:\Users\james\OneDrive - Lancaster University\Documents\Projects\MARS-Summer-Research\data\raw\KolektorSDD2\test\20231.png,C:\Users\james\OneDrive - Lancaster University\Documents\Projects\MARS-Summer-Research\data\raw\KolektorSDD2\test\20231_GT.png
test,test,20232,0,Normal,C:\Users\james\OneDrive - Lancaster University\Documents\Projects\MARS-Summer-Research\data\raw\KolektorSDD2\test\20232.png,C:\Users\james\OneDrive - Lancaster University\Documents\Projects\MARS-Summer-Research\data\raw\KolektorSDD2\test\20232_GT.png
test,test,20233,0,Normal,C:\Users\james\OneDrive - Lancaster University\Documents\Projects\MARS-Summer-Research\data\raw\KolektorSDD2\test\20233.png,C:\Users\james\OneDrive - Lancaster University\Documents\Projects\MARS-Summer-Research\data\raw\KolektorSDD2\test\20233_GT.png
test,test,20234,0,Normal,C:\Users\james\OneDrive - Lancaster University\Documents\Projects\MARS-Summer-Research\data\raw\KolektorSDD2\test\20234.png,C:\Users\james\OneDrive - Lancaster University\Documents\Projects\MARS-Summer-Research\data\raw\KolektorSDD2\test\20234_GT.png
test,test,20235,0,Normal,C:\Users\james\OneDrive - Lancaster University\Documents\Projects\MARS-Summer-Research\data\raw\KolektorSDD2\test\20235.png,C:\Users\james\OneDrive - Lancaster University\Documents\Projects\MARS-Summer-Research\data\raw\KolektorSDD2\test\20235_GT.png
test,test,20236,1,Defective,C:\Users\james\OneDrive - Lancaster University\Documents\Projects\MARS-Summer-Research\data\raw\KolektorSDD2\test\20236.png,C:\Users\james\OneDrive - Lancaster University\Documents\Projects\MARS-Summer-Research\data\raw\KolektorSDD2\test\20236_GT.png
test,test,20237,0,Normal,C:\Users\james\OneDrive - Lancaster University\Documents\Projects\MARS-Summer-Research\data\raw\KolektorSDD2\test\20237.png,C:\Users\james\OneDrive - Lancaster University\Documents\Projects\MARS-Summer-Research\data\raw\KolektorSDD2\test\20237_GT.png
test,test,20238,0,Normal,C:\Users\james\OneDrive - Lancaster University\Documents\Projects\MARS-Summer-Research\data\raw\KolektorSDD2\test\20238.png,C:\Users\james\OneDrive - Lancaster University\Documents\Projects\MARS-Summer-Research\data\raw\KolektorSDD2\test\20238_GT.png
test,test,20239,0,Normal,C:\Users\james\OneDrive - Lancaster University\Documents\Projects\MARS-Summer-Research\data\raw\KolektorSDD2\test\20239.png,C:\Users\james\OneDrive - Lancaster University\Documents\Projects\MARS-Summer-Research\data\raw\KolektorSDD2\test\20239_GT.png
test,test,20240,0,Normal,C:\Users\james\OneDrive - Lancaster University\Documents\Projects\MARS-Summer-Research\data\raw\KolektorSDD2\test\20240.png,C:\Users\james\OneDrive - Lancaster University\Documents\Projects\MARS-Summer-Research\data\raw\KolektorSDD2\test\20240_GT.png
test,test,20241,0,Normal,C:\Users\james\OneDrive - Lancaster University\Documents\Projects\MARS-Summer-Research\data\raw\KolektorSDD2\test\20241.png,C:\Users\james\OneDrive - Lancaster University\Documents\Projects\MARS-Summer-Research\data\raw\KolektorSDD2\test\20241_GT.png
test,test,20242,0,Normal,C:\Users\james\OneDrive - Lancaster University\Documents\Projects\MARS-Summer-Research\data\raw\KolektorSDD2\test\20242.png,C:\Users\james\OneDrive - Lancaster University\Documents\Projects\MARS-Summer-Research\data\raw\KolektorSDD2\test\20242_GT.png
test,test,20243,0,Normal,C:\Users\james\OneDrive - Lancaster University\Documents\Projects\MARS-Summer-Research\data\raw\KolektorSDD2\test\20243.png,C:\Users\james\OneDrive - Lancaster University\Documents\Projects\MARS-Summer-Research\data\raw\KolektorSDD2\test\20243_GT.png
test,test,20244,0,Normal,C:\Users\james\OneDrive - Lancaster University\Documents\Projects\MARS-Summer-Research\data\raw\KolektorSDD2\test\20244.png,C:\Users\james\OneDrive - Lancaster University\Documents\Projects\MARS-Summer-Research\data\raw\KolektorSDD2\test\20244_GT.png
test,test,20245,0,Normal,C:\Users\james\OneDrive - Lancaster University\Documents\Projects\MARS-Summer-Research\data\raw\KolektorSDD2\test\20245.png,C:\Users\james\OneDrive - Lancaster University\Documents\Projects\MARS-Summer-Research\data\raw\KolektorSDD2\test\20245_GT.png
test,test,20246,1,Defective,C:\Users\james\OneDrive - Lancaster University\Documents\Projects\MARS-Summer-Research\data\raw\KolektorSDD2\test\20246.png,C:\Users\james\OneDrive - Lancaster University\Documents\Projects\MARS-Summer-Research\data\raw\KolektorSDD2\test\20246_GT.png
test,test,20247,0,Normal,C:\Users\james\OneDrive - Lancaster University\Documents\Projects\MARS-Summer-Research\data\raw\KolektorSDD2\test\20247.png,C:\Users\james\OneDrive - Lancaster University\Documents\Projects\MARS-Summer-Research\data\raw\KolektorSDD2\test\20247_GT.png
test,test,20248,0,Normal,C:\Users\james\OneDrive - Lancaster University\Documents\Projects\MARS-Summer-Research\data\raw\KolektorSDD2\test\20248.png,C:\Users\james\OneDrive - Lancaster University\Documents\Projects\MARS-Summer-Research\data\raw\KolektorSDD2\test\20248_GT.png
test,test,20249,0,Normal,C:\Users\james\OneDrive - Lancaster University\Documents\Projects\MARS-Summer-Research\data\raw\KolektorSDD2\test\20249.png,C:\Users\james\OneDrive - Lancaster University\Documents\Projects\MARS-Summer-Research\data\raw\KolektorSDD2\test\20249_GT.png
test,test,20250,0,Normal,C:\Users\james\OneDrive - Lancaster University\Documents\Projects\MARS-Summer-Research\data\raw\KolektorSDD2\test\20250.png,C:\Users\james\OneDrive - Lancaster University\Documents\Projects\MARS-Summer-Research\data\raw\KolektorSDD2\test\20250_GT.png
test,test,20251,0,Normal,C:\Users\james\OneDrive - Lancaster University\Documents\Projects\MARS-Summer-Research\data\raw\KolektorSDD2\test\20251.png,C:\Users\james\OneDrive - Lancaster University\Documents\Projects\MARS-Summer-Research\data\raw\KolektorSDD2\test\20251_GT.png
test,test,20252,0,Normal,C:\Users\james\OneDrive - Lancaster University\Documents\Projects\MARS-Summer-Research\data\raw\KolektorSDD2\test\20252.png,C:\Users\james\OneDrive - Lancaster University\Documents\Projects\MARS-Summer-Research\data\raw\KolektorSDD2\test\20252_GT.png
test,test,20253,0,Normal,C:\Users\james\OneDrive - Lancaster University\Documents\Projects\MARS-Summer-Research\data\raw\KolektorSDD2\test\20253.png,C:\Users\james\OneDrive - Lancaster University\Documents\Projects\MARS-Summer-Research\data\raw\KolektorSDD2\test\20253_GT.png
test,test,20254,0,Normal,C:\Users\james\OneDrive - Lancaster University\Documents\Projects\MARS-Summer-Research\data\raw\KolektorSDD2\test\20254.png,C:\Users\james\OneDrive - Lancaster University\Documents\Projects\MARS-Summer-Research\data\raw\KolektorSDD2\test\20254_GT.png
test,test,20255,0,Normal,C:\Users\james\OneDrive - Lancaster University\Documents\Projects\MARS-Summer-Research\data\raw\KolektorSDD2\test\20255.png,C:\Users\james\OneDrive - Lancaster University\Documents\Projects\MARS-Summer-Research\data\raw\KolektorSDD2\test\20255_GT.png
test,test,20256,0,Normal,C:\Users\james\OneDrive - Lancaster University\Documents\Projects\MARS-Summer-Research\data\raw\KolektorSDD2\test\20256.png,C:\Users\james\OneDrive - Lancaster University\Documents\Projects\MARS-Summer-Research\data\raw\KolektorSDD2\test\20256_GT.png
test,test,20257,0,Normal,C:\Users\james\OneDrive - Lancaster University\Documents\Projects\MARS-Summer-Research\data\raw\KolektorSDD2\test\20257.png,C:\Users\james\OneDrive - Lancaster University\Documents\Projects\MARS-Summer-Research\data\raw\KolektorSDD2\test\20257_GT.png
test,test,20258,0,Normal,C:\Users\james\OneDrive - Lancaster University\Documents\Projects\MARS-Summer-Research\data\raw\KolektorSDD2\test\20258.png,C:\Users\james\OneDrive - Lancaster University\Documents\Projects\MARS-Summer-Research\data\raw\KolektorSDD2\test\20258_GT.png
test,test,20259,1,Defective,C:\Users\james\OneDrive - Lancaster University\Documents\Projects\MARS-Summer-Research\data\raw\KolektorSDD2\test\20259.png,C:\Users\james\OneDrive - Lancaster University\Documents\Projects\MARS-Summer-Research\data\raw\KolektorSDD2\test\20259_GT.png
test,test,20260,0,Normal,C:\Users\james\OneDrive - Lancaster University\Documents\Projects\MARS-Summer-Research\data\raw\KolektorSDD2\test\20260.png,C:\Users\james\OneDrive - Lancaster University\Documents\Projects\MARS-Summer-Research\data\raw\KolektorSDD2\test\20260_GT.png
test,test,20261,0,Normal,C:\Users\james\OneDrive - Lancaster University\Documents\Projects\MARS-Summer-Research\data\raw\KolektorSDD2\test\20261.png,C:\Users\james\OneDrive - Lancaster University\Documents\Projects\MARS-Summer-Research\data\raw\KolektorSDD2\test\20261_GT.png
test,test,20262,0,Normal,C:\Users\james\OneDrive - Lancaster University\Documents\Projects\MARS-Summer-Research\data\raw\KolektorSDD2\test\20262.png,C:\Users\james\OneDrive - Lancaster University\Documents\Projects\MARS-Summer-Research\data\raw\KolektorSDD2\test\20262_GT.png
test,test,20263,0,Normal,C:\Users\james\OneDrive - Lancaster University\Documents\Projects\MARS-Summer-Research\data\raw\KolektorSDD2\test\20263.png,C:\Users\james\OneDrive - Lancaster University\Documents\Projects\MARS-Summer-Research\data\raw\KolektorSDD2\test\20263_GT.png
test,test,20264,1,Defective,C:\Users\james\OneDrive - Lancaster University\Documents\Projects\MARS-Summer-Research\data\raw\KolektorSDD2\test\20264.png,C:\Users\james\OneDrive - Lancaster University\Documents\Projects\MARS-Summer-Research\data\raw\KolektorSDD2\test\20264_GT.png
test,test,20265,0,Normal,C:\Users\james\OneDrive - Lancaster University\Documents\Projects\MARS-Summer-Research\data\raw\KolektorSDD2\test\20265.png,C:\Users\james\OneDrive - Lancaster University\Documents\Projects\MARS-Summer-Research\data\raw\KolektorSDD2\test\20265_GT.png
test,test,20266,0,Normal,C:\Users\james\OneDrive - Lancaster University\Documents\Projects\MARS-Summer-Research\data\raw\KolektorSDD2\test\20266.png,C:\Users\james\OneDrive - Lancaster University\Documents\Projects\MARS-Summer-Research\data\raw\KolektorSDD2\test\20266_GT.png
test,test,20267,0,Normal,C:\Users\james\OneDrive - Lancaster University\Documents\Projects\MARS-Summer-Research\data\raw\KolektorSDD2\test\20267.png,C:\Users\james\OneDrive - Lancaster University\Documents\Projects\MARS-Summer-Research\data\raw\KolektorSDD2\test\20267_GT.png
test,test,20268,0,Normal,C:\Users\james\OneDrive - Lancaster University\Documents\Projects\MARS-Summer-Research\data\raw\KolektorSDD2\test\20268.png,C:\Users\james\OneDrive - Lancaster University\Documents\Projects\MARS-Summer-Research\data\raw\KolektorSDD2\test\20268_GT.png
test,test,20269,0,Normal,C:\Users\james\OneDrive - Lancaster University\Documents\Projects\MARS-Summer-Research\data\raw\KolektorSDD2\test\20269.png,C:\Users\james\OneDrive - Lancaster University\Documents\Projects\MARS-Summer-Research\data\raw\KolektorSDD2\test\20269_GT.png
test,test,20270,0,Normal,C:\Users\james\OneDrive - Lancaster University\Documents\Projects\MARS-Summer-Research\data\raw\KolektorSDD2\test\20270.png,C:\Users\james\OneDrive - Lancaster University\Documents\Projects\MARS-Summer-Research\data\raw\KolektorSDD2\test\20270_GT.png
test,test,20271,0,Normal,C:\Users\james\OneDrive - Lancaster University\Documents\Projects\MARS-Summer-Research\data\raw\KolektorSDD2\test\20271.png,C:\Users\james\OneDrive - Lancaster University\Documents\Projects\MARS-Summer-Research\data\raw\KolektorSDD2\test\20271_GT.png
test,test,20272,0,Normal,C:\Users\james\OneDrive - Lancaster University\Documents\Projects\MARS-Summer-Research\data\raw\KolektorSDD2\test\20272.png,C:\Users\james\OneDrive - Lancaster University\Documents\Projects\MARS-Summer-Research\data\raw\KolektorSDD2\test\20272_GT.png
test,test,20273,0,Normal,C:\Users\james\OneDrive - Lancaster University\Documents\Projects\MARS-Summer-Research\data\raw\KolektorSDD2\test\20273.png,C:\Users\james\OneDrive - Lancaster University\Documents\Projects\MARS-Summer-Research\data\raw\KolektorSDD2\test\20273_GT.png
test,test,20274,0,Normal,C:\Users\james\OneDrive - Lancaster University\Documents\Projects\MARS-Summer-Research\data\raw\KolektorSDD2\test\20274.png,C:\Users\james\OneDrive - Lancaster University\Documents\Projects\MARS-Summer-Research\data\raw\KolektorSDD2\test\20274_GT.png
test,test,20275,1,Defective,C:\Users\james\OneDrive - Lancaster University\Documents\Projects\MARS-Summer-Research\data\raw\KolektorSDD2\test\20275.png,C:\Users\james\OneDrive - Lancaster University\Documents\Projects\MARS-Summer-Research\data\raw\KolektorSDD2\test\20275_GT.png
test,test,20276,0,Normal,C:\Users\james\OneDrive - Lancaster University\Documents\Projects\MARS-Summer-Research\data\raw\KolektorSDD2\test\20276.png,C:\Users\james\OneDrive - Lancaster University\Documents\Projects\MARS-Summer-Research\data\raw\KolektorSDD2\test\20276_GT.png
test,test,20277,0,Normal,C:\Users\james\OneDrive - Lancaster University\Documents\Projects\MARS-Summer-Research\data\raw\KolektorSDD2\test\20277.png,C:\Users\james\OneDrive - Lancaster University\Documents\Projects\MARS-Summer-Research\data\raw\KolektorSDD2\test\20277_GT.png
test,test,20278,0,Normal,C:\Users\james\OneDrive - Lancaster University\Documents\Projects\MARS-Summer-Research\data\raw\KolektorSDD2\test\20278.png,C:\Users\james\OneDrive - Lancaster University\Documents\Projects\MARS-Summer-Research\data\raw\KolektorSDD2\test\20278_GT.png
test,test,20279,0,Normal,C:\Users\james\OneDrive - Lancaster University\Documents\Projects\MARS-Summer-Research\data\raw\KolektorSDD2\test\20279.png,C:\Users\james\OneDrive - Lancaster University\Documents\Projects\MARS-Summer-Research\data\raw\KolektorSDD2\test\20279_GT.png
test,test,20280,0,Normal,C:\Users\james\OneDrive - Lancaster University\Documents\Projects\MARS-Summer-Research\data\raw\KolektorSDD2\test\20280.png,C:\Users\james\OneDrive - Lancaster University\Documents\Projects\MARS-Summer-Research\data\raw\KolektorSDD2\test\20280_GT.png
test,test,20281,1,Defective,C:\Users\james\OneDrive - Lancaster University\Documents\Projects\MARS-Summer-Research\data\raw\KolektorSDD2\test\20281.png,C:\Users\james\OneDrive - Lancaster University\Documents\Projects\MARS-Summer-Research\data\raw\KolektorSDD2\test\20281_GT.png
test,test,20282,0,Normal,C:\Users\james\OneDrive - Lancaster University\Documents\Projects\MARS-Summer-Research\data\raw\KolektorSDD2\test\20282.png,C:\Users\james\OneDrive - Lancaster University\Documents\Projects\MARS-Summer-Research\data\raw\KolektorSDD2\test\20282_GT.png
test,test,20283,0,Normal,C:\Users\james\OneDrive - Lancaster University\Documents\Projects\MARS-Summer-Research\data\raw\KolektorSDD2\test\20283.png,C:\Users\james\OneDrive - Lancaster University\Documents\Projects\MARS-Summer-Research\data\raw\KolektorSDD2\test\20283_GT.png
test,test,20284,0,Normal,C:\Users\james\OneDrive - Lancaster University\Documents\Projects\MARS-Summer-Research\data\raw\KolektorSDD2\test\20284.png,C:\Users\james\OneDrive - Lancaster University\Documents\Projects\MARS-Summer-Research\data\raw\KolektorSDD2\test\20284_GT.png
test,test,20285,0,Normal,C:\Users\james\OneDrive - Lancaster University\Documents\Projects\MARS-Summer-Research\data\raw\KolektorSDD2\test\20285.png,C:\Users\james\OneDrive - Lancaster University\Documents\Projects\MARS-Summer-Research\data\raw\KolektorSDD2\test\20285_GT.png
test,test,20286,0,Normal,C:\Users\james\OneDrive - Lancaster University\Documents\Projects\MARS-Summer-Research\data\raw\KolektorSDD2\test\20286.png,C:\Users\james\OneDrive - Lancaster University\Documents\Projects\MARS-Summer-Research\data\raw\KolektorSDD2\test\20286_GT.png
test,test,20287,0,Normal,C:\Users\james\OneDrive - Lancaster University\Documents\Projects\MARS-Summer-Research\data\raw\KolektorSDD2\test\20287.png,C:\Users\james\OneDrive - Lancaster University\Documents\Projects\MARS-Summer-Research\data\raw\KolektorSDD2\test\20287_GT.png
test,test,20288,0,Normal,C:\Users\james\OneDrive - Lancaster University\Documents\Projects\MARS-Summer-Research\data\raw\KolektorSDD2\test\20288.png,C:\Users\james\OneDrive - Lancaster University\Documents\Projects\MARS-Summer-Research\data\raw\KolektorSDD2\test\20288_GT.png
test,test,20289,0,Normal,C:\Users\james\OneDrive - Lancaster University\Documents\Projects\MARS-Summer-Research\data\raw\KolektorSDD2\test\20289.png,C:\Users\james\OneDrive - Lancaster University\Documents\Projects\MARS-Summer-Research\data\raw\KolektorSDD2\test\20289_GT.png
test,test,20290,0,Normal,C:\Users\james\OneDrive - Lancaster University\Documents\Projects\MARS-Summer-Research\data\raw\KolektorSDD2\test\20290.png,C:\Users\james\OneDrive - Lancaster University\Documents\Projects\MARS-Summer-Research\data\raw\KolektorSDD2\test\20290_GT.png
test,test,20291,0,Normal,C:\Users\james\OneDrive - Lancaster University\Documents\Projects\MARS-Summer-Research\data\raw\KolektorSDD2\test\20291.png,C:\Users\james\OneDrive - Lancaster University\Documents\Projects\MARS-Summer-Research\data\raw\KolektorSDD2\test\20291_GT.png
test,test,20292,0,Normal,C:\Users\james\OneDrive - Lancaster University\Documents\Projects\MARS-Summer-Research\data\raw\KolektorSDD2\test\20292.png,C:\Users\james\OneDrive - Lancaster University\Documents\Projects\MARS-Summer-Research\data\raw\KolektorSDD2\test\20292_GT.png
test,test,20293,0,Normal,C:\Users\james\OneDrive - Lancaster University\Documents\Projects\MARS-Summer-Research\data\raw\KolektorSDD2\test\20293.png,C:\Users\james\OneDrive - Lancaster University\Documents\Projects\MARS-Summer-Research\data\raw\KolektorSDD2\test\20293_GT.png
test,test,20294,0,Normal,C:\Users\james\OneDrive - Lancaster University\Documents\Projects\MARS-Summer-Research\data\raw\KolektorSDD2\test\20294.png,C:\Users\james\OneDrive - Lancaster University\Documents\Projects\MARS-Summer-Research\data\raw\KolektorSDD2\test\20294_GT.png
test,test,20295,1,Defective,C:\Users\james\OneDrive - Lancaster University\Documents\Projects\MARS-Summer-Research\data\raw\KolektorSDD2\test\20295.png,C:\Users\james\OneDrive - Lancaster University\Documents\Projects\MARS-Summer-Research\data\raw\KolektorSDD2\test\20295_GT.png
test,test,20296,0,Normal,C:\Users\james\OneDrive - Lancaster University\Documents\Projects\MARS-Summer-Research\data\raw\KolektorSDD2\test\20296.png,C:\Users\james\OneDrive - Lancaster University\Documents\Projects\MARS-Summer-Research\data\raw\KolektorSDD2\test\20296_GT.png
test,test,20297,1,Defective,C:\Users\james\OneDrive - Lancaster University\Documents\Projects\MARS-Summer-Research\data\raw\KolektorSDD2\test\20297.png,C:\Users\james\OneDrive - Lancaster University\Documents\Projects\MARS-Summer-Research\data\raw\KolektorSDD2\test\20297_GT.png
test,test,20298,0,Normal,C:\Users\james\OneDrive - Lancaster University\Documents\Projects\MARS-Summer-Research\data\raw\KolektorSDD2\test\20298.png,C:\Users\james\OneDrive - Lancaster University\Documents\Projects\MARS-Summer-Research\data\raw\KolektorSDD2\test\20298_GT.png
test,test,20299,0,Normal,C:\Users\james\OneDrive - Lancaster University\Documents\Projects\MARS-Summer-Research\data\raw\KolektorSDD2\test\20299.png,C:\Users\james\OneDrive - Lancaster University\Documents\Projects\MARS-Summer-Research\data\raw\KolektorSDD2\test\20299_GT.png
test,test,20300,0,Normal,C:\Users\james\OneDrive - Lancaster University\Documents\Projects\MARS-Summer-Research\data\raw\KolektorSDD2\test\20300.png,C:\Users\james\OneDrive - Lancaster University\Documents\Projects\MARS-Summer-Research\data\raw\KolektorSDD2\test\20300_GT.png
test,test,20301,0,Normal,C:\Users\james\OneDrive - Lancaster University\Documents\Projects\MARS-Summer-Research\data\raw\KolektorSDD2\test\20301.png,C:\Users\james\OneDrive - Lancaster University\Documents\Projects\MARS-Summer-Research\data\raw\KolektorSDD2\test\20301_GT.png
test,test,20302,0,Normal,C:\Users\james\OneDrive - Lancaster University\Documents\Projects\MARS-Summer-Research\data\raw\KolektorSDD2\test\20302.png,C:\Users\james\OneDrive - Lancaster University\Documents\Projects\MARS-Summer-Research\data\raw\KolektorSDD2\test\20302_GT.png
test,test,20303,0,Normal,C:\Users\james\OneDrive - Lancaster University\Documents\Projects\MARS-Summer-Research\data\raw\KolektorSDD2\test\20303.png,C:\Users\james\OneDrive - Lancaster University\Documents\Projects\MARS-Summer-Research\data\raw\KolektorSDD2\test\20303_GT.png
test,test,20304,0,Normal,C:\Users\james\OneDrive - Lancaster University\Documents\Projects\MARS-Summer-Research\data\raw\KolektorSDD2\test\20304.png,C:\Users\james\OneDrive - Lancaster University\Documents\Projects\MARS-Summer-Research\data\raw\KolektorSDD2\test\20304_GT.png
test,test,20305,0,Normal,C:\Users\james\OneDrive - Lancaster University\Documents\Projects\MARS-Summer-Research\data\raw\KolektorSDD2\test\20305.png,C:\Users\james\OneDrive - Lancaster University\Documents\Projects\MARS-Summer-Research\data\raw\KolektorSDD2\test\20305_GT.png
test,test,20306,0,Normal,C:\Users\james\OneDrive - Lancaster University\Documents\Projects\MARS-Summer-Research\data\raw\KolektorSDD2\test\20306.png,C:\Users\james\OneDrive - Lancaster University\Documents\Projects\MARS-Summer-Research\data\raw\KolektorSDD2\test\20306_GT.png
test,test,20307,0,Normal,C:\Users\james\OneDrive - Lancaster University\Documents\Projects\MARS-Summer-Research\data\raw\KolektorSDD2\test\20307.png,C:\Users\james\OneDrive - Lancaster University\Documents\Projects\MARS-Summer-Research\data\raw\KolektorSDD2\test\20307_GT.png
test,test,20308,0,Normal,C:\Users\james\OneDrive - Lancaster University\Documents\Projects\MARS-Summer-Research\data\raw\KolektorSDD2\test\20308.png,C:\Users\james\OneDrive - Lancaster University\Documents\Projects\MARS-Summer-Research\data\raw\KolektorSDD2\test\20308_GT.png
test,test,20309,0,Normal,C:\Users\james\OneDrive - Lancaster University\Documents\Projects\MARS-Summer-Research\data\raw\KolektorSDD2\test\20309.png,C:\Users\james\OneDrive - Lancaster University\Documents\Projects\MARS-Summer-Research\data\raw\KolektorSDD2\test\20309_GT.png
test,test,20310,0,Normal,C:\Users\james\OneDrive - Lancaster University\Documents\Projects\MARS-Summer-Research\data\raw\KolektorSDD2\test\20310.png,C:\Users\james\OneDrive - Lancaster University\Documents\Projects\MARS-Summer-Research\data\raw\KolektorSDD2\test\20310_GT.png
test,test,20311,0,Normal,C:\Users\james\OneDrive - Lancaster University\Documents\Projects\MARS-Summer-Research\data\raw\KolektorSDD2\test\20311.png,C:\Users\james\OneDrive - Lancaster University\Documents\Projects\MARS-Summer-Research\data\raw\KolektorSDD2\test\20311_GT.png
test,test,20312,0,Normal,C:\Users\james\OneDrive - Lancaster University\Documents\Projects\MARS-Summer-Research\data\raw\KolektorSDD2\test\20312.png,C:\Users\james\OneDrive - Lancaster University\Documents\Projects\MARS-Summer-Research\data\raw\KolektorSDD2\test\20312_GT.png
test,test,20313,0,Normal,C:\Users\james\OneDrive - Lancaster University\Documents\Projects\MARS-Summer-Research\data\raw\KolektorSDD2\test\20313.png,C:\Users\james\OneDrive - Lancaster University\Documents\Projects\MARS-Summer-Research\data\raw\KolektorSDD2\test\20313_GT.png
test,test,20314,0,Normal,C:\Users\james\OneDrive - Lancaster University\Documents\Projects\MARS-Summer-Research\data\raw\KolektorSDD2\test\20314.png,C:\Users\james\OneDrive - Lancaster University\Documents\Projects\MARS-Summer-Research\data\raw\KolektorSDD2\test\20314_GT.png
test,test,20315,0,Normal,C:\Users\james\OneDrive - Lancaster University\Documents\Projects\MARS-Summer-Research\data\raw\KolektorSDD2\test\20315.png,C:\Users\james\OneDrive - Lancaster University\Documents\Projects\MARS-Summer-Research\data\raw\KolektorSDD2\test\20315_GT.png
test,test,20316,0,Normal,C:\Users\james\OneDrive - Lancaster University\Documents\Projects\MARS-Summer-Research\data\raw\KolektorSDD2\test\20316.png,C:\Users\james\OneDrive - Lancaster University\Documents\Projects\MARS-Summer-Research\data\raw\KolektorSDD2\test\20316_GT.png
test,test,20317,0,Normal,C:\Users\james\OneDrive - Lancaster University\Documents\Projects\MARS-Summer-Research\data\raw\KolektorSDD2\test\20317.png,C:\Users\james\OneDrive - Lancaster University\Documents\Projects\MARS-Summer-Research\data\raw\KolektorSDD2\test\20317_GT.png
test,test,20318,0,Normal,C:\Users\james\OneDrive - Lancaster University\Documents\Projects\MARS-Summer-Research\data\raw\KolektorSDD2\test\20318.png,C:\Users\james\OneDrive - Lancaster University\Documents\Projects\MARS-Summer-Research\data\raw\KolektorSDD2\test\20318_GT.png
test,test,20319,1,Defective,C:\Users\james\OneDrive - Lancaster University\Documents\Projects\MARS-Summer-Research\data\raw\KolektorSDD2\test\20319.png,C:\Users\james\OneDrive - Lancaster University\Documents\Projects\MARS-Summer-Research\data\raw\KolektorSDD2\test\20319_GT.png
test,test,20320,0,Normal,C:\Users\james\OneDrive - Lancaster University\Documents\Projects\MARS-Summer-Research\data\raw\KolektorSDD2\test\20320.png,C:\Users\james\OneDrive - Lancaster University\Documents\Projects\MARS-Summer-Research\data\raw\KolektorSDD2\test\20320_GT.png
test,test,20321,0,Normal,C:\Users\james\OneDrive - Lancaster University\Documents\Projects\MARS-Summer-Research\data\raw\KolektorSDD2\test\20321.png,C:\Users\james\OneDrive - Lancaster University\Documents\Projects\MARS-Summer-Research\data\raw\KolektorSDD2\test\20321_GT.png
test,test,20322,0,Normal,C:\Users\james\OneDrive - Lancaster University\Documents\Projects\MARS-Summer-Research\data\raw\KolektorSDD2\test\20322.png,C:\Users\james\OneDrive - Lancaster University\Documents\Projects\MARS-Summer-Research\data\raw\KolektorSDD2\test\20322_GT.png
test,test,20323,0,Normal,C:\Users\james\OneDrive - Lancaster University\Documents\Projects\MARS-Summer-Research\data\raw\KolektorSDD2\test\20323.png,C:\Users\james\OneDrive - Lancaster University\Documents\Projects\MARS-Summer-Research\data\raw\KolektorSDD2\test\20323_GT.png
test,test,20324,0,Normal,C:\Users\james\OneDrive - Lancaster University\Documents\Projects\MARS-Summer-Research\data\raw\KolektorSDD2\test\20324.png,C:\Users\james\OneDrive - Lancaster University\Documents\Projects\MARS-Summer-Research\data\raw\KolektorSDD2\test\20324_GT.png
test,test,20325,0,Normal,C:\Users\james\OneDrive - Lancaster University\Documents\Projects\MARS-Summer-Research\data\raw\KolektorSDD2\test\20325.png,C:\Users\james\OneDrive - Lancaster University\Documents\Projects\MARS-Summer-Research\data\raw\KolektorSDD2\test\20325_GT.png
test,test,20326,0,Normal,C:\Users\james\OneDrive - Lancaster University\Documents\Projects\MARS-Summer-Research\data\raw\KolektorSDD2\test\20326.png,C:\Users\james\OneDrive - Lancaster University\Documents\Projects\MARS-Summer-Research\data\raw\KolektorSDD2\test\20326_GT.png
test,test,20327,0,Normal,C:\Users\james\OneDrive - Lancaster University\Documents\Projects\MARS-Summer-Research\data\raw\KolektorSDD2\test\20327.png,C:\Users\james\OneDrive - Lancaster University\Documents\Projects\MARS-Summer-Research\data\raw\KolektorSDD2\test\20327_GT.png
test,test,20328,0,Normal,C:\Users\james\OneDrive - Lancaster University\Documents\Projects\MARS-Summer-Research\data\raw\KolektorSDD2\test\20328.png,C:\Users\james\OneDrive - Lancaster University\Documents\Projects\MARS-Summer-Research\data\raw\KolektorSDD2\test\20328_GT.png
test,test,20329,0,Normal,C:\Users\james\OneDrive - Lancaster University\Documents\Projects\MARS-Summer-Research\data\raw\KolektorSDD2\test\20329.png,C:\Users\james\OneDrive - Lancaster University\Documents\Projects\MARS-Summer-Research\data\raw\KolektorSDD2\test\20329_GT.png
test,test,20330,0,Normal,C:\Users\james\OneDrive - Lancaster University\Documents\Projects\MARS-Summer-Research\data\raw\KolektorSDD2\test\20330.png,C:\Users\james\OneDrive - Lancaster University\Documents\Projects\MARS-Summer-Research\data\raw\KolektorSDD2\test\20330_GT.png
test,test,20331,0,Normal,C:\Users\james\OneDrive - Lancaster University\Documents\Projects\MARS-Summer-Research\data\raw\KolektorSDD2\test\20331.png,C:\Users\james\OneDrive - Lancaster University\Documents\Projects\MARS-Summer-Research\data\raw\KolektorSDD2\test\20331_GT.png
test,test,20332,0,Normal,C:\Users\james\OneDrive - Lancaster University\Documents\Projects\MARS-Summer-Research\data\raw\KolektorSDD2\test\20332.png,C:\Users\james\OneDrive - Lancaster University\Documents\Projects\MARS-Summer-Research\data\raw\KolektorSDD2\test\20332_GT.png
test,test,20333,0,Normal,C:\Users\james\OneDrive - Lancaster University\Documents\Projects\MARS-Summer-Research\data\raw\KolektorSDD2\test\20333.png,C:\Users\james\OneDrive - Lancaster University\Documents\Projects\MARS-Summer-Research\data\raw\KolektorSDD2\test\20333_GT.png
test,test,20334,1,Defective,C:\Users\james\OneDrive - Lancaster University\Documents\Projects\MARS-Summer-Research\data\raw\KolektorSDD2\test\20334.png,C:\Users\james\OneDrive - Lancaster University\Documents\Projects\MARS-Summer-Research\data\raw\KolektorSDD2\test\20334_GT.png
test,test,20335,0,Normal,C:\Users\james\OneDrive - Lancaster University\Documents\Projects\MARS-Summer-Research\data\raw\KolektorSDD2\test\20335.png,C:\Users\james\OneDrive - Lancaster University\Documents\Projects\MARS-Summer-Research\data\raw\KolektorSDD2\test\20335_GT.png
test,test,20336,0,Normal,C:\Users\james\OneDrive - Lancaster University\Documents\Projects\MARS-Summer-Research\data\raw\KolektorSDD2\test\20336.png,C:\Users\james\OneDrive - Lancaster University\Documents\Projects\MARS-Summer-Research\data\raw\KolektorSDD2\test\20336_GT.png
test,test,20337,0,Normal,C:\Users\james\OneDrive - Lancaster University\Documents\Projects\MARS-Summer-Research\data\raw\KolektorSDD2\test\20337.png,C:\Users\james\OneDrive - Lancaster University\Documents\Projects\MARS-Summer-Research\data\raw\KolektorSDD2\test\20337_GT.png
test,test,20338,0,Normal,C:\Users\james\OneDrive - Lancaster University\Documents\Projects\MARS-Summer-Research\data\raw\KolektorSDD2\test\20338.png,C:\Users\james\OneDrive - Lancaster University\Documents\Projects\MARS-Summer-Research\data\raw\KolektorSDD2\test\20338_GT.png
test,test,20339,0,Normal,C:\Users\james\OneDrive - Lancaster University\Documents\Projects\MARS-Summer-Research\data\raw\KolektorSDD2\test\20339.png,C:\Users\james\OneDrive - Lancaster University\Documents\Projects\MARS-Summer-Research\data\raw\KolektorSDD2\test\20339_GT.png
test,test,20340,0,Normal,C:\Users\james\OneDrive - Lancaster University\Documents\Projects\MARS-Summer-Research\data\raw\KolektorSDD2\test\20340.png,C:\Users\james\OneDrive - Lancaster University\Documents\Projects\MARS-Summer-Research\data\raw\KolektorSDD2\test\20340_GT.png
test,test,20341,0,Normal,C:\Users\james\OneDrive - Lancaster University\Documents\Projects\MARS-Summer-Research\data\raw\KolektorSDD2\test\20341.png,C:\Users\james\OneDrive - Lancaster University\Documents\Projects\MARS-Summer-Research\data\raw\KolektorSDD2\test\20341_GT.png
test,test,20342,0,Normal,C:\Users\james\OneDrive - Lancaster University\Documents\Projects\MARS-Summer-Research\data\raw\KolektorSDD2\test\20342.png,C:\Users\james\OneDrive - Lancaster University\Documents\Projects\MARS-Summer-Research\data\raw\KolektorSDD2\test\20342_GT.png
test,test,20343,0,Normal,C:\Users\james\OneDrive - Lancaster University\Documents\Projects\MARS-Summer-Research\data\raw\KolektorSDD2\test\20343.png,C:\Users\james\OneDrive - Lancaster University\Documents\Projects\MARS-Summer-Research\data\raw\KolektorSDD2\test\20343_GT.png
test,test,20344,0,Normal,C:\Users\james\OneDrive - Lancaster University\Documents\Projects\MARS-Summer-Research\data\raw\KolektorSDD2\test\20344.png,C:\Users\james\OneDrive - Lancaster University\Documents\Projects\MARS-Summer-Research\data\raw\KolektorSDD2\test\20344_GT.png
test,test,20345,0,Normal,C:\Users\james\OneDrive - Lancaster University\Documents\Projects\MARS-Summer-Research\data\raw\KolektorSDD2\test\20345.png,C:\Users\james\OneDrive - Lancaster University\Documents\Projects\MARS-Summer-Research\data\raw\KolektorSDD2\test\20345_GT.png
test,test,20346,0,Normal,C:\Users\james\OneDrive - Lancaster University\Documents\Projects\MARS-Summer-Research\data\raw\KolektorSDD2\test\20346.png,C:\Users\james\OneDrive - Lancaster University\Documents\Projects\MARS-Summer-Research\data\raw\KolektorSDD2\test\20346_GT.png
test,test,20347,0,Normal,C:\Users\james\OneDrive - Lancaster University\Documents\Projects\MARS-Summer-Research\data\raw\KolektorSDD2\test\20347.png,C:\Users\james\OneDrive - Lancaster University\Documents\Projects\MARS-Summer-Research\data\raw\KolektorSDD2\test\20347_GT.png
test,test,20348,0,Normal,C:\Users\james\OneDrive - Lancaster University\Documents\Projects\MARS-Summer-Research\data\raw\KolektorSDD2\test\20348.png,C:\Users\james\OneDrive - Lancaster University\Documents\Projects\MARS-Summer-Research\data\raw\KolektorSDD2\test\20348_GT.png
test,test,20349,0,Normal,C:\Users\james\OneDrive - Lancaster University\Documents\Projects\MARS-Summer-Research\data\raw\KolektorSDD2\test\20349.png,C:\Users\james\OneDrive - Lancaster University\Documents\Projects\MARS-Summer-Research\data\raw\KolektorSDD2\test\20349_GT.png
test,test,20350,0,Normal,C:\Users\james\OneDrive - Lancaster University\Documents\Projects\MARS-Summer-Research\data\raw\KolektorSDD2\test\20350.png,C:\Users\james\OneDrive - Lancaster University\Documents\Projects\MARS-Summer-Research\data\raw\KolektorSDD2\test\20350_GT.png
test,test,20351,0,Normal,C:\Users\james\OneDrive - Lancaster University\Documents\Projects\MARS-Summer-Research\data\raw\KolektorSDD2\test\20351.png,C:\Users\james\OneDrive - Lancaster University\Documents\Projects\MARS-Summer-Research\data\raw\KolektorSDD2\test\20351_GT.png
test,test,20352,0,Normal,C:\Users\james\OneDrive - Lancaster University\Documents\Projects\MARS-Summer-Research\data\raw\KolektorSDD2\test\20352.png,C:\Users\james\OneDrive - Lancaster University\Documents\Projects\MARS-Summer-Research\data\raw\KolektorSDD2\test\20352_GT.png
test,test,20353,0,Normal,C:\Users\james\OneDrive - Lancaster University\Documents\Projects\MARS-Summer-Research\data\raw\KolektorSDD2\test\20353.png,C:\Users\james\OneDrive - Lancaster University\Documents\Projects\MARS-Summer-Research\data\raw\KolektorSDD2\test\20353_GT.png
test,test,20354,0,Normal,C:\Users\james\OneDrive - Lancaster University\Documents\Projects\MARS-Summer-Research\data\raw\KolektorSDD2\test\20354.png,C:\Users\james\OneDrive - Lancaster University\Documents\Projects\MARS-Summer-Research\data\raw\KolektorSDD2\test\20354_GT.png
test,test,20355,0,Normal,C:\Users\james\OneDrive - Lancaster University\Documents\Projects\MARS-Summer-Research\data\raw\KolektorSDD2\test\20355.png,C:\Users\james\OneDrive - Lancaster University\Documents\Projects\MARS-Summer-Research\data\raw\KolektorSDD2\test\20355_GT.png
test,test,20356,0,Normal,C:\Users\james\OneDrive - Lancaster University\Documents\Projects\MARS-Summer-Research\data\raw\KolektorSDD2\test\20356.png,C:\Users\james\OneDrive - Lancaster University\Documents\Projects\MARS-Summer-Research\data\raw\KolektorSDD2\test\20356_GT.png
test,test,20357,0,Normal,C:\Users\james\OneDrive - Lancaster University\Documents\Projects\MARS-Summer-Research\data\raw\KolektorSDD2\test\20357.png,C:\Users\james\OneDrive - Lancaster University\Documents\Projects\MARS-Summer-Research\data\raw\KolektorSDD2\test\20357_GT.png
test,test,20358,0,Normal,C:\Users\james\OneDrive - Lancaster University\Documents\Projects\MARS-Summer-Research\data\raw\KolektorSDD2\test\20358.png,C:\Users\james\OneDrive - Lancaster University\Documents\Projects\MARS-Summer-Research\data\raw\KolektorSDD2\test\20358_GT.png
test,test,20359,0,Normal,C:\Users\james\OneDrive - Lancaster University\Documents\Projects\MARS-Summer-Research\data\raw\KolektorSDD2\test\20359.png,C:\Users\james\OneDrive - Lancaster University\Documents\Projects\MARS-Summer-Research\data\raw\KolektorSDD2\test\20359_GT.png
test,test,20360,0,Normal,C:\Users\james\OneDrive - Lancaster University\Documents\Projects\MARS-Summer-Research\data\raw\KolektorSDD2\test\20360.png,C:\Users\james\OneDrive - Lancaster University\Documents\Projects\MARS-Summer-Research\data\raw\KolektorSDD2\test\20360_GT.png
test,test,20361,0,Normal,C:\Users\james\OneDrive - Lancaster University\Documents\Projects\MARS-Summer-Research\data\raw\KolektorSDD2\test\20361.png,C:\Users\james\OneDrive - Lancaster University\Documents\Projects\MARS-Summer-Research\data\raw\KolektorSDD2\test\20361_GT.png
test,test,20362,0,Normal,C:\Users\james\OneDrive - Lancaster University\Documents\Projects\MARS-Summer-Research\data\raw\KolektorSDD2\test\20362.png,C:\Users\james\OneDrive - Lancaster University\Documents\Projects\MARS-Summer-Research\data\raw\KolektorSDD2\test\20362_GT.png
test,test,20363,0,Normal,C:\Users\james\OneDrive - Lancaster University\Documents\Projects\MARS-Summer-Research\data\raw\KolektorSDD2\test\20363.png,C:\Users\james\OneDrive - Lancaster University\Documents\Projects\MARS-Summer-Research\data\raw\KolektorSDD2\test\20363_GT.png
test,test,20364,0,Normal,C:\Users\james\OneDrive - Lancaster University\Documents\Projects\MARS-Summer-Research\data\raw\KolektorSDD2\test\20364.png,C:\Users\james\OneDrive - Lancaster University\Documents\Projects\MARS-Summer-Research\data\raw\KolektorSDD2\test\20364_GT.png
test,test,20365,0,Normal,C:\Users\james\OneDrive - Lancaster University\Documents\Projects\MARS-Summer-Research\data\raw\KolektorSDD2\test\20365.png,C:\Users\james\OneDrive - Lancaster University\Documents\Projects\MARS-Summer-Research\data\raw\KolektorSDD2\test\20365_GT.png
test,test,20366,0,Normal,C:\Users\james\OneDrive - Lancaster University\Documents\Projects\MARS-Summer-Research\data\raw\KolektorSDD2\test\20366.png,C:\Users\james\OneDrive - Lancaster University\Documents\Projects\MARS-Summer-Research\data\raw\KolektorSDD2\test\20366_GT.png
test,test,20367,0,Normal,C:\Users\james\OneDrive - Lancaster University\Documents\Projects\MARS-Summer-Research\data\raw\KolektorSDD2\test\20367.png,C:\Users\james\OneDrive - Lancaster University\Documents\Projects\MARS-Summer-Research\data\raw\KolektorSDD2\test\20367_GT.png
test,test,20368,0,Normal,C:\Users\james\OneDrive - Lancaster University\Documents\Projects\MARS-Summer-Research\data\raw\KolektorSDD2\test\20368.png,C:\Users\james\OneDrive - Lancaster University\Documents\Projects\MARS-Summer-Research\data\raw\KolektorSDD2\test\20368_GT.png
test,test,20369,0,Normal,C:\Users\james\OneDrive - Lancaster University\Documents\Projects\MARS-Summer-Research\data\raw\KolektorSDD2\test\20369.png,C:\Users\james\OneDrive - Lancaster University\Documents\Projects\MARS-Summer-Research\data\raw\KolektorSDD2\test\20369_GT.png
test,test,20370,0,Normal,C:\Users\james\OneDrive - Lancaster University\Documents\Projects\MARS-Summer-Research\data\raw\KolektorSDD2\test\20370.png,C:\Users\james\OneDrive - Lancaster University\Documents\Projects\MARS-Summer-Research\data\raw\KolektorSDD2\test\20370_GT.png
test,test,20371,0,Normal,C:\Users\james\OneDrive - Lancaster University\Documents\Projects\MARS-Summer-Research\data\raw\KolektorSDD2\test\20371.png,C:\Users\james\OneDrive - Lancaster University\Documents\Projects\MARS-Summer-Research\data\raw\KolektorSDD2\test\20371_GT.png
test,test,20372,0,Normal,C:\Users\james\OneDrive - Lancaster University\Documents\Projects\MARS-Summer-Research\data\raw\KolektorSDD2\test\20372.png,C:\Users\james\OneDrive - Lancaster University\Documents\Projects\MARS-Summer-Research\data\raw\KolektorSDD2\test\20372_GT.png
test,test,20373,0,Normal,C:\Users\james\OneDrive - Lancaster University\Documents\Projects\MARS-Summer-Research\data\raw\KolektorSDD2\test\20373.png,C:\Users\james\OneDrive - Lancaster University\Documents\Projects\MARS-Summer-Research\data\raw\KolektorSDD2\test\20373_GT.png
test,test,20374,0,Normal,C:\Users\james\OneDrive - Lancaster University\Documents\Projects\MARS-Summer-Research\data\raw\KolektorSDD2\test\20374.png,C:\Users\james\OneDrive - Lancaster University\Documents\Projects\MARS-Summer-Research\data\raw\KolektorSDD2\test\20374_GT.png
test,test,20375,0,Normal,C:\Users\james\OneDrive - Lancaster University\Documents\Projects\MARS-Summer-Research\data\raw\KolektorSDD2\test\20375.png,C:\Users\james\OneDrive - Lancaster University\Documents\Projects\MARS-Summer-Research\data\raw\KolektorSDD2\test\20375_GT.png
test,test,20376,0,Normal,C:\Users\james\OneDrive - Lancaster University\Documents\Projects\MARS-Summer-Research\data\raw\KolektorSDD2\test\20376.png,C:\Users\james\OneDrive - Lancaster University\Documents\Projects\MARS-Summer-Research\data\raw\KolektorSDD2\test\20376_GT.png
test,test,20377,0,Normal,C:\Users\james\OneDrive - Lancaster University\Documents\Projects\MARS-Summer-Research\data\raw\KolektorSDD2\test\20377.png,C:\Users\james\OneDrive - Lancaster University\Documents\Projects\MARS-Summer-Research\data\raw\KolektorSDD2\test\20377_GT.png
test,test,20378,1,Defective,C:\Users\james\OneDrive - Lancaster University\Documents\Projects\MARS-Summer-Research\data\raw\KolektorSDD2\test\20378.png,C:\Users\james\OneDrive - Lancaster University\Documents\Projects\MARS-Summer-Research\data\raw\KolektorSDD2\test\20378_GT.png
test,test,20379,0,Normal,C:\Users\james\OneDrive - Lancaster University\Documents\Projects\MARS-Summer-Research\data\raw\KolektorSDD2\test\20379.png,C:\Users\james\OneDrive - Lancaster University\Documents\Projects\MARS-Summer-Research\data\raw\KolektorSDD2\test\20379_GT.png
test,test,20380,0,Normal,C:\Users\james\OneDrive - Lancaster University\Documents\Projects\MARS-Summer-Research\data\raw\KolektorSDD2\test\20380.png,C:\Users\james\OneDrive - Lancaster University\Documents\Projects\MARS-Summer-Research\data\raw\KolektorSDD2\test\20380_GT.png
test,test,20381,0,Normal,C:\Users\james\OneDrive - Lancaster University\Documents\Projects\MARS-Summer-Research\data\raw\KolektorSDD2\test\20381.png,C:\Users\james\OneDrive - Lancaster University\Documents\Projects\MARS-Summer-Research\data\raw\KolektorSDD2\test\20381_GT.png
test,test,20382,0,Normal,C:\Users\james\OneDrive - Lancaster University\Documents\Projects\MARS-Summer-Research\data\raw\KolektorSDD2\test\20382.png,C:\Users\james\OneDrive - Lancaster University\Documents\Projects\MARS-Summer-Research\data\raw\KolektorSDD2\test\20382_GT.png
test,test,20383,0,Normal,C:\Users\james\OneDrive - Lancaster University\Documents\Projects\MARS-Summer-Research\data\raw\KolektorSDD2\test\20383.png,C:\Users\james\OneDrive - Lancaster University\Documents\Projects\MARS-Summer-Research\data\raw\KolektorSDD2\test\20383_GT.png
test,test,20384,0,Normal,C:\Users\james\OneDrive - Lancaster University\Documents\Projects\MARS-Summer-Research\data\raw\KolektorSDD2\test\20384.png,C:\Users\james\OneDrive - Lancaster University\Documents\Projects\MARS-Summer-Research\data\raw\KolektorSDD2\test\20384_GT.png
test,test,20385,0,Normal,C:\Users\james\OneDrive - Lancaster University\Documents\Projects\MARS-Summer-Research\data\raw\KolektorSDD2\test\20385.png,C:\Users\james\OneDrive - Lancaster University\Documents\Projects\MARS-Summer-Research\data\raw\KolektorSDD2\test\20385_GT.png
test,test,20386,0,Normal,C:\Users\james\OneDrive - Lancaster University\Documents\Projects\MARS-Summer-Research\data\raw\KolektorSDD2\test\20386.png,C:\Users\james\OneDrive - Lancaster University\Documents\Projects\MARS-Summer-Research\data\raw\KolektorSDD2\test\20386_GT.png
test,test,20387,0,Normal,C:\Users\james\OneDrive - Lancaster University\Documents\Projects\MARS-Summer-Research\data\raw\KolektorSDD2\test\20387.png,C:\Users\james\OneDrive - Lancaster University\Documents\Projects\MARS-Summer-Research\data\raw\KolektorSDD2\test\20387_GT.png
test,test,20388,0,Normal,C:\Users\james\OneDrive - Lancaster University\Documents\Projects\MARS-Summer-Research\data\raw\KolektorSDD2\test\20388.png,C:\Users\james\OneDrive - Lancaster University\Documents\Projects\MARS-Summer-Research\data\raw\KolektorSDD2\test\20388_GT.png
test,test,20389,0,Normal,C:\Users\james\OneDrive - Lancaster University\Documents\Projects\MARS-Summer-Research\data\raw\KolektorSDD2\test\20389.png,C:\Users\james\OneDrive - Lancaster University\Documents\Projects\MARS-Summer-Research\data\raw\KolektorSDD2\test\20389_GT.png
test,test,20390,0,Normal,C:\Users\james\OneDrive - Lancaster University\Documents\Projects\MARS-Summer-Research\data\raw\KolektorSDD2\test\20390.png,C:\Users\james\OneDrive - Lancaster University\Documents\Projects\MARS-Summer-Research\data\raw\KolektorSDD2\test\20390_GT.png
test,test,20391,0,Normal,C:\Users\james\OneDrive - Lancaster University\Documents\Projects\MARS-Summer-Research\data\raw\KolektorSDD2\test\20391.png,C:\Users\james\OneDrive - Lancaster University\Documents\Projects\MARS-Summer-Research\data\raw\KolektorSDD2\test\20391_GT.png
test,test,20392,1,Defective,C:\Users\james\OneDrive - Lancaster University\Documents\Projects\MARS-Summer-Research\data\raw\KolektorSDD2\test\20392.png,C:\Users\james\OneDrive - Lancaster University\Documents\Projects\MARS-Summer-Research\data\raw\KolektorSDD2\test\20392_GT.png
test,test,20393,0,Normal,C:\Users\james\OneDrive - Lancaster University\Documents\Projects\MARS-Summer-Research\data\raw\KolektorSDD2\test\20393.png,C:\Users\james\OneDrive - Lancaster University\Documents\Projects\MARS-Summer-Research\data\raw\KolektorSDD2\test\20393_GT.png
test,test,20394,0,Normal,C:\Users\james\OneDrive - Lancaster University\Documents\Projects\MARS-Summer-Research\data\raw\KolektorSDD2\test\20394.png,C:\Users\james\OneDrive - Lancaster University\Documents\Projects\MARS-Summer-Research\data\raw\KolektorSDD2\test\20394_GT.png
test,test,20395,0,Normal,C:\Users\james\OneDrive - Lancaster University\Documents\Projects\MARS-Summer-Research\data\raw\KolektorSDD2\test\20395.png,C:\Users\james\OneDrive - Lancaster University\Documents\Projects\MARS-Summer-Research\data\raw\KolektorSDD2\test\20395_GT.png
test,test,20396,0,Normal,C:\Users\james\OneDrive - Lancaster University\Documents\Projects\MARS-Summer-Research\data\raw\KolektorSDD2\test\20396.png,C:\Users\james\OneDrive - Lancaster University\Documents\Projects\MARS-Summer-Research\data\raw\KolektorSDD2\test\20396_GT.png
test,test,20397,0,Normal,C:\Users\james\OneDrive - Lancaster University\Documents\Projects\MARS-Summer-Research\data\raw\KolektorSDD2\test\20397.png,C:\Users\james\OneDrive - Lancaster University\Documents\Projects\MARS-Summer-Research\data\raw\KolektorSDD2\test\20397_GT.png
test,test,20398,0,Normal,C:\Users\james\OneDrive - Lancaster University\Documents\Projects\MARS-Summer-Research\data\raw\KolektorSDD2\test\20398.png,C:\Users\james\OneDrive - Lancaster University\Documents\Projects\MARS-Summer-Research\data\raw\KolektorSDD2\test\20398_GT.png
test,test,20399,0,Normal,C:\Users\james\OneDrive - Lancaster University\Documents\Projects\MARS-Summer-Research\data\raw\KolektorSDD2\test\20399.png,C:\Users\james\OneDrive - Lancaster University\Documents\Projects\MARS-Summer-Research\data\raw\KolektorSDD2\test\20399_GT.png
test,test,20400,0,Normal,C:\Users\james\OneDrive - Lancaster University\Documents\Projects\MARS-Summer-Research\data\raw\KolektorSDD2\test\20400.png,C:\Users\james\OneDrive - Lancaster University\Documents\Projects\MARS-Summer-Research\data\raw\KolektorSDD2\test\20400_GT.png
test,test,20401,0,Normal,C:\Users\james\OneDrive - Lancaster University\Documents\Projects\MARS-Summer-Research\data\raw\KolektorSDD2\test\20401.png,C:\Users\james\OneDrive - Lancaster University\Documents\Projects\MARS-Summer-Research\data\raw\KolektorSDD2\test\20401_GT.png
test,test,20402,0,Normal,C:\Users\james\OneDrive - Lancaster University\Documents\Projects\MARS-Summer-Research\data\raw\KolektorSDD2\test\20402.png,C:\Users\james\OneDrive - Lancaster University\Documents\Projects\MARS-Summer-Research\data\raw\KolektorSDD2\test\20402_GT.png
test,test,20403,1,Defective,C:\Users\james\OneDrive - Lancaster University\Documents\Projects\MARS-Summer-Research\data\raw\KolektorSDD2\test\20403.png,C:\Users\james\OneDrive - Lancaster University\Documents\Projects\MARS-Summer-Research\data\raw\KolektorSDD2\test\20403_GT.png
test,test,20404,0,Normal,C:\Users\james\OneDrive - Lancaster University\Documents\Projects\MARS-Summer-Research\data\raw\KolektorSDD2\test\20404.png,C:\Users\james\OneDrive - Lancaster University\Documents\Projects\MARS-Summer-Research\data\raw\KolektorSDD2\test\20404_GT.png
test,test,20405,0,Normal,C:\Users\james\OneDrive - Lancaster University\Documents\Projects\MARS-Summer-Research\data\raw\KolektorSDD2\test\20405.png,C:\Users\james\OneDrive - Lancaster University\Documents\Projects\MARS-Summer-Research\data\raw\KolektorSDD2\test\20405_GT.png
test,test,20406,0,Normal,C:\Users\james\OneDrive - Lancaster University\Documents\Projects\MARS-Summer-Research\data\raw\KolektorSDD2\test\20406.png,C:\Users\james\OneDrive - Lancaster University\Documents\Projects\MARS-Summer-Research\data\raw\KolektorSDD2\test\20406_GT.png
test,test,20407,0,Normal,C:\Users\james\OneDrive - Lancaster University\Documents\Projects\MARS-Summer-Research\data\raw\KolektorSDD2\test\20407.png,C:\Users\james\OneDrive - Lancaster University\Documents\Projects\MARS-Summer-Research\data\raw\KolektorSDD2\test\20407_GT.png
test,test,20408,0,Normal,C:\Users\james\OneDrive - Lancaster University\Documents\Projects\MARS-Summer-Research\data\raw\KolektorSDD2\test\20408.png,C:\Users\james\OneDrive - Lancaster University\Documents\Projects\MARS-Summer-Research\data\raw\KolektorSDD2\test\20408_GT.png
test,test,20409,0,Normal,C:\Users\james\OneDrive - Lancaster University\Documents\Projects\MARS-Summer-Research\data\raw\KolektorSDD2\test\20409.png,C:\Users\james\OneDrive - Lancaster University\Documents\Projects\MARS-Summer-Research\data\raw\KolektorSDD2\test\20409_GT.png
test,test,20410,0,Normal,C:\Users\james\OneDrive - Lancaster University\Documents\Projects\MARS-Summer-Research\data\raw\KolektorSDD2\test\20410.png,C:\Users\james\OneDrive - Lancaster University\Documents\Projects\MARS-Summer-Research\data\raw\KolektorSDD2\test\20410_GT.png
test,test,20411,0,Normal,C:\Users\james\OneDrive - Lancaster University\Documents\Projects\MARS-Summer-Research\data\raw\KolektorSDD2\test\20411.png,C:\Users\james\OneDrive - Lancaster University\Documents\Projects\MARS-Summer-Research\data\raw\KolektorSDD2\test\20411_GT.png
test,test,20412,0,Normal,C:\Users\james\OneDrive - Lancaster University\Documents\Projects\MARS-Summer-Research\data\raw\KolektorSDD2\test\20412.png,C:\Users\james\OneDrive - Lancaster University\Documents\Projects\MARS-Summer-Research\data\raw\KolektorSDD2\test\20412_GT.png
test,test,20413,0,Normal,C:\Users\james\OneDrive - Lancaster University\Documents\Projects\MARS-Summer-Research\data\raw\KolektorSDD2\test\20413.png,C:\Users\james\OneDrive - Lancaster University\Documents\Projects\MARS-Summer-Research\data\raw\KolektorSDD2\test\20413_GT.png
test,test,20414,0,Normal,C:\Users\james\OneDrive - Lancaster University\Documents\Projects\MARS-Summer-Research\data\raw\KolektorSDD2\test\20414.png,C:\Users\james\OneDrive - Lancaster University\Documents\Projects\MARS-Summer-Research\data\raw\KolektorSDD2\test\20414_GT.png
test,test,20415,0,Normal,C:\Users\james\OneDrive - Lancaster University\Documents\Projects\MARS-Summer-Research\data\raw\KolektorSDD2\test\20415.png,C:\Users\james\OneDrive - Lancaster University\Documents\Projects\MARS-Summer-Research\data\raw\KolektorSDD2\test\20415_GT.png
test,test,20416,1,Defective,C:\Users\james\OneDrive - Lancaster University\Documents\Projects\MARS-Summer-Research\data\raw\KolektorSDD2\test\20416.png,C:\Users\james\OneDrive - Lancaster University\Documents\Projects\MARS-Summer-Research\data\raw\KolektorSDD2\test\20416_GT.png
test,test,20417,0,Normal,C:\Users\james\OneDrive - Lancaster University\Documents\Projects\MARS-Summer-Research\data\raw\KolektorSDD2\test\20417.png,C:\Users\james\OneDrive - Lancaster University\Documents\Projects\MARS-Summer-Research\data\raw\KolektorSDD2\test\20417_GT.png
test,test,20418,0,Normal,C:\Users\james\OneDrive - Lancaster University\Documents\Projects\MARS-Summer-Research\data\raw\KolektorSDD2\test\20418.png,C:\Users\james\OneDrive - Lancaster University\Documents\Projects\MARS-Summer-Research\data\raw\KolektorSDD2\test\20418_GT.png
test,test,20419,0,Normal,C:\Users\james\OneDrive - Lancaster University\Documents\Projects\MARS-Summer-Research\data\raw\KolektorSDD2\test\20419.png,C:\Users\james\OneDrive - Lancaster University\Documents\Projects\MARS-Summer-Research\data\raw\KolektorSDD2\test\20419_GT.png
test,test,20420,0,Normal,C:\Users\james\OneDrive - Lancaster University\Documents\Projects\MARS-Summer-Research\data\raw\KolektorSDD2\test\20420.png,C:\Users\james\OneDrive - Lancaster University\Documents\Projects\MARS-Summer-Research\data\raw\KolektorSDD2\test\20420_GT.png
test,test,20421,0,Normal,C:\Users\james\OneDrive - Lancaster University\Documents\Projects\MARS-Summer-Research\data\raw\KolektorSDD2\test\20421.png,C:\Users\james\OneDrive - Lancaster University\Documents\Projects\MARS-Summer-Research\data\raw\KolektorSDD2\test\20421_GT.png
test,test,20422,0,Normal,C:\Users\james\OneDrive - Lancaster University\Documents\Projects\MARS-Summer-Research\data\raw\KolektorSDD2\test\20422.png,C:\Users\james\OneDrive - Lancaster University\Documents\Projects\MARS-Summer-Research\data\raw\KolektorSDD2\test\20422_GT.png
test,test,20423,0,Normal,C:\Users\james\OneDrive - Lancaster University\Documents\Projects\MARS-Summer-Research\data\raw\KolektorSDD2\test\20423.png,C:\Users\james\OneDrive - Lancaster University\Documents\Projects\MARS-Summer-Research\data\raw\KolektorSDD2\test\20423_GT.png
test,test,20424,0,Normal,C:\Users\james\OneDrive - Lancaster University\Documents\Projects\MARS-Summer-Research\data\raw\KolektorSDD2\test\20424.png,C:\Users\james\OneDrive - Lancaster University\Documents\Projects\MARS-Summer-Research\data\raw\KolektorSDD2\test\20424_GT.png
test,test,20425,0,Normal,C:\Users\james\OneDrive - Lancaster University\Documents\Projects\MARS-Summer-Research\data\raw\KolektorSDD2\test\20425.png,C:\Users\james\OneDrive - Lancaster University\Documents\Projects\MARS-Summer-Research\data\raw\KolektorSDD2\test\20425_GT.png
test,test,20426,1,Defective,C:\Users\james\OneDrive - Lancaster University\Documents\Projects\MARS-Summer-Research\data\raw\KolektorSDD2\test\20426.png,C:\Users\james\OneDrive - Lancaster University\Documents\Projects\MARS-Summer-Research\data\raw\KolektorSDD2\test\20426_GT.png
test,test,20427,0,Normal,C:\Users\james\OneDrive - Lancaster University\Documents\Projects\MARS-Summer-Research\data\raw\KolektorSDD2\test\20427.png,C:\Users\james\OneDrive - Lancaster University\Documents\Projects\MARS-Summer-Research\data\raw\KolektorSDD2\test\20427_GT.png
test,test,20428,1,Defective,C:\Users\james\OneDrive - Lancaster University\Documents\Projects\MARS-Summer-Research\data\raw\KolektorSDD2\test\20428.png,C:\Users\james\OneDrive - Lancaster University\Documents\Projects\MARS-Summer-Research\data\raw\KolektorSDD2\test\20428_GT.png
test,test,20429,0,Normal,C:\Users\james\OneDrive - Lancaster University\Documents\Projects\MARS-Summer-Research\data\raw\KolektorSDD2\test\20429.png,C:\Users\james\OneDrive - Lancaster University\Documents\Projects\MARS-Summer-Research\data\raw\KolektorSDD2\test\20429_GT.png
test,test,20430,0,Normal,C:\Users\james\OneDrive - Lancaster University\Documents\Projects\MARS-Summer-Research\data\raw\KolektorSDD2\test\20430.png,C:\Users\james\OneDrive - Lancaster University\Documents\Projects\MARS-Summer-Research\data\raw\KolektorSDD2\test\20430_GT.png
test,test,20431,0,Normal,C:\Users\james\OneDrive - Lancaster University\Documents\Projects\MARS-Summer-Research\data\raw\KolektorSDD2\test\20431.png,C:\Users\james\OneDrive - Lancaster University\Documents\Projects\MARS-Summer-Research\data\raw\KolektorSDD2\test\20431_GT.png
test,test,20432,0,Normal,C:\Users\james\OneDrive - Lancaster University\Documents\Projects\MARS-Summer-Research\data\raw\KolektorSDD2\test\20432.png,C:\Users\james\OneDrive - Lancaster University\Documents\Projects\MARS-Summer-Research\data\raw\KolektorSDD2\test\20432_GT.png
test,test,20433,0,Normal,C:\Users\james\OneDrive - Lancaster University\Documents\Projects\MARS-Summer-Research\data\raw\KolektorSDD2\test\20433.png,C:\Users\james\OneDrive - Lancaster University\Documents\Projects\MARS-Summer-Research\data\raw\KolektorSDD2\test\20433_GT.png
test,test,20434,1,Defective,C:\Users\james\OneDrive - Lancaster University\Documents\Projects\MARS-Summer-Research\data\raw\KolektorSDD2\test\20434.png,C:\Users\james\OneDrive - Lancaster University\Documents\Projects\MARS-Summer-Research\data\raw\KolektorSDD2\test\20434_GT.png
test,test,20435,0,Normal,C:\Users\james\OneDrive - Lancaster University\Documents\Projects\MARS-Summer-Research\data\raw\KolektorSDD2\test\20435.png,C:\Users\james\OneDrive - Lancaster University\Documents\Projects\MARS-Summer-Research\data\raw\KolektorSDD2\test\20435_GT.png
test,test,20436,0,Normal,C:\Users\james\OneDrive - Lancaster University\Documents\Projects\MARS-Summer-Research\data\raw\KolektorSDD2\test\20436.png,C:\Users\james\OneDrive - Lancaster University\Documents\Projects\MARS-Summer-Research\data\raw\KolektorSDD2\test\20436_GT.png
test,test,20437,0,Normal,C:\Users\james\OneDrive - Lancaster University\Documents\Projects\MARS-Summer-Research\data\raw\KolektorSDD2\test\20437.png,C:\Users\james\OneDrive - Lancaster University\Documents\Projects\MARS-Summer-Research\data\raw\KolektorSDD2\test\20437_GT.png
test,test,20438,0,Normal,C:\Users\james\OneDrive - Lancaster University\Documents\Projects\MARS-Summer-Research\data\raw\KolektorSDD2\test\20438.png,C:\Users\james\OneDrive - Lancaster University\Documents\Projects\MARS-Summer-Research\data\raw\KolektorSDD2\test\20438_GT.png
test,test,20439,1,Defective,C:\Users\james\OneDrive - Lancaster University\Documents\Projects\MARS-Summer-Research\data\raw\KolektorSDD2\test\20439.png,C:\Users\james\OneDrive - Lancaster University\Documents\Projects\MARS-Summer-Research\data\raw\KolektorSDD2\test\20439_GT.png
test,test,20440,0,Normal,C:\Users\james\OneDrive - Lancaster University\Documents\Projects\MARS-Summer-Research\data\raw\KolektorSDD2\test\20440.png,C:\Users\james\OneDrive - Lancaster University\Documents\Projects\MARS-Summer-Research\data\raw\KolektorSDD2\test\20440_GT.png
test,test,20441,0,Normal,C:\Users\james\OneDrive - Lancaster University\Documents\Projects\MARS-Summer-Research\data\raw\KolektorSDD2\test\20441.png,C:\Users\james\OneDrive - Lancaster University\Documents\Projects\MARS-Summer-Research\data\raw\KolektorSDD2\test\20441_GT.png
test,test,20442,0,Normal,C:\Users\james\OneDrive - Lancaster University\Documents\Projects\MARS-Summer-Research\data\raw\KolektorSDD2\test\20442.png,C:\Users\james\OneDrive - Lancaster University\Documents\Projects\MARS-Summer-Research\data\raw\KolektorSDD2\test\20442_GT.png
test,test,20443,0,Normal,C:\Users\james\OneDrive - Lancaster University\Documents\Projects\MARS-Summer-Research\data\raw\KolektorSDD2\test\20443.png,C:\Users\james\OneDrive - Lancaster University\Documents\Projects\MARS-Summer-Research\data\raw\KolektorSDD2\test\20443_GT.png
test,test,20444,0,Normal,C:\Users\james\OneDrive - Lancaster University\Documents\Projects\MARS-Summer-Research\data\raw\KolektorSDD2\test\20444.png,C:\Users\james\OneDrive - Lancaster University\Documents\Projects\MARS-Summer-Research\data\raw\KolektorSDD2\test\20444_GT.png
test,test,20445,0,Normal,C:\Users\james\OneDrive - Lancaster University\Documents\Projects\MARS-Summer-Research\data\raw\KolektorSDD2\test\20445.png,C:\Users\james\OneDrive - Lancaster University\Documents\Projects\MARS-Summer-Research\data\raw\KolektorSDD2\test\20445_GT.png
test,test,20446,0,Normal,C:\Users\james\OneDrive - Lancaster University\Documents\Projects\MARS-Summer-Research\data\raw\KolektorSDD2\test\20446.png,C:\Users\james\OneDrive - Lancaster University\Documents\Projects\MARS-Summer-Research\data\raw\KolektorSDD2\test\20446_GT.png
test,test,20447,0,Normal,C:\Users\james\OneDrive - Lancaster University\Documents\Projects\MARS-Summer-Research\data\raw\KolektorSDD2\test\20447.png,C:\Users\james\OneDrive - Lancaster University\Documents\Projects\MARS-Summer-Research\data\raw\KolektorSDD2\test\20447_GT.png
test,test,20448,0,Normal,C:\Users\james\OneDrive - Lancaster University\Documents\Projects\MARS-Summer-Research\data\raw\KolektorSDD2\test\20448.png,C:\Users\james\OneDrive - Lancaster University\Documents\Projects\MARS-Summer-Research\data\raw\KolektorSDD2\test\20448_GT.png
test,test,20449,0,Normal,C:\Users\james\OneDrive - Lancaster University\Documents\Projects\MARS-Summer-Research\data\raw\KolektorSDD2\test\20449.png,C:\Users\james\OneDrive - Lancaster University\Documents\Projects\MARS-Summer-Research\data\raw\KolektorSDD2\test\20449_GT.png
test,test,20450,0,Normal,C:\Users\james\OneDrive - Lancaster University\Documents\Projects\MARS-Summer-Research\data\raw\KolektorSDD2\test\20450.png,C:\Users\james\OneDrive - Lancaster University\Documents\Projects\MARS-Summer-Research\data\raw\KolektorSDD2\test\20450_GT.png
test,test,20451,0,Normal,C:\Users\james\OneDrive - Lancaster University\Documents\Projects\MARS-Summer-Research\data\raw\KolektorSDD2\test\20451.png,C:\Users\james\OneDrive - Lancaster University\Documents\Projects\MARS-Summer-Research\data\raw\KolektorSDD2\test\20451_GT.png
test,test,20452,1,Defective,C:\Users\james\OneDrive - Lancaster University\Documents\Projects\MARS-Summer-Research\data\raw\KolektorSDD2\test\20452.png,C:\Users\james\OneDrive - Lancaster University\Documents\Projects\MARS-Summer-Research\data\raw\KolektorSDD2\test\20452_GT.png
test,test,20453,0,Normal,C:\Users\james\OneDrive - Lancaster University\Documents\Projects\MARS-Summer-Research\data\raw\KolektorSDD2\test\20453.png,C:\Users\james\OneDrive - Lancaster University\Documents\Projects\MARS-Summer-Research\data\raw\KolektorSDD2\test\20453_GT.png
test,test,20454,0,Normal,C:\Users\james\OneDrive - Lancaster University\Documents\Projects\MARS-Summer-Research\data\raw\KolektorSDD2\test\20454.png,C:\Users\james\OneDrive - Lancaster University\Documents\Projects\MARS-Summer-Research\data\raw\KolektorSDD2\test\20454_GT.png
test,test,20455,0,Normal,C:\Users\james\OneDrive - Lancaster University\Documents\Projects\MARS-Summer-Research\data\raw\KolektorSDD2\test\20455.png,C:\Users\james\OneDrive - Lancaster University\Documents\Projects\MARS-Summer-Research\data\raw\KolektorSDD2\test\20455_GT.png
test,test,20456,0,Normal,C:\Users\james\OneDrive - Lancaster University\Documents\Projects\MARS-Summer-Research\data\raw\KolektorSDD2\test\20456.png,C:\Users\james\OneDrive - Lancaster University\Documents\Projects\MARS-Summer-Research\data\raw\KolektorSDD2\test\20456_GT.png
test,test,20457,1,Defective,C:\Users\james\OneDrive - Lancaster University\Documents\Projects\MARS-Summer-Research\data\raw\KolektorSDD2\test\20457.png,C:\Users\james\OneDrive - Lancaster University\Documents\Projects\MARS-Summer-Research\data\raw\KolektorSDD2\test\20457_GT.png
test,test,20458,0,Normal,C:\Users\james\OneDrive - Lancaster University\Documents\Projects\MARS-Summer-Research\data\raw\KolektorSDD2\test\20458.png,C:\Users\james\OneDrive - Lancaster University\Documents\Projects\MARS-Summer-Research\data\raw\KolektorSDD2\test\20458_GT.png
test,test,20459,0,Normal,C:\Users\james\OneDrive - Lancaster University\Documents\Projects\MARS-Summer-Research\data\raw\KolektorSDD2\test\20459.png,C:\Users\james\OneDrive - Lancaster University\Documents\Projects\MARS-Summer-Research\data\raw\KolektorSDD2\test\20459_GT.png
test,test,20460,0,Normal,C:\Users\james\OneDrive - Lancaster University\Documents\Projects\MARS-Summer-Research\data\raw\KolektorSDD2\test\20460.png,C:\Users\james\OneDrive - Lancaster University\Documents\Projects\MARS-Summer-Research\data\raw\KolektorSDD2\test\20460_GT.png
test,test,20461,0,Normal,C:\Users\james\OneDrive - Lancaster University\Documents\Projects\MARS-Summer-Research\data\raw\KolektorSDD2\test\20461.png,C:\Users\james\OneDrive - Lancaster University\Documents\Projects\MARS-Summer-Research\data\raw\KolektorSDD2\test\20461_GT.png
test,test,20462,0,Normal,C:\Users\james\OneDrive - Lancaster University\Documents\Projects\MARS-Summer-Research\data\raw\KolektorSDD2\test\20462.png,C:\Users\james\OneDrive - Lancaster University\Documents\Projects\MARS-Summer-Research\data\raw\KolektorSDD2\test\20462_GT.png
test,test,20463,0,Normal,C:\Users\james\OneDrive - Lancaster University\Documents\Projects\MARS-Summer-Research\data\raw\KolektorSDD2\test\20463.png,C:\Users\james\OneDrive - Lancaster University\Documents\Projects\MARS-Summer-Research\data\raw\KolektorSDD2\test\20463_GT.png
test,test,20464,0,Normal,C:\Users\james\OneDrive - Lancaster University\Documents\Projects\MARS-Summer-Research\data\raw\KolektorSDD2\test\20464.png,C:\Users\james\OneDrive - Lancaster University\Documents\Projects\MARS-Summer-Research\data\raw\KolektorSDD2\test\20464_GT.png
test,test,20465,1,Defective,C:\Users\james\OneDrive - Lancaster University\Documents\Projects\MARS-Summer-Research\data\raw\KolektorSDD2\test\20465.png,C:\Users\james\OneDrive - Lancaster University\Documents\Projects\MARS-Summer-Research\data\raw\KolektorSDD2\test\20465_GT.png
test,test,20466,0,Normal,C:\Users\james\OneDrive - Lancaster University\Documents\Projects\MARS-Summer-Research\data\raw\KolektorSDD2\test\20466.png,C:\Users\james\OneDrive - Lancaster University\Documents\Projects\MARS-Summer-Research\data\raw\KolektorSDD2\test\20466_GT.png
test,test,20467,0,Normal,C:\Users\james\OneDrive - Lancaster University\Documents\Projects\MARS-Summer-Research\data\raw\KolektorSDD2\test\20467.png,C:\Users\james\OneDrive - Lancaster University\Documents\Projects\MARS-Summer-Research\data\raw\KolektorSDD2\test\20467_GT.png
test,test,20468,0,Normal,C:\Users\james\OneDrive - Lancaster University\Documents\Projects\MARS-Summer-Research\data\raw\KolektorSDD2\test\20468.png,C:\Users\james\OneDrive - Lancaster University\Documents\Projects\MARS-Summer-Research\data\raw\KolektorSDD2\test\20468_GT.png
test,test,20469,0,Normal,C:\Users\james\OneDrive - Lancaster University\Documents\Projects\MARS-Summer-Research\data\raw\KolektorSDD2\test\20469.png,C:\Users\james\OneDrive - Lancaster University\Documents\Projects\MARS-Summer-Research\data\raw\KolektorSDD2\test\20469_GT.png
test,test,20470,0,Normal,C:\Users\james\OneDrive - Lancaster University\Documents\Projects\MARS-Summer-Research\data\raw\KolektorSDD2\test\20470.png,C:\Users\james\OneDrive - Lancaster University\Documents\Projects\MARS-Summer-Research\data\raw\KolektorSDD2\test\20470_GT.png
test,test,20471,0,Normal,C:\Users\james\OneDrive - Lancaster University\Documents\Projects\MARS-Summer-Research\data\raw\KolektorSDD2\test\20471.png,C:\Users\james\OneDrive - Lancaster University\Documents\Projects\MARS-Summer-Research\data\raw\KolektorSDD2\test\20471_GT.png
test,test,20472,0,Normal,C:\Users\james\OneDrive - Lancaster University\Documents\Projects\MARS-Summer-Research\data\raw\KolektorSDD2\test\20472.png,C:\Users\james\OneDrive - Lancaster University\Documents\Projects\MARS-Summer-Research\data\raw\KolektorSDD2\test\20472_GT.png
test,test,20473,0,Normal,C:\Users\james\OneDrive - Lancaster University\Documents\Projects\MARS-Summer-Research\data\raw\KolektorSDD2\test\20473.png,C:\Users\james\OneDrive - Lancaster University\Documents\Projects\MARS-Summer-Research\data\raw\KolektorSDD2\test\20473_GT.png
test,test,20474,0,Normal,C:\Users\james\OneDrive - Lancaster University\Documents\Projects\MARS-Summer-Research\data\raw\KolektorSDD2\test\20474.png,C:\Users\james\OneDrive - Lancaster University\Documents\Projects\MARS-Summer-Research\data\raw\KolektorSDD2\test\20474_GT.png
test,test,20475,0,Normal,C:\Users\james\OneDrive - Lancaster University\Documents\Projects\MARS-Summer-Research\data\raw\KolektorSDD2\test\20475.png,C:\Users\james\OneDrive - Lancaster University\Documents\Projects\MARS-Summer-Research\data\raw\KolektorSDD2\test\20475_GT.png
test,test,20476,0,Normal,C:\Users\james\OneDrive - Lancaster University\Documents\Projects\MARS-Summer-Research\data\raw\KolektorSDD2\test\20476.png,C:\Users\james\OneDrive - Lancaster University\Documents\Projects\MARS-Summer-Research\data\raw\KolektorSDD2\test\20476_GT.png
test,test,20477,0,Normal,C:\Users\james\OneDrive - Lancaster University\Documents\Projects\MARS-Summer-Research\data\raw\KolektorSDD2\test\20477.png,C:\Users\james\OneDrive - Lancaster University\Documents\Projects\MARS-Summer-Research\data\raw\KolektorSDD2\test\20477_GT.png
test,test,20478,0,Normal,C:\Users\james\OneDrive - Lancaster University\Documents\Projects\MARS-Summer-Research\data\raw\KolektorSDD2\test\20478.png,C:\Users\james\OneDrive - Lancaster University\Documents\Projects\MARS-Summer-Research\data\raw\KolektorSDD2\test\20478_GT.png
test,test,20479,0,Normal,C:\Users\james\OneDrive - Lancaster University\Documents\Projects\MARS-Summer-Research\data\raw\KolektorSDD2\test\20479.png,C:\Users\james\OneDrive - Lancaster University\Documents\Projects\MARS-Summer-Research\data\raw\KolektorSDD2\test\20479_GT.png
test,test,20480,0,Normal,C:\Users\james\OneDrive - Lancaster University\Documents\Projects\MARS-Summer-Research\data\raw\KolektorSDD2\test\20480.png,C:\Users\james\OneDrive - Lancaster University\Documents\Projects\MARS-Summer-Research\data\raw\KolektorSDD2\test\20480_GT.png
test,test,20481,0,Normal,C:\Users\james\OneDrive - Lancaster University\Documents\Projects\MARS-Summer-Research\data\raw\KolektorSDD2\test\20481.png,C:\Users\james\OneDrive - Lancaster University\Documents\Projects\MARS-Summer-Research\data\raw\KolektorSDD2\test\20481_GT.png
test,test,20482,0,Normal,C:\Users\james\OneDrive - Lancaster University\Documents\Projects\MARS-Summer-Research\data\raw\KolektorSDD2\test\20482.png,C:\Users\james\OneDrive - Lancaster University\Documents\Projects\MARS-Summer-Research\data\raw\KolektorSDD2\test\20482_GT.png
test,test,20483,0,Normal,C:\Users\james\OneDrive - Lancaster University\Documents\Projects\MARS-Summer-Research\data\raw\KolektorSDD2\test\20483.png,C:\Users\james\OneDrive - Lancaster University\Documents\Projects\MARS-Summer-Research\data\raw\KolektorSDD2\test\20483_GT.png
test,test,20484,0,Normal,C:\Users\james\OneDrive - Lancaster University\Documents\Projects\MARS-Summer-Research\data\raw\KolektorSDD2\test\20484.png,C:\Users\james\OneDrive - Lancaster University\Documents\Projects\MARS-Summer-Research\data\raw\KolektorSDD2\test\20484_GT.png
test,test,20485,0,Normal,C:\Users\james\OneDrive - Lancaster University\Documents\Projects\MARS-Summer-Research\data\raw\KolektorSDD2\test\20485.png,C:\Users\james\OneDrive - Lancaster University\Documents\Projects\MARS-Summer-Research\data\raw\KolektorSDD2\test\20485_GT.png
test,test,20486,1,Defective,C:\Users\james\OneDrive - Lancaster University\Documents\Projects\MARS-Summer-Research\data\raw\KolektorSDD2\test\20486.png,C:\Users\james\OneDrive - Lancaster University\Documents\Projects\MARS-Summer-Research\data\raw\KolektorSDD2\test\20486_GT.png
test,test,20487,1,Defective,C:\Users\james\OneDrive - Lancaster University\Documents\Projects\MARS-Summer-Research\data\raw\KolektorSDD2\test\20487.png,C:\Users\james\OneDrive - Lancaster University\Documents\Projects\MARS-Summer-Research\data\raw\KolektorSDD2\test\20487_GT.png
test,test,20488,0,Normal,C:\Users\james\OneDrive - Lancaster University\Documents\Projects\MARS-Summer-Research\data\raw\KolektorSDD2\test\20488.png,C:\Users\james\OneDrive - Lancaster University\Documents\Projects\MARS-Summer-Research\data\raw\KolektorSDD2\test\20488_GT.png
test,test,20489,0,Normal,C:\Users\james\OneDrive - Lancaster University\Documents\Projects\MARS-Summer-Research\data\raw\KolektorSDD2\test\20489.png,C:\Users\james\OneDrive - Lancaster University\Documents\Projects\MARS-Summer-Research\data\raw\KolektorSDD2\test\20489_GT.png
test,test,20490,0,Normal,C:\Users\james\OneDrive - Lancaster University\Documents\Projects\MARS-Summer-Research\data\raw\KolektorSDD2\test\20490.png,C:\Users\james\OneDrive - Lancaster University\Documents\Projects\MARS-Summer-Research\data\raw\KolektorSDD2\test\20490_GT.png
test,test,20491,0,Normal,C:\Users\james\OneDrive - Lancaster University\Documents\Projects\MARS-Summer-Research\data\raw\KolektorSDD2\test\20491.png,C:\Users\james\OneDrive - Lancaster University\Documents\Projects\MARS-Summer-Research\data\raw\KolektorSDD2\test\20491_GT.png
test,test,20492,0,Normal,C:\Users\james\OneDrive - Lancaster University\Documents\Projects\MARS-Summer-Research\data\raw\KolektorSDD2\test\20492.png,C:\Users\james\OneDrive - Lancaster University\Documents\Projects\MARS-Summer-Research\data\raw\KolektorSDD2\test\20492_GT.png
test,test,20493,0,Normal,C:\Users\james\OneDrive - Lancaster University\Documents\Projects\MARS-Summer-Research\data\raw\KolektorSDD2\test\20493.png,C:\Users\james\OneDrive - Lancaster University\Documents\Projects\MARS-Summer-Research\data\raw\KolektorSDD2\test\20493_GT.png
test,test,20494,0,Normal,C:\Users\james\OneDrive - Lancaster University\Documents\Projects\MARS-Summer-Research\data\raw\KolektorSDD2\test\20494.png,C:\Users\james\OneDrive - Lancaster University\Documents\Projects\MARS-Summer-Research\data\raw\KolektorSDD2\test\20494_GT.png
test,test,20495,0,Normal,C:\Users\james\OneDrive - Lancaster University\Documents\Projects\MARS-Summer-Research\data\raw\KolektorSDD2\test\20495.png,C:\Users\james\OneDrive - Lancaster University\Documents\Projects\MARS-Summer-Research\data\raw\KolektorSDD2\test\20495_GT.png
test,test,20496,0,Normal,C:\Users\james\OneDrive - Lancaster University\Documents\Projects\MARS-Summer-Research\data\raw\KolektorSDD2\test\20496.png,C:\Users\james\OneDrive - Lancaster University\Documents\Projects\MARS-Summer-Research\data\raw\KolektorSDD2\test\20496_GT.png
test,test,20497,0,Normal,C:\Users\james\OneDrive - Lancaster University\Documents\Projects\MARS-Summer-Research\data\raw\KolektorSDD2\test\20497.png,C:\Users\james\OneDrive - Lancaster University\Documents\Projects\MARS-Summer-Research\data\raw\KolektorSDD2\test\20497_GT.png
test,test,20498,0,Normal,C:\Users\james\OneDrive - Lancaster University\Documents\Projects\MARS-Summer-Research\data\raw\KolektorSDD2\test\20498.png,C:\Users\james\OneDrive - Lancaster University\Documents\Projects\MARS-Summer-Research\data\raw\KolektorSDD2\test\20498_GT.png
test,test,20499,0,Normal,C:\Users\james\OneDrive - Lancaster University\Documents\Projects\MARS-Summer-Research\data\raw\KolektorSDD2\test\20499.png,C:\Users\james\OneDrive - Lancaster University\Documents\Projects\MARS-Summer-Research\data\raw\KolektorSDD2\test\20499_GT.png
test,test,20500,0,Normal,C:\Users\james\OneDrive - Lancaster University\Documents\Projects\MARS-Summer-Research\data\raw\KolektorSDD2\test\20500.png,C:\Users\james\OneDrive - Lancaster University\Documents\Projects\MARS-Summer-Research\data\raw\KolektorSDD2\test\20500_GT.png
test,test,20501,0,Normal,C:\Users\james\OneDrive - Lancaster University\Documents\Projects\MARS-Summer-Research\data\raw\KolektorSDD2\test\20501.png,C:\Users\james\OneDrive - Lancaster University\Documents\Projects\MARS-Summer-Research\data\raw\KolektorSDD2\test\20501_GT.png
test,test,20502,1,Defective,C:\Users\james\OneDrive - Lancaster University\Documents\Projects\MARS-Summer-Research\data\raw\KolektorSDD2\test\20502.png,C:\Users\james\OneDrive - Lancaster University\Documents\Projects\MARS-Summer-Research\data\raw\KolektorSDD2\test\20502_GT.png
test,test,20503,0,Normal,C:\Users\james\OneDrive - Lancaster University\Documents\Projects\MARS-Summer-Research\data\raw\KolektorSDD2\test\20503.png,C:\Users\james\OneDrive - Lancaster University\Documents\Projects\MARS-Summer-Research\data\raw\KolektorSDD2\test\20503_GT.png
test,test,20504,0,Normal,C:\Users\james\OneDrive - Lancaster University\Documents\Projects\MARS-Summer-Research\data\raw\KolektorSDD2\test\20504.png,C:\Users\james\OneDrive - Lancaster University\Documents\Projects\MARS-Summer-Research\data\raw\KolektorSDD2\test\20504_GT.png
test,test,20505,0,Normal,C:\Users\james\OneDrive - Lancaster University\Documents\Projects\MARS-Summer-Research\data\raw\KolektorSDD2\test\20505.png,C:\Users\james\OneDrive - Lancaster University\Documents\Projects\MARS-Summer-Research\data\raw\KolektorSDD2\test\20505_GT.png
test,test,20506,0,Normal,C:\Users\james\OneDrive - Lancaster University\Documents\Projects\MARS-Summer-Research\data\raw\KolektorSDD2\test\20506.png,C:\Users\james\OneDrive - Lancaster University\Documents\Projects\MARS-Summer-Research\data\raw\KolektorSDD2\test\20506_GT.png
test,test,20507,0,Normal,C:\Users\james\OneDrive - Lancaster University\Documents\Projects\MARS-Summer-Research\data\raw\KolektorSDD2\test\20507.png,C:\Users\james\OneDrive - Lancaster University\Documents\Projects\MARS-Summer-Research\data\raw\KolektorSDD2\test\20507_GT.png
test,test,20508,0,Normal,C:\Users\james\OneDrive - Lancaster University\Documents\Projects\MARS-Summer-Research\data\raw\KolektorSDD2\test\20508.png,C:\Users\james\OneDrive - Lancaster University\Documents\Projects\MARS-Summer-Research\data\raw\KolektorSDD2\test\20508_GT.png
test,test,20509,0,Normal,C:\Users\james\OneDrive - Lancaster University\Documents\Projects\MARS-Summer-Research\data\raw\KolektorSDD2\test\20509.png,C:\Users\james\OneDrive - Lancaster University\Documents\Projects\MARS-Summer-Research\data\raw\KolektorSDD2\test\20509_GT.png
test,test,20510,0,Normal,C:\Users\james\OneDrive - Lancaster University\Documents\Projects\MARS-Summer-Research\data\raw\KolektorSDD2\test\20510.png,C:\Users\james\OneDrive - Lancaster University\Documents\Projects\MARS-Summer-Research\data\raw\KolektorSDD2\test\20510_GT.png
test,test,20511,0,Normal,C:\Users\james\OneDrive - Lancaster University\Documents\Projects\MARS-Summer-Research\data\raw\KolektorSDD2\test\20511.png,C:\Users\james\OneDrive - Lancaster University\Documents\Projects\MARS-Summer-Research\data\raw\KolektorSDD2\test\20511_GT.png
test,test,20512,0,Normal,C:\Users\james\OneDrive - Lancaster University\Documents\Projects\MARS-Summer-Research\data\raw\KolektorSDD2\test\20512.png,C:\Users\james\OneDrive - Lancaster University\Documents\Projects\MARS-Summer-Research\data\raw\KolektorSDD2\test\20512_GT.png
test,test,20513,0,Normal,C:\Users\james\OneDrive - Lancaster University\Documents\Projects\MARS-Summer-Research\data\raw\KolektorSDD2\test\20513.png,C:\Users\james\OneDrive - Lancaster University\Documents\Projects\MARS-Summer-Research\data\raw\KolektorSDD2\test\20513_GT.png
test,test,20514,0,Normal,C:\Users\james\OneDrive - Lancaster University\Documents\Projects\MARS-Summer-Research\data\raw\KolektorSDD2\test\20514.png,C:\Users\james\OneDrive - Lancaster University\Documents\Projects\MARS-Summer-Research\data\raw\KolektorSDD2\test\20514_GT.png
test,test,20515,0,Normal,C:\Users\james\OneDrive - Lancaster University\Documents\Projects\MARS-Summer-Research\data\raw\KolektorSDD2\test\20515.png,C:\Users\james\OneDrive - Lancaster University\Documents\Projects\MARS-Summer-Research\data\raw\KolektorSDD2\test\20515_GT.png
test,test,20516,0,Normal,C:\Users\james\OneDrive - Lancaster University\Documents\Projects\MARS-Summer-Research\data\raw\KolektorSDD2\test\20516.png,C:\Users\james\OneDrive - Lancaster University\Documents\Projects\MARS-Summer-Research\data\raw\KolektorSDD2\test\20516_GT.png
test,test,20517,1,Defective,C:\Users\james\OneDrive - Lancaster University\Documents\Projects\MARS-Summer-Research\data\raw\KolektorSDD2\test\20517.png,C:\Users\james\OneDrive - Lancaster University\Documents\Projects\MARS-Summer-Research\data\raw\KolektorSDD2\test\20517_GT.png
test,test,20518,0,Normal,C:\Users\james\OneDrive - Lancaster University\Documents\Projects\MARS-Summer-Research\data\raw\KolektorSDD2\test\20518.png,C:\Users\james\OneDrive - Lancaster University\Documents\Projects\MARS-Summer-Research\data\raw\KolektorSDD2\test\20518_GT.png
test,test,20519,0,Normal,C:\Users\james\OneDrive - Lancaster University\Documents\Projects\MARS-Summer-Research\data\raw\KolektorSDD2\test\20519.png,C:\Users\james\OneDrive - Lancaster University\Documents\Projects\MARS-Summer-Research\data\raw\KolektorSDD2\test\20519_GT.png
test,test,20520,0,Normal,C:\Users\james\OneDrive - Lancaster University\Documents\Projects\MARS-Summer-Research\data\raw\KolektorSDD2\test\20520.png,C:\Users\james\OneDrive - Lancaster University\Documents\Projects\MARS-Summer-Research\data\raw\KolektorSDD2\test\20520_GT.png
test,test,20521,0,Normal,C:\Users\james\OneDrive - Lancaster University\Documents\Projects\MARS-Summer-Research\data\raw\KolektorSDD2\test\20521.png,C:\Users\james\OneDrive - Lancaster University\Documents\Projects\MARS-Summer-Research\data\raw\KolektorSDD2\test\20521_GT.png
test,test,20522,0,Normal,C:\Users\james\OneDrive - Lancaster University\Documents\Projects\MARS-Summer-Research\data\raw\KolektorSDD2\test\20522.png,C:\Users\james\OneDrive - Lancaster University\Documents\Projects\MARS-Summer-Research\data\raw\KolektorSDD2\test\20522_GT.png
test,test,20523,1,Defective,C:\Users\james\OneDrive - Lancaster University\Documents\Projects\MARS-Summer-Research\data\raw\KolektorSDD2\test\20523.png,C:\Users\james\OneDrive - Lancaster University\Documents\Projects\MARS-Summer-Research\data\raw\KolektorSDD2\test\20523_GT.png
test,test,20524,0,Normal,C:\Users\james\OneDrive - Lancaster University\Documents\Projects\MARS-Summer-Research\data\raw\KolektorSDD2\test\20524.png,C:\Users\james\OneDrive - Lancaster University\Documents\Projects\MARS-Summer-Research\data\raw\KolektorSDD2\test\20524_GT.png
test,test,20525,0,Normal,C:\Users\james\OneDrive - Lancaster University\Documents\Projects\MARS-Summer-Research\data\raw\KolektorSDD2\test\20525.png,C:\Users\james\OneDrive - Lancaster University\Documents\Projects\MARS-Summer-Research\data\raw\KolektorSDD2\test\20525_GT.png
test,test,20526,0,Normal,C:\Users\james\OneDrive - Lancaster University\Documents\Projects\MARS-Summer-Research\data\raw\KolektorSDD2\test\20526.png,C:\Users\james\OneDrive - Lancaster University\Documents\Projects\MARS-Summer-Research\data\raw\KolektorSDD2\test\20526_GT.png
test,test,20527,0,Normal,C:\Users\james\OneDrive - Lancaster University\Documents\Projects\MARS-Summer-Research\data\raw\KolektorSDD2\test\20527.png,C:\Users\james\OneDrive - Lancaster University\Documents\Projects\MARS-Summer-Research\data\raw\KolektorSDD2\test\20527_GT.png
test,test,20528,0,Normal,C:\Users\james\OneDrive - Lancaster University\Documents\Projects\MARS-Summer-Research\data\raw\KolektorSDD2\test\20528.png,C:\Users\james\OneDrive - Lancaster University\Documents\Projects\MARS-Summer-Research\data\raw\KolektorSDD2\test\20528_GT.png
test,test,20529,0,Normal,C:\Users\james\OneDrive - Lancaster University\Documents\Projects\MARS-Summer-Research\data\raw\KolektorSDD2\test\20529.png,C:\Users\james\OneDrive - Lancaster University\Documents\Projects\MARS-Summer-Research\data\raw\KolektorSDD2\test\20529_GT.png
test,test,20530,0,Normal,C:\Users\james\OneDrive - Lancaster University\Documents\Projects\MARS-Summer-Research\data\raw\KolektorSDD2\test\20530.png,C:\Users\james\OneDrive - Lancaster University\Documents\Projects\MARS-Summer-Research\data\raw\KolektorSDD2\test\20530_GT.png
test,test,20531,0,Normal,C:\Users\james\OneDrive - Lancaster University\Documents\Projects\MARS-Summer-Research\data\raw\KolektorSDD2\test\20531.png,C:\Users\james\OneDrive - Lancaster University\Documents\Projects\MARS-Summer-Research\data\raw\KolektorSDD2\test\20531_GT.png
test,test,20532,0,Normal,C:\Users\james\OneDrive - Lancaster University\Documents\Projects\MARS-Summer-Research\data\raw\KolektorSDD2\test\20532.png,C:\Users\james\OneDrive - Lancaster University\Documents\Projects\MARS-Summer-Research\data\raw\KolektorSDD2\test\20532_GT.png
test,test,20533,0,Normal,C:\Users\james\OneDrive - Lancaster University\Documents\Projects\MARS-Summer-Research\data\raw\KolektorSDD2\test\20533.png,C:\Users\james\OneDrive - Lancaster University\Documents\Projects\MARS-Summer-Research\data\raw\KolektorSDD2\test\20533_GT.png
test,test,20534,0,Normal,C:\Users\james\OneDrive - Lancaster University\Documents\Projects\MARS-Summer-Research\data\raw\KolektorSDD2\test\20534.png,C:\Users\james\OneDrive - Lancaster University\Documents\Projects\MARS-Summer-Research\data\raw\KolektorSDD2\test\20534_GT.png
test,test,20535,1,Defective,C:\Users\james\OneDrive - Lancaster University\Documents\Projects\MARS-Summer-Research\data\raw\KolektorSDD2\test\20535.png,C:\Users\james\OneDrive - Lancaster University\Documents\Projects\MARS-Summer-Research\data\raw\KolektorSDD2\test\20535_GT.png
test,test,20536,0,Normal,C:\Users\james\OneDrive - Lancaster University\Documents\Projects\MARS-Summer-Research\data\raw\KolektorSDD2\test\20536.png,C:\Users\james\OneDrive - Lancaster University\Documents\Projects\MARS-Summer-Research\data\raw\KolektorSDD2\test\20536_GT.png
test,test,20537,0,Normal,C:\Users\james\OneDrive - Lancaster University\Documents\Projects\MARS-Summer-Research\data\raw\KolektorSDD2\test\20537.png,C:\Users\james\OneDrive - Lancaster University\Documents\Projects\MARS-Summer-Research\data\raw\KolektorSDD2\test\20537_GT.png
test,test,20538,0,Normal,C:\Users\james\OneDrive - Lancaster University\Documents\Projects\MARS-Summer-Research\data\raw\KolektorSDD2\test\20538.png,C:\Users\james\OneDrive - Lancaster University\Documents\Projects\MARS-Summer-Research\data\raw\KolektorSDD2\test\20538_GT.png
test,test,20539,0,Normal,C:\Users\james\OneDrive - Lancaster University\Documents\Projects\MARS-Summer-Research\data\raw\KolektorSDD2\test\20539.png,C:\Users\james\OneDrive - Lancaster University\Documents\Projects\MARS-Summer-Research\data\raw\KolektorSDD2\test\20539_GT.png
test,test,20540,0,Normal,C:\Users\james\OneDrive - Lancaster University\Documents\Projects\MARS-Summer-Research\data\raw\KolektorSDD2\test\20540.png,C:\Users\james\OneDrive - Lancaster University\Documents\Projects\MARS-Summer-Research\data\raw\KolektorSDD2\test\20540_GT.png
test,test,20541,0,Normal,C:\Users\james\OneDrive - Lancaster University\Documents\Projects\MARS-Summer-Research\data\raw\KolektorSDD2\test\20541.png,C:\Users\james\OneDrive - Lancaster University\Documents\Projects\MARS-Summer-Research\data\raw\KolektorSDD2\test\20541_GT.png
test,test,20542,0,Normal,C:\Users\james\OneDrive - Lancaster University\Documents\Projects\MARS-Summer-Research\data\raw\KolektorSDD2\test\20542.png,C:\Users\james\OneDrive - Lancaster University\Documents\Projects\MARS-Summer-Research\data\raw\KolektorSDD2\test\20542_GT.png
test,test,20543,1,Defective,C:\Users\james\OneDrive - Lancaster University\Documents\Projects\MARS-Summer-Research\data\raw\KolektorSDD2\test\20543.png,C:\Users\james\OneDrive - Lancaster University\Documents\Projects\MARS-Summer-Research\data\raw\KolektorSDD2\test\20543_GT.png
test,test,20544,1,Defective,C:\Users\james\OneDrive - Lancaster University\Documents\Projects\MARS-Summer-Research\data\raw\KolektorSDD2\test\20544.png,C:\Users\james\OneDrive - Lancaster University\Documents\Projects\MARS-Summer-Research\data\raw\KolektorSDD2\test\20544_GT.png
test,test,20545,0,Normal,C:\Users\james\OneDrive - Lancaster University\Documents\Projects\MARS-Summer-Research\data\raw\KolektorSDD2\test\20545.png,C:\Users\james\OneDrive - Lancaster University\Documents\Projects\MARS-Summer-Research\data\raw\KolektorSDD2\test\20545_GT.png
test,test,20546,1,Defective,C:\Users\james\OneDrive - Lancaster University\Documents\Projects\MARS-Summer-Research\data\raw\KolektorSDD2\test\20546.png,C:\Users\james\OneDrive - Lancaster University\Documents\Projects\MARS-Summer-Research\data\raw\KolektorSDD2\test\20546_GT.png
test,test,20547,0,Normal,C:\Users\james\OneDrive - Lancaster University\Documents\Projects\MARS-Summer-Research\data\raw\KolektorSDD2\test\20547.png,C:\Users\james\OneDrive - Lancaster University\Documents\Projects\MARS-Summer-Research\data\raw\KolektorSDD2\test\20547_GT.png
test,test,20548,0,Normal,C:\Users\james\OneDrive - Lancaster University\Documents\Projects\MARS-Summer-Research\data\raw\KolektorSDD2\test\20548.png,C:\Users\james\OneDrive - Lancaster University\Documents\Projects\MARS-Summer-Research\data\raw\KolektorSDD2\test\20548_GT.png
test,test,20549,0,Normal,C:\Users\james\OneDrive - Lancaster University\Documents\Projects\MARS-Summer-Research\data\raw\KolektorSDD2\test\20549.png,C:\Users\james\OneDrive - Lancaster University\Documents\Projects\MARS-Summer-Research\data\raw\KolektorSDD2\test\20549_GT.png
test,test,20550,0,Normal,C:\Users\james\OneDrive - Lancaster University\Documents\Projects\MARS-Summer-Research\data\raw\KolektorSDD2\test\20550.png,C:\Users\james\OneDrive - Lancaster University\Documents\Projects\MARS-Summer-Research\data\raw\KolektorSDD2\test\20550_GT.png
test,test,20551,0,Normal,C:\Users\james\OneDrive - Lancaster University\Documents\Projects\MARS-Summer-Research\data\raw\KolektorSDD2\test\20551.png,C:\Users\james\OneDrive - Lancaster University\Documents\Projects\MARS-Summer-Research\data\raw\KolektorSDD2\test\20551_GT.png
test,test,20552,0,Normal,C:\Users\james\OneDrive - Lancaster University\Documents\Projects\MARS-Summer-Research\data\raw\KolektorSDD2\test\20552.png,C:\Users\james\OneDrive - Lancaster University\Documents\Projects\MARS-Summer-Research\data\raw\KolektorSDD2\test\20552_GT.png
test,test,20553,0,Normal,C:\Users\james\OneDrive - Lancaster University\Documents\Projects\MARS-Summer-Research\data\raw\KolektorSDD2\test\20553.png,C:\Users\james\OneDrive - Lancaster University\Documents\Projects\MARS-Summer-Research\data\raw\KolektorSDD2\test\20553_GT.png
test,test,20554,0,Normal,C:\Users\james\OneDrive - Lancaster University\Documents\Projects\MARS-Summer-Research\data\raw\KolektorSDD2\test\20554.png,C:\Users\james\OneDrive - Lancaster University\Documents\Projects\MARS-Summer-Research\data\raw\KolektorSDD2\test\20554_GT.png
test,test,20555,0,Normal,C:\Users\james\OneDrive - Lancaster University\Documents\Projects\MARS-Summer-Research\data\raw\KolektorSDD2\test\20555.png,C:\Users\james\OneDrive - Lancaster University\Documents\Projects\MARS-Summer-Research\data\raw\KolektorSDD2\test\20555_GT.png
test,test,20556,0,Normal,C:\Users\james\OneDrive - Lancaster University\Documents\Projects\MARS-Summer-Research\data\raw\KolektorSDD2\test\20556.png,C:\Users\james\OneDrive - Lancaster University\Documents\Projects\MARS-Summer-Research\data\raw\KolektorSDD2\test\20556_GT.png
test,test,20557,0,Normal,C:\Users\james\OneDrive - Lancaster University\Documents\Projects\MARS-Summer-Research\data\raw\KolektorSDD2\test\20557.png,C:\Users\james\OneDrive - Lancaster University\Documents\Projects\MARS-Summer-Research\data\raw\KolektorSDD2\test\20557_GT.png
test,test,20558,0,Normal,C:\Users\james\OneDrive - Lancaster University\Documents\Projects\MARS-Summer-Research\data\raw\KolektorSDD2\test\20558.png,C:\Users\james\OneDrive - Lancaster University\Documents\Projects\MARS-Summer-Research\data\raw\KolektorSDD2\test\20558_GT.png
test,test,20559,0,Normal,C:\Users\james\OneDrive - Lancaster University\Documents\Projects\MARS-Summer-Research\data\raw\KolektorSDD2\test\20559.png,C:\Users\james\OneDrive - Lancaster University\Documents\Projects\MARS-Summer-Research\data\raw\KolektorSDD2\test\20559_GT.png
test,test,20560,0,Normal,C:\Users\james\OneDrive - Lancaster University\Documents\Projects\MARS-Summer-Research\data\raw\KolektorSDD2\test\20560.png,C:\Users\james\OneDrive - Lancaster University\Documents\Projects\MARS-Summer-Research\data\raw\KolektorSDD2\test\20560_GT.png
test,test,20561,1,Defective,C:\Users\james\OneDrive - Lancaster University\Documents\Projects\MARS-Summer-Research\data\raw\KolektorSDD2\test\20561.png,C:\Users\james\OneDrive - Lancaster University\Documents\Projects\MARS-Summer-Research\data\raw\KolektorSDD2\test\20561_GT.png
test,test,20562,0,Normal,C:\Users\james\OneDrive - Lancaster University\Documents\Projects\MARS-Summer-Research\data\raw\KolektorSDD2\test\20562.png,C:\Users\james\OneDrive - Lancaster University\Documents\Projects\MARS-Summer-Research\data\raw\KolektorSDD2\test\20562_GT.png
test,test,20563,0,Normal,C:\Users\james\OneDrive - Lancaster University\Documents\Projects\MARS-Summer-Research\data\raw\KolektorSDD2\test\20563.png,C:\Users\james\OneDrive - Lancaster University\Documents\Projects\MARS-Summer-Research\data\raw\KolektorSDD2\test\20563_GT.png
test,test,20564,1,Defective,C:\Users\james\OneDrive - Lancaster University\Documents\Projects\MARS-Summer-Research\data\raw\KolektorSDD2\test\20564.png,C:\Users\james\OneDrive - Lancaster University\Documents\Projects\MARS-Summer-Research\data\raw\KolektorSDD2\test\20564_GT.png
test,test,20565,0,Normal,C:\Users\james\OneDrive - Lancaster University\Documents\Projects\MARS-Summer-Research\data\raw\KolektorSDD2\test\20565.png,C:\Users\james\OneDrive - Lancaster University\Documents\Projects\MARS-Summer-Research\data\raw\KolektorSDD2\test\20565_GT.png
test,test,20566,0,Normal,C:\Users\james\OneDrive - Lancaster University\Documents\Projects\MARS-Summer-Research\data\raw\KolektorSDD2\test\20566.png,C:\Users\james\OneDrive - Lancaster University\Documents\Projects\MARS-Summer-Research\data\raw\KolektorSDD2\test\20566_GT.png
test,test,20567,0,Normal,C:\Users\james\OneDrive - Lancaster University\Documents\Projects\MARS-Summer-Research\data\raw\KolektorSDD2\test\20567.png,C:\Users\james\OneDrive - Lancaster University\Documents\Projects\MARS-Summer-Research\data\raw\KolektorSDD2\test\20567_GT.png
test,test,20568,0,Normal,C:\Users\james\OneDrive - Lancaster University\Documents\Projects\MARS-Summer-Research\data\raw\KolektorSDD2\test\20568.png,C:\Users\james\OneDrive - Lancaster University\Documents\Projects\MARS-Summer-Research\data\raw\KolektorSDD2\test\20568_GT.png
test,test,20569,0,Normal,C:\Users\james\OneDrive - Lancaster University\Documents\Projects\MARS-Summer-Research\data\raw\KolektorSDD2\test\20569.png,C:\Users\james\OneDrive - Lancaster University\Documents\Projects\MARS-Summer-Research\data\raw\KolektorSDD2\test\20569_GT.png
test,test,20570,0,Normal,C:\Users\james\OneDrive - Lancaster University\Documents\Projects\MARS-Summer-Research\data\raw\KolektorSDD2\test\20570.png,C:\Users\james\OneDrive - Lancaster University\Documents\Projects\MARS-Summer-Research\data\raw\KolektorSDD2\test\20570_GT.png
test,test,20571,0,Normal,C:\Users\james\OneDrive - Lancaster University\Documents\Projects\MARS-Summer-Research\data\raw\KolektorSDD2\test\20571.png,C:\Users\james\OneDrive - Lancaster University\Documents\Projects\MARS-Summer-Research\data\raw\KolektorSDD2\test\20571_GT.png
test,test,20572,0,Normal,C:\Users\james\OneDrive - Lancaster University\Documents\Projects\MARS-Summer-Research\data\raw\KolektorSDD2\test\20572.png,C:\Users\james\OneDrive - Lancaster University\Documents\Projects\MARS-Summer-Research\data\raw\KolektorSDD2\test\20572_GT.png
test,test,20573,0,Normal,C:\Users\james\OneDrive - Lancaster University\Documents\Projects\MARS-Summer-Research\data\raw\KolektorSDD2\test\20573.png,C:\Users\james\OneDrive - Lancaster University\Documents\Projects\MARS-Summer-Research\data\raw\KolektorSDD2\test\20573_GT.png
test,test,20574,0,Normal,C:\Users\james\OneDrive - Lancaster University\Documents\Projects\MARS-Summer-Research\data\raw\KolektorSDD2\test\20574.png,C:\Users\james\OneDrive - Lancaster University\Documents\Projects\MARS-Summer-Research\data\raw\KolektorSDD2\test\20574_GT.png
test,test,20575,0,Normal,C:\Users\james\OneDrive - Lancaster University\Documents\Projects\MARS-Summer-Research\data\raw\KolektorSDD2\test\20575.png,C:\Users\james\OneDrive - Lancaster University\Documents\Projects\MARS-Summer-Research\data\raw\KolektorSDD2\test\20575_GT.png
test,test,20576,0,Normal,C:\Users\james\OneDrive - Lancaster University\Documents\Projects\MARS-Summer-Research\data\raw\KolektorSDD2\test\20576.png,C:\Users\james\OneDrive - Lancaster University\Documents\Projects\MARS-Summer-Research\data\raw\KolektorSDD2\test\20576_GT.png
test,test,20577,0,Normal,C:\Users\james\OneDrive - Lancaster University\Documents\Projects\MARS-Summer-Research\data\raw\KolektorSDD2\test\20577.png,C:\Users\james\OneDrive - Lancaster University\Documents\Projects\MARS-Summer-Research\data\raw\KolektorSDD2\test\20577_GT.png
test,test,20578,0,Normal,C:\Users\james\OneDrive - Lancaster University\Documents\Projects\MARS-Summer-Research\data\raw\KolektorSDD2\test\20578.png,C:\Users\james\OneDrive - Lancaster University\Documents\Projects\MARS-Summer-Research\data\raw\KolektorSDD2\test\20578_GT.png
test,test,20579,0,Normal,C:\Users\james\OneDrive - Lancaster University\Documents\Projects\MARS-Summer-Research\data\raw\KolektorSDD2\test\20579.png,C:\Users\james\OneDrive - Lancaster University\Documents\Projects\MARS-Summer-Research\data\raw\KolektorSDD2\test\20579_GT.png
test,test,20580,0,Normal,C:\Users\james\OneDrive - Lancaster University\Documents\Projects\MARS-Summer-Research\data\raw\KolektorSDD2\test\20580.png,C:\Users\james\OneDrive - Lancaster University\Documents\Projects\MARS-Summer-Research\data\raw\KolektorSDD2\test\20580_GT.png
test,test,20581,0,Normal,C:\Users\james\OneDrive - Lancaster University\Documents\Projects\MARS-Summer-Research\data\raw\KolektorSDD2\test\20581.png,C:\Users\james\OneDrive - Lancaster University\Documents\Projects\MARS-Summer-Research\data\raw\KolektorSDD2\test\20581_GT.png
test,test,20582,0,Normal,C:\Users\james\OneDrive - Lancaster University\Documents\Projects\MARS-Summer-Research\data\raw\KolektorSDD2\test\20582.png,C:\Users\james\OneDrive - Lancaster University\Documents\Projects\MARS-Summer-Research\data\raw\KolektorSDD2\test\20582_GT.png
test,test,20583,0,Normal,C:\Users\james\OneDrive - Lancaster University\Documents\Projects\MARS-Summer-Research\data\raw\KolektorSDD2\test\20583.png,C:\Users\james\OneDrive - Lancaster University\Documents\Projects\MARS-Summer-Research\data\raw\KolektorSDD2\test\20583_GT.png
test,test,20584,0,Normal,C:\Users\james\OneDrive - Lancaster University\Documents\Projects\MARS-Summer-Research\data\raw\KolektorSDD2\test\20584.png,C:\Users\james\OneDrive - Lancaster University\Documents\Projects\MARS-Summer-Research\data\raw\KolektorSDD2\test\20584_GT.png
test,test,20585,0,Normal,C:\Users\james\OneDrive - Lancaster University\Documents\Projects\MARS-Summer-Research\data\raw\KolektorSDD2\test\20585.png,C:\Users\james\OneDrive - Lancaster University\Documents\Projects\MARS-Summer-Research\data\raw\KolektorSDD2\test\20585_GT.png
test,test,20586,0,Normal,C:\Users\james\OneDrive - Lancaster University\Documents\Projects\MARS-Summer-Research\data\raw\KolektorSDD2\test\20586.png,C:\Users\james\OneDrive - Lancaster University\Documents\Projects\MARS-Summer-Research\data\raw\KolektorSDD2\test\20586_GT.png
test,test,20587,1,Defective,C:\Users\james\OneDrive - Lancaster University\Documents\Projects\MARS-Summer-Research\data\raw\KolektorSDD2\test\20587.png,C:\Users\james\OneDrive - Lancaster University\Documents\Projects\MARS-Summer-Research\data\raw\KolektorSDD2\test\20587_GT.png
test,test,20588,0,Normal,C:\Users\james\OneDrive - Lancaster University\Documents\Projects\MARS-Summer-Research\data\raw\KolektorSDD2\test\20588.png,C:\Users\james\OneDrive - Lancaster University\Documents\Projects\MARS-Summer-Research\data\raw\KolektorSDD2\test\20588_GT.png
test,test,20589,0,Normal,C:\Users\james\OneDrive - Lancaster University\Documents\Projects\MARS-Summer-Research\data\raw\KolektorSDD2\test\20589.png,C:\Users\james\OneDrive - Lancaster University\Documents\Projects\MARS-Summer-Research\data\raw\KolektorSDD2\test\20589_GT.png
test,test,20590,0,Normal,C:\Users\james\OneDrive - Lancaster University\Documents\Projects\MARS-Summer-Research\data\raw\KolektorSDD2\test\20590.png,C:\Users\james\OneDrive - Lancaster University\Documents\Projects\MARS-Summer-Research\data\raw\KolektorSDD2\test\20590_GT.png
test,test,20591,0,Normal,C:\Users\james\OneDrive - Lancaster University\Documents\Projects\MARS-Summer-Research\data\raw\KolektorSDD2\test\20591.png,C:\Users\james\OneDrive - Lancaster University\Documents\Projects\MARS-Summer-Research\data\raw\KolektorSDD2\test\20591_GT.png
test,test,20592,0,Normal,C:\Users\james\OneDrive - Lancaster University\Documents\Projects\MARS-Summer-Research\data\raw\KolektorSDD2\test\20592.png,C:\Users\james\OneDrive - Lancaster University\Documents\Projects\MARS-Summer-Research\data\raw\KolektorSDD2\test\20592_GT.png
test,test,20593,0,Normal,C:\Users\james\OneDrive - Lancaster University\Documents\Projects\MARS-Summer-Research\data\raw\KolektorSDD2\test\20593.png,C:\Users\james\OneDrive - Lancaster University\Documents\Projects\MARS-Summer-Research\data\raw\KolektorSDD2\test\20593_GT.png
test,test,20594,0,Normal,C:\Users\james\OneDrive - Lancaster University\Documents\Projects\MARS-Summer-Research\data\raw\KolektorSDD2\test\20594.png,C:\Users\james\OneDrive - Lancaster University\Documents\Projects\MARS-Summer-Research\data\raw\KolektorSDD2\test\20594_GT.png
test,test,20595,0,Normal,C:\Users\james\OneDrive - Lancaster University\Documents\Projects\MARS-Summer-Research\data\raw\KolektorSDD2\test\20595.png,C:\Users\james\OneDrive - Lancaster University\Documents\Projects\MARS-Summer-Research\data\raw\KolektorSDD2\test\20595_GT.png
test,test,20596,0,Normal,C:\Users\james\OneDrive - Lancaster University\Documents\Projects\MARS-Summer-Research\data\raw\KolektorSDD2\test\20596.png,C:\Users\james\OneDrive - Lancaster University\Documents\Projects\MARS-Summer-Research\data\raw\KolektorSDD2\test\20596_GT.png
test,test,20597,0,Normal,C:\Users\james\OneDrive - Lancaster University\Documents\Projects\MARS-Summer-Research\data\raw\KolektorSDD2\test\20597.png,C:\Users\james\OneDrive - Lancaster University\Documents\Projects\MARS-Summer-Research\data\raw\KolektorSDD2\test\20597_GT.png
test,test,20598,0,Normal,C:\Users\james\OneDrive - Lancaster University\Documents\Projects\MARS-Summer-Research\data\raw\KolektorSDD2\test\20598.png,C:\Users\james\OneDrive - Lancaster University\Documents\Projects\MARS-Summer-Research\data\raw\KolektorSDD2\test\20598_GT.png
test,test,20599,1,Defective,C:\Users\james\OneDrive - Lancaster University\Documents\Projects\MARS-Summer-Research\data\raw\KolektorSDD2\test\20599.png,C:\Users\james\OneDrive - Lancaster University\Documents\Projects\MARS-Summer-Research\data\raw\KolektorSDD2\test\20599_GT.png
test,test,20600,1,Defective,C:\Users\james\OneDrive - Lancaster University\Documents\Projects\MARS-Summer-Research\data\raw\KolektorSDD2\test\20600.png,C:\Users\james\OneDrive - Lancaster University\Documents\Projects\MARS-Summer-Research\data\raw\KolektorSDD2\test\20600_GT.png
test,test,20601,0,Normal,C:\Users\james\OneDrive - Lancaster University\Documents\Projects\MARS-Summer-Research\data\raw\KolektorSDD2\test\20601.png,C:\Users\james\OneDrive - Lancaster University\Documents\Projects\MARS-Summer-Research\data\raw\KolektorSDD2\test\20601_GT.png
test,test,20602,0,Normal,C:\Users\james\OneDrive - Lancaster University\Documents\Projects\MARS-Summer-Research\data\raw\KolektorSDD2\test\20602.png,C:\Users\james\OneDrive - Lancaster University\Documents\Projects\MARS-Summer-Research\data\raw\KolektorSDD2\test\20602_GT.png
test,test,20603,0,Normal,C:\Users\james\OneDrive - Lancaster University\Documents\Projects\MARS-Summer-Research\data\raw\KolektorSDD2\test\20603.png,C:\Users\james\OneDrive - Lancaster University\Documents\Projects\MARS-Summer-Research\data\raw\KolektorSDD2\test\20603_GT.png
test,test,20604,0,Normal,C:\Users\james\OneDrive - Lancaster University\Documents\Projects\MARS-Summer-Research\data\raw\KolektorSDD2\test\20604.png,C:\Users\james\OneDrive - Lancaster University\Documents\Projects\MARS-Summer-Research\data\raw\KolektorSDD2\test\20604_GT.png
test,test,20605,0,Normal,C:\Users\james\OneDrive - Lancaster University\Documents\Projects\MARS-Summer-Research\data\raw\KolektorSDD2\test\20605.png,C:\Users\james\OneDrive - Lancaster University\Documents\Projects\MARS-Summer-Research\data\raw\KolektorSDD2\test\20605_GT.png
test,test,20606,0,Normal,C:\Users\james\OneDrive - Lancaster University\Documents\Projects\MARS-Summer-Research\data\raw\KolektorSDD2\test\20606.png,C:\Users\james\OneDrive - Lancaster University\Documents\Projects\MARS-Summer-Research\data\raw\KolektorSDD2\test\20606_GT.png
test,test,20607,0,Normal,C:\Users\james\OneDrive - Lancaster University\Documents\Projects\MARS-Summer-Research\data\raw\KolektorSDD2\test\20607.png,C:\Users\james\OneDrive - Lancaster University\Documents\Projects\MARS-Summer-Research\data\raw\KolektorSDD2\test\20607_GT.png
test,test,20608,0,Normal,C:\Users\james\OneDrive - Lancaster University\Documents\Projects\MARS-Summer-Research\data\raw\KolektorSDD2\test\20608.png,C:\Users\james\OneDrive - Lancaster University\Documents\Projects\MARS-Summer-Research\data\raw\KolektorSDD2\test\20608_GT.png
test,test,20609,0,Normal,C:\Users\james\OneDrive - Lancaster University\Documents\Projects\MARS-Summer-Research\data\raw\KolektorSDD2\test\20609.png,C:\Users\james\OneDrive - Lancaster University\Documents\Projects\MARS-Summer-Research\data\raw\KolektorSDD2\test\20609_GT.png
test,test,20610,0,Normal,C:\Users\james\OneDrive - Lancaster University\Documents\Projects\MARS-Summer-Research\data\raw\KolektorSDD2\test\20610.png,C:\Users\james\OneDrive - Lancaster University\Documents\Projects\MARS-Summer-Research\data\raw\KolektorSDD2\test\20610_GT.png
test,test,20611,0,Normal,C:\Users\james\OneDrive - Lancaster University\Documents\Projects\MARS-Summer-Research\data\raw\KolektorSDD2\test\20611.png,C:\Users\james\OneDrive - Lancaster University\Documents\Projects\MARS-Summer-Research\data\raw\KolektorSDD2\test\20611_GT.png
test,test,20612,0,Normal,C:\Users\james\OneDrive - Lancaster University\Documents\Projects\MARS-Summer-Research\data\raw\KolektorSDD2\test\20612.png,C:\Users\james\OneDrive - Lancaster University\Documents\Projects\MARS-Summer-Research\data\raw\KolektorSDD2\test\20612_GT.png
test,test,20613,0,Normal,C:\Users\james\OneDrive - Lancaster University\Documents\Projects\MARS-Summer-Research\data\raw\KolektorSDD2\test\20613.png,C:\Users\james\OneDrive - Lancaster University\Documents\Projects\MARS-Summer-Research\data\raw\KolektorSDD2\test\20613_GT.png
test,test,20614,0,Normal,C:\Users\james\OneDrive - Lancaster University\Documents\Projects\MARS-Summer-Research\data\raw\KolektorSDD2\test\20614.png,C:\Users\james\OneDrive - Lancaster University\Documents\Projects\MARS-Summer-Research\data\raw\KolektorSDD2\test\20614_GT.png
test,test,20615,0,Normal,C:\Users\james\OneDrive - Lancaster University\Documents\Projects\MARS-Summer-Research\data\raw\KolektorSDD2\test\20615.png,C:\Users\james\OneDrive - Lancaster University\Documents\Projects\MARS-Summer-Research\data\raw\KolektorSDD2\test\20615_GT.png
test,test,20616,0,Normal,C:\Users\james\OneDrive - Lancaster University\Documents\Projects\MARS-Summer-Research\data\raw\KolektorSDD2\test\20616.png,C:\Users\james\OneDrive - Lancaster University\Documents\Projects\MARS-Summer-Research\data\raw\KolektorSDD2\test\20616_GT.png
test,test,20617,0,Normal,C:\Users\james\OneDrive - Lancaster University\Documents\Projects\MARS-Summer-Research\data\raw\KolektorSDD2\test\20617.png,C:\Users\james\OneDrive - Lancaster University\Documents\Projects\MARS-Summer-Research\data\raw\KolektorSDD2\test\20617_GT.png
test,test,20618,0,Normal,C:\Users\james\OneDrive - Lancaster University\Documents\Projects\MARS-Summer-Research\data\raw\KolektorSDD2\test\20618.png,C:\Users\james\OneDrive - Lancaster University\Documents\Projects\MARS-Summer-Research\data\raw\KolektorSDD2\test\20618_GT.png
test,test,20619,0,Normal,C:\Users\james\OneDrive - Lancaster University\Documents\Projects\MARS-Summer-Research\data\raw\KolektorSDD2\test\20619.png,C:\Users\james\OneDrive - Lancaster University\Documents\Projects\MARS-Summer-Research\data\raw\KolektorSDD2\test\20619_GT.png
test,test,20620,0,Normal,C:\Users\james\OneDrive - Lancaster University\Documents\Projects\MARS-Summer-Research\data\raw\KolektorSDD2\test\20620.png,C:\Users\james\OneDrive - Lancaster University\Documents\Projects\MARS-Summer-Research\data\raw\KolektorSDD2\test\20620_GT.png
test,test,20621,0,Normal,C:\Users\james\OneDrive - Lancaster University\Documents\Projects\MARS-Summer-Research\data\raw\KolektorSDD2\test\20621.png,C:\Users\james\OneDrive - Lancaster University\Documents\Projects\MARS-Summer-Research\data\raw\KolektorSDD2\test\20621_GT.png
test,test,20622,0,Normal,C:\Users\james\OneDrive - Lancaster University\Documents\Projects\MARS-Summer-Research\data\raw\KolektorSDD2\test\20622.png,C:\Users\james\OneDrive - Lancaster University\Documents\Projects\MARS-Summer-Research\data\raw\KolektorSDD2\test\20622_GT.png
test,test,20623,0,Normal,C:\Users\james\OneDrive - Lancaster University\Documents\Projects\MARS-Summer-Research\data\raw\KolektorSDD2\test\20623.png,C:\Users\james\OneDrive - Lancaster University\Documents\Projects\MARS-Summer-Research\data\raw\KolektorSDD2\test\20623_GT.png
test,test,20624,1,Defective,C:\Users\james\OneDrive - Lancaster University\Documents\Projects\MARS-Summer-Research\data\raw\KolektorSDD2\test\20624.png,C:\Users\james\OneDrive - Lancaster University\Documents\Projects\MARS-Summer-Research\data\raw\KolektorSDD2\test\20624_GT.png
test,test,20625,1,Defective,C:\Users\james\OneDrive - Lancaster University\Documents\Projects\MARS-Summer-Research\data\raw\KolektorSDD2\test\20625.png,C:\Users\james\OneDrive - Lancaster University\Documents\Projects\MARS-Summer-Research\data\raw\KolektorSDD2\test\20625_GT.png
test,test,20626,0,Normal,C:\Users\james\OneDrive - Lancaster University\Documents\Projects\MARS-Summer-Research\data\raw\KolektorSDD2\test\20626.png,C:\Users\james\OneDrive - Lancaster University\Documents\Projects\MARS-Summer-Research\data\raw\KolektorSDD2\test\20626_GT.png
test,test,20627,0,Normal,C:\Users\james\OneDrive - Lancaster University\Documents\Projects\MARS-Summer-Research\data\raw\KolektorSDD2\test\20627.png,C:\Users\james\OneDrive - Lancaster University\Documents\Projects\MARS-Summer-Research\data\raw\KolektorSDD2\test\20627_GT.png
test,test,20628,0,Normal,C:\Users\james\OneDrive - Lancaster University\Documents\Projects\MARS-Summer-Research\data\raw\KolektorSDD2\test\20628.png,C:\Users\james\OneDrive - Lancaster University\Documents\Projects\MARS-Summer-Research\data\raw\KolektorSDD2\test\20628_GT.png
test,test,20629,0,Normal,C:\Users\james\OneDrive - Lancaster University\Documents\Projects\MARS-Summer-Research\data\raw\KolektorSDD2\test\20629.png,C:\Users\james\OneDrive - Lancaster University\Documents\Projects\MARS-Summer-Research\data\raw\KolektorSDD2\test\20629_GT.png
test,test,20630,0,Normal,C:\Users\james\OneDrive - Lancaster University\Documents\Projects\MARS-Summer-Research\data\raw\KolektorSDD2\test\20630.png,C:\Users\james\OneDrive - Lancaster University\Documents\Projects\MARS-Summer-Research\data\raw\KolektorSDD2\test\20630_GT.png
test,test,20631,0,Normal,C:\Users\james\OneDrive - Lancaster University\Documents\Projects\MARS-Summer-Research\data\raw\KolektorSDD2\test\20631.png,C:\Users\james\OneDrive - Lancaster University\Documents\Projects\MARS-Summer-Research\data\raw\KolektorSDD2\test\20631_GT.png
test,test,20632,1,Defective,C:\Users\james\OneDrive - Lancaster University\Documents\Projects\MARS-Summer-Research\data\raw\KolektorSDD2\test\20632.png,C:\Users\james\OneDrive - Lancaster University\Documents\Projects\MARS-Summer-Research\data\raw\KolektorSDD2\test\20632_GT.png
test,test,20633,0,Normal,C:\Users\james\OneDrive - Lancaster University\Documents\Projects\MARS-Summer-Research\data\raw\KolektorSDD2\test\20633.png,C:\Users\james\OneDrive - Lancaster University\Documents\Projects\MARS-Summer-Research\data\raw\KolektorSDD2\test\20633_GT.png
test,test,20634,0,Normal,C:\Users\james\OneDrive - Lancaster University\Documents\Projects\MARS-Summer-Research\data\raw\KolektorSDD2\test\20634.png,C:\Users\james\OneDrive - Lancaster University\Documents\Projects\MARS-Summer-Research\data\raw\KolektorSDD2\test\20634_GT.png
test,test,20635,0,Normal,C:\Users\james\OneDrive - Lancaster University\Documents\Projects\MARS-Summer-Research\data\raw\KolektorSDD2\test\20635.png,C:\Users\james\OneDrive - Lancaster University\Documents\Projects\MARS-Summer-Research\data\raw\KolektorSDD2\test\20635_GT.png
test,test,20636,0,Normal,C:\Users\james\OneDrive - Lancaster University\Documents\Projects\MARS-Summer-Research\data\raw\KolektorSDD2\test\20636.png,C:\Users\james\OneDrive - Lancaster University\Documents\Projects\MARS-Summer-Research\data\raw\KolektorSDD2\test\20636_GT.png
test,test,20637,0,Normal,C:\Users\james\OneDrive - Lancaster University\Documents\Projects\MARS-Summer-Research\data\raw\KolektorSDD2\test\20637.png,C:\Users\james\OneDrive - Lancaster University\Documents\Projects\MARS-Summer-Research\data\raw\KolektorSDD2\test\20637_GT.png
test,test,20638,0,Normal,C:\Users\james\OneDrive - Lancaster University\Documents\Projects\MARS-Summer-Research\data\raw\KolektorSDD2\test\20638.png,C:\Users\james\OneDrive - Lancaster University\Documents\Projects\MARS-Summer-Research\data\raw\KolektorSDD2\test\20638_GT.png
test,test,20639,0,Normal,C:\Users\james\OneDrive - Lancaster University\Documents\Projects\MARS-Summer-Research\data\raw\KolektorSDD2\test\20639.png,C:\Users\james\OneDrive - Lancaster University\Documents\Projects\MARS-Summer-Research\data\raw\KolektorSDD2\test\20639_GT.png
test,test,20640,1,Defective,C:\Users\james\OneDrive - Lancaster University\Documents\Projects\MARS-Summer-Research\data\raw\KolektorSDD2\test\20640.png,C:\Users\james\OneDrive - Lancaster University\Documents\Projects\MARS-Summer-Research\data\raw\KolektorSDD2\test\20640_GT.png
test,test,20641,0,Normal,C:\Users\james\OneDrive - Lancaster University\Documents\Projects\MARS-Summer-Research\data\raw\KolektorSDD2\test\20641.png,C:\Users\james\OneDrive - Lancaster University\Documents\Projects\MARS-Summer-Research\data\raw\KolektorSDD2\test\20641_GT.png
test,test,20642,0,Normal,C:\Users\james\OneDrive - Lancaster University\Documents\Projects\MARS-Summer-Research\data\raw\KolektorSDD2\test\20642.png,C:\Users\james\OneDrive - Lancaster University\Documents\Projects\MARS-Summer-Research\data\raw\KolektorSDD2\test\20642_GT.png
test,test,20643,0,Normal,C:\Users\james\OneDrive - Lancaster University\Documents\Projects\MARS-Summer-Research\data\raw\KolektorSDD2\test\20643.png,C:\Users\james\OneDrive - Lancaster University\Documents\Projects\MARS-Summer-Research\data\raw\KolektorSDD2\test\20643_GT.png
test,test,20644,0,Normal,C:\Users\james\OneDrive - Lancaster University\Documents\Projects\MARS-Summer-Research\data\raw\KolektorSDD2\test\20644.png,C:\Users\james\OneDrive - Lancaster University\Documents\Projects\MARS-Summer-Research\data\raw\KolektorSDD2\test\20644_GT.png
test,test,20645,0,Normal,C:\Users\james\OneDrive - Lancaster University\Documents\Projects\MARS-Summer-Research\data\raw\KolektorSDD2\test\20645.png,C:\Users\james\OneDrive - Lancaster University\Documents\Projects\MARS-Summer-Research\data\raw\KolektorSDD2\test\20645_GT.png
test,test,20646,1,Defective,C:\Users\james\OneDrive - Lancaster University\Documents\Projects\MARS-Summer-Research\data\raw\KolektorSDD2\test\20646.png,C:\Users\james\OneDrive - Lancaster University\Documents\Projects\MARS-Summer-Research\data\raw\KolektorSDD2\test\20646_GT.png
test,test,20647,0,Normal,C:\Users\james\OneDrive - Lancaster University\Documents\Projects\MARS-Summer-Research\data\raw\KolektorSDD2\test\20647.png,C:\Users\james\OneDrive - Lancaster University\Documents\Projects\MARS-Summer-Research\data\raw\KolektorSDD2\test\20647_GT.png
test,test,20648,0,Normal,C:\Users\james\OneDrive - Lancaster University\Documents\Projects\MARS-Summer-Research\data\raw\KolektorSDD2\test\20648.png,C:\Users\james\OneDrive - Lancaster University\Documents\Projects\MARS-Summer-Research\data\raw\KolektorSDD2\test\20648_GT.png
test,test,20649,0,Normal,C:\Users\james\OneDrive - Lancaster University\Documents\Projects\MARS-Summer-Research\data\raw\KolektorSDD2\test\20649.png,C:\Users\james\OneDrive - Lancaster University\Documents\Projects\MARS-Summer-Research\data\raw\KolektorSDD2\test\20649_GT.png
test,test,20650,0,Normal,C:\Users\james\OneDrive - Lancaster University\Documents\Projects\MARS-Summer-Research\data\raw\KolektorSDD2\test\20650.png,C:\Users\james\OneDrive - Lancaster University\Documents\Projects\MARS-Summer-Research\data\raw\KolektorSDD2\test\20650_GT.png
test,test,20651,0,Normal,C:\Users\james\OneDrive - Lancaster University\Documents\Projects\MARS-Summer-Research\data\raw\KolektorSDD2\test\20651.png,C:\Users\james\OneDrive - Lancaster University\Documents\Projects\MARS-Summer-Research\data\raw\KolektorSDD2\test\20651_GT.png
test,test,20652,0,Normal,C:\Users\james\OneDrive - Lancaster University\Documents\Projects\MARS-Summer-Research\data\raw\KolektorSDD2\test\20652.png,C:\Users\james\OneDrive - Lancaster University\Documents\Projects\MARS-Summer-Research\data\raw\KolektorSDD2\test\20652_GT.png
test,test,20653,0,Normal,C:\Users\james\OneDrive - Lancaster University\Documents\Projects\MARS-Summer-Research\data\raw\KolektorSDD2\test\20653.png,C:\Users\james\OneDrive - Lancaster University\Documents\Projects\MARS-Summer-Research\data\raw\KolektorSDD2\test\20653_GT.png
test,test,20654,0,Normal,C:\Users\james\OneDrive - Lancaster University\Documents\Projects\MARS-Summer-Research\data\raw\KolektorSDD2\test\20654.png,C:\Users\james\OneDrive - Lancaster University\Documents\Projects\MARS-Summer-Research\data\raw\KolektorSDD2\test\20654_GT.png
test,test,20655,0,Normal,C:\Users\james\OneDrive - Lancaster University\Documents\Projects\MARS-Summer-Research\data\raw\KolektorSDD2\test\20655.png,C:\Users\james\OneDrive - Lancaster University\Documents\Projects\MARS-Summer-Research\data\raw\KolektorSDD2\test\20655_GT.png
test,test,20656,0,Normal,C:\Users\james\OneDrive - Lancaster University\Documents\Projects\MARS-Summer-Research\data\raw\KolektorSDD2\test\20656.png,C:\Users\james\OneDrive - Lancaster University\Documents\Projects\MARS-Summer-Research\data\raw\KolektorSDD2\test\20656_GT.png
test,test,20657,0,Normal,C:\Users\james\OneDrive - Lancaster University\Documents\Projects\MARS-Summer-Research\data\raw\KolektorSDD2\test\20657.png,C:\Users\james\OneDrive - Lancaster University\Documents\Projects\MARS-Summer-Research\data\raw\KolektorSDD2\test\20657_GT.png
test,test,20658,0,Normal,C:\Users\james\OneDrive - Lancaster University\Documents\Projects\MARS-Summer-Research\data\raw\KolektorSDD2\test\20658.png,C:\Users\james\OneDrive - Lancaster University\Documents\Projects\MARS-Summer-Research\data\raw\KolektorSDD2\test\20658_GT.png
test,test,20659,0,Normal,C:\Users\james\OneDrive - Lancaster University\Documents\Projects\MARS-Summer-Research\data\raw\KolektorSDD2\test\20659.png,C:\Users\james\OneDrive - Lancaster University\Documents\Projects\MARS-Summer-Research\data\raw\KolektorSDD2\test\20659_GT.png
test,test,20660,1,Defective,C:\Users\james\OneDrive - Lancaster University\Documents\Projects\MARS-Summer-Research\data\raw\KolektorSDD2\test\20660.png,C:\Users\james\OneDrive - Lancaster University\Documents\Projects\MARS-Summer-Research\data\raw\KolektorSDD2\test\20660_GT.png
test,test,20661,0,Normal,C:\Users\james\OneDrive - Lancaster University\Documents\Projects\MARS-Summer-Research\data\raw\KolektorSDD2\test\20661.png,C:\Users\james\OneDrive - Lancaster University\Documents\Projects\MARS-Summer-Research\data\raw\KolektorSDD2\test\20661_GT.png
test,test,20662,0,Normal,C:\Users\james\OneDrive - Lancaster University\Documents\Projects\MARS-Summer-Research\data\raw\KolektorSDD2\test\20662.png,C:\Users\james\OneDrive - Lancaster University\Documents\Projects\MARS-Summer-Research\data\raw\KolektorSDD2\test\20662_GT.png
test,test,20663,0,Normal,C:\Users\james\OneDrive - Lancaster University\Documents\Projects\MARS-Summer-Research\data\raw\KolektorSDD2\test\20663.png,C:\Users\james\OneDrive - Lancaster University\Documents\Projects\MARS-Summer-Research\data\raw\KolektorSDD2\test\20663_GT.png
test,test,20664,0,Normal,C:\Users\james\OneDrive - Lancaster University\Documents\Projects\MARS-Summer-Research\data\raw\KolektorSDD2\test\20664.png,C:\Users\james\OneDrive - Lancaster University\Documents\Projects\MARS-Summer-Research\data\raw\KolektorSDD2\test\20664_GT.png
test,test,20665,1,Defective,C:\Users\james\OneDrive - Lancaster University\Documents\Projects\MARS-Summer-Research\data\raw\KolektorSDD2\test\20665.png,C:\Users\james\OneDrive - Lancaster University\Documents\Projects\MARS-Summer-Research\data\raw\KolektorSDD2\test\20665_GT.png
test,test,20666,0,Normal,C:\Users\james\OneDrive - Lancaster University\Documents\Projects\MARS-Summer-Research\data\raw\KolektorSDD2\test\20666.png,C:\Users\james\OneDrive - Lancaster University\Documents\Projects\MARS-Summer-Research\data\raw\KolektorSDD2\test\20666_GT.png
test,test,20667,1,Defective,C:\Users\james\OneDrive - Lancaster University\Documents\Projects\MARS-Summer-Research\data\raw\KolektorSDD2\test\20667.png,C:\Users\james\OneDrive - Lancaster University\Documents\Projects\MARS-Summer-Research\data\raw\KolektorSDD2\test\20667_GT.png
test,test,20668,0,Normal,C:\Users\james\OneDrive - Lancaster University\Documents\Projects\MARS-Summer-Research\data\raw\KolektorSDD2\test\20668.png,C:\Users\james\OneDrive - Lancaster University\Documents\Projects\MARS-Summer-Research\data\raw\KolektorSDD2\test\20668_GT.png
test,test,20669,1,Defective,C:\Users\james\OneDrive - Lancaster University\Documents\Projects\MARS-Summer-Research\data\raw\KolektorSDD2\test\20669.png,C:\Users\james\OneDrive - Lancaster University\Documents\Projects\MARS-Summer-Research\data\raw\KolektorSDD2\test\20669_GT.png
test,test,20670,0,Normal,C:\Users\james\OneDrive - Lancaster University\Documents\Projects\MARS-Summer-Research\data\raw\KolektorSDD2\test\20670.png,C:\Users\james\OneDrive - Lancaster University\Documents\Projects\MARS-Summer-Research\data\raw\KolektorSDD2\test\20670_GT.png
test,test,20671,1,Defective,C:\Users\james\OneDrive - Lancaster University\Documents\Projects\MARS-Summer-Research\data\raw\KolektorSDD2\test\20671.png,C:\Users\james\OneDrive - Lancaster University\Documents\Projects\MARS-Summer-Research\data\raw\KolektorSDD2\test\20671_GT.png
test,test,20672,1,Defective,C:\Users\james\OneDrive - Lancaster University\Documents\Projects\MARS-Summer-Research\data\raw\KolektorSDD2\test\20672.png,C:\Users\james\OneDrive - Lancaster University\Documents\Projects\MARS-Summer-Research\data\raw\KolektorSDD2\test\20672_GT.png
test,test,20673,0,Normal,C:\Users\james\OneDrive - Lancaster University\Documents\Projects\MARS-Summer-Research\data\raw\KolektorSDD2\test\20673.png,C:\Users\james\OneDrive - Lancaster University\Documents\Projects\MARS-Summer-Research\data\raw\KolektorSDD2\test\20673_GT.png
test,test,20674,0,Normal,C:\Users\james\OneDrive - Lancaster University\Documents\Projects\MARS-Summer-Research\data\raw\KolektorSDD2\test\20674.png,C:\Users\james\OneDrive - Lancaster University\Documents\Projects\MARS-Summer-Research\data\raw\KolektorSDD2\test\20674_GT.png
test,test,20675,0,Normal,C:\Users\james\OneDrive - Lancaster University\Documents\Projects\MARS-Summer-Research\data\raw\KolektorSDD2\test\20675.png,C:\Users\james\OneDrive - Lancaster University\Documents\Projects\MARS-Summer-Research\data\raw\KolektorSDD2\test\20675_GT.png
test,test,20676,0,Normal,C:\Users\james\OneDrive - Lancaster University\Documents\Projects\MARS-Summer-Research\data\raw\KolektorSDD2\test\20676.png,C:\Users\james\OneDrive - Lancaster University\Documents\Projects\MARS-Summer-Research\data\raw\KolektorSDD2\test\20676_GT.png
test,test,20677,0,Normal,C:\Users\james\OneDrive - Lancaster University\Documents\Projects\MARS-Summer-Research\data\raw\KolektorSDD2\test\20677.png,C:\Users\james\OneDrive - Lancaster University\Documents\Projects\MARS-Summer-Research\data\raw\KolektorSDD2\test\20677_GT.png
test,test,20678,0,Normal,C:\Users\james\OneDrive - Lancaster University\Documents\Projects\MARS-Summer-Research\data\raw\KolektorSDD2\test\20678.png,C:\Users\james\OneDrive - Lancaster University\Documents\Projects\MARS-Summer-Research\data\raw\KolektorSDD2\test\20678_GT.png
test,test,20679,0,Normal,C:\Users\james\OneDrive - Lancaster University\Documents\Projects\MARS-Summer-Research\data\raw\KolektorSDD2\test\20679.png,C:\Users\james\OneDrive - Lancaster University\Documents\Projects\MARS-Summer-Research\data\raw\KolektorSDD2\test\20679_GT.png
test,test,20680,0,Normal,C:\Users\james\OneDrive - Lancaster University\Documents\Projects\MARS-Summer-Research\data\raw\KolektorSDD2\test\20680.png,C:\Users\james\OneDrive - Lancaster University\Documents\Projects\MARS-Summer-Research\data\raw\KolektorSDD2\test\20680_GT.png
test,test,20681,0,Normal,C:\Users\james\OneDrive - Lancaster University\Documents\Projects\MARS-Summer-Research\data\raw\KolektorSDD2\test\20681.png,C:\Users\james\OneDrive - Lancaster University\Documents\Projects\MARS-Summer-Research\data\raw\KolektorSDD2\test\20681_GT.png
test,test,20682,1,Defective,C:\Users\james\OneDrive - Lancaster University\Documents\Projects\MARS-Summer-Research\data\raw\KolektorSDD2\test\20682.png,C:\Users\james\OneDrive - Lancaster University\Documents\Projects\MARS-Summer-Research\data\raw\KolektorSDD2\test\20682_GT.png
test,test,20683,0,Normal,C:\Users\james\OneDrive - Lancaster University\Documents\Projects\MARS-Summer-Research\data\raw\KolektorSDD2\test\20683.png,C:\Users\james\OneDrive - Lancaster University\Documents\Projects\MARS-Summer-Research\data\raw\KolektorSDD2\test\20683_GT.png
test,test,20684,0,Normal,C:\Users\james\OneDrive - Lancaster University\Documents\Projects\MARS-Summer-Research\data\raw\KolektorSDD2\test\20684.png,C:\Users\james\OneDrive - Lancaster University\Documents\Projects\MARS-Summer-Research\data\raw\KolektorSDD2\test\20684_GT.png
test,test,20685,1,Defective,C:\Users\james\OneDrive - Lancaster University\Documents\Projects\MARS-Summer-Research\data\raw\KolektorSDD2\test\20685.png,C:\Users\james\OneDrive - Lancaster University\Documents\Projects\MARS-Summer-Research\data\raw\KolektorSDD2\test\20685_GT.png
test,test,20686,0,Normal,C:\Users\james\OneDrive - Lancaster University\Documents\Projects\MARS-Summer-Research\data\raw\KolektorSDD2\test\20686.png,C:\Users\james\OneDrive - Lancaster University\Documents\Projects\MARS-Summer-Research\data\raw\KolektorSDD2\test\20686_GT.png
test,test,20687,0,Normal,C:\Users\james\OneDrive - Lancaster University\Documents\Projects\MARS-Summer-Research\data\raw\KolektorSDD2\test\20687.png,C:\Users\james\OneDrive - Lancaster University\Documents\Projects\MARS-Summer-Research\data\raw\KolektorSDD2\test\20687_GT.png
test,test,20688,0,Normal,C:\Users\james\OneDrive - Lancaster University\Documents\Projects\MARS-Summer-Research\data\raw\KolektorSDD2\test\20688.png,C:\Users\james\OneDrive - Lancaster University\Documents\Projects\MARS-Summer-Research\data\raw\KolektorSDD2\test\20688_GT.png
test,test,20689,0,Normal,C:\Users\james\OneDrive - Lancaster University\Documents\Projects\MARS-Summer-Research\data\raw\KolektorSDD2\test\20689.png,C:\Users\james\OneDrive - Lancaster University\Documents\Projects\MARS-Summer-Research\data\raw\KolektorSDD2\test\20689_GT.png
test,test,20690,0,Normal,C:\Users\james\OneDrive - Lancaster University\Documents\Projects\MARS-Summer-Research\data\raw\KolektorSDD2\test\20690.png,C:\Users\james\OneDrive - Lancaster University\Documents\Projects\MARS-Summer-Research\data\raw\KolektorSDD2\test\20690_GT.png
test,test,20691,0,Normal,C:\Users\james\OneDrive - Lancaster University\Documents\Projects\MARS-Summer-Research\data\raw\KolektorSDD2\test\20691.png,C:\Users\james\OneDrive - Lancaster University\Documents\Projects\MARS-Summer-Research\data\raw\KolektorSDD2\test\20691_GT.png
test,test,20692,0,Normal,C:\Users\james\OneDrive - Lancaster University\Documents\Projects\MARS-Summer-Research\data\raw\KolektorSDD2\test\20692.png,C:\Users\james\OneDrive - Lancaster University\Documents\Projects\MARS-Summer-Research\data\raw\KolektorSDD2\test\20692_GT.png
test,test,20693,0,Normal,C:\Users\james\OneDrive - Lancaster University\Documents\Projects\MARS-Summer-Research\data\raw\KolektorSDD2\test\20693.png,C:\Users\james\OneDrive - Lancaster University\Documents\Projects\MARS-Summer-Research\data\raw\KolektorSDD2\test\20693_GT.png
test,test,20694,0,Normal,C:\Users\james\OneDrive - Lancaster University\Documents\Projects\MARS-Summer-Research\data\raw\KolektorSDD2\test\20694.png,C:\Users\james\OneDrive - Lancaster University\Documents\Projects\MARS-Summer-Research\data\raw\KolektorSDD2\test\20694_GT.png
test,test,20695,0,Normal,C:\Users\james\OneDrive - Lancaster University\Documents\Projects\MARS-Summer-Research\data\raw\KolektorSDD2\test\20695.png,C:\Users\james\OneDrive - Lancaster University\Documents\Projects\MARS-Summer-Research\data\raw\KolektorSDD2\test\20695_GT.png
test,test,20696,0,Normal,C:\Users\james\OneDrive - Lancaster University\Documents\Projects\MARS-Summer-Research\data\raw\KolektorSDD2\test\20696.png,C:\Users\james\OneDrive - Lancaster University\Documents\Projects\MARS-Summer-Research\data\raw\KolektorSDD2\test\20696_GT.png
test,test,20697,0,Normal,C:\Users\james\OneDrive - Lancaster University\Documents\Projects\MARS-Summer-Research\data\raw\KolektorSDD2\test\20697.png,C:\Users\james\OneDrive - Lancaster University\Documents\Projects\MARS-Summer-Research\data\raw\KolektorSDD2\test\20697_GT.png
test,test,20698,0,Normal,C:\Users\james\OneDrive - Lancaster University\Documents\Projects\MARS-Summer-Research\data\raw\KolektorSDD2\test\20698.png,C:\Users\james\OneDrive - Lancaster University\Documents\Projects\MARS-Summer-Research\data\raw\KolektorSDD2\test\20698_GT.png
test,test,20699,0,Normal,C:\Users\james\OneDrive - Lancaster University\Documents\Projects\MARS-Summer-Research\data\raw\KolektorSDD2\test\20699.png,C:\Users\james\OneDrive - Lancaster University\Documents\Projects\MARS-Summer-Research\data\raw\KolektorSDD2\test\20699_GT.png
test,test,20700,0,Normal,C:\Users\james\OneDrive - Lancaster University\Documents\Projects\MARS-Summer-Research\data\raw\KolektorSDD2\test\20700.png,C:\Users\james\OneDrive - Lancaster University\Documents\Projects\MARS-Summer-Research\data\raw\KolektorSDD2\test\20700_GT.png
test,test,20701,0,Normal,C:\Users\james\OneDrive - Lancaster University\Documents\Projects\MARS-Summer-Research\data\raw\KolektorSDD2\test\20701.png,C:\Users\james\OneDrive - Lancaster University\Documents\Projects\MARS-Summer-Research\data\raw\KolektorSDD2\test\20701_GT.png
test,test,20702,0,Normal,C:\Users\james\OneDrive - Lancaster University\Documents\Projects\MARS-Summer-Research\data\raw\KolektorSDD2\test\20702.png,C:\Users\james\OneDrive - Lancaster University\Documents\Projects\MARS-Summer-Research\data\raw\KolektorSDD2\test\20702_GT.png
test,test,20703,0,Normal,C:\Users\james\OneDrive - Lancaster University\Documents\Projects\MARS-Summer-Research\data\raw\KolektorSDD2\test\20703.png,C:\Users\james\OneDrive - Lancaster University\Documents\Projects\MARS-Summer-Research\data\raw\KolektorSDD2\test\20703_GT.png
test,test,20704,0,Normal,C:\Users\james\OneDrive - Lancaster University\Documents\Projects\MARS-Summer-Research\data\raw\KolektorSDD2\test\20704.png,C:\Users\james\OneDrive - Lancaster University\Documents\Projects\MARS-Summer-Research\data\raw\KolektorSDD2\test\20704_GT.png
test,test,20705,0,Normal,C:\Users\james\OneDrive - Lancaster University\Documents\Projects\MARS-Summer-Research\data\raw\KolektorSDD2\test\20705.png,C:\Users\james\OneDrive - Lancaster University\Documents\Projects\MARS-Summer-Research\data\raw\KolektorSDD2\test\20705_GT.png
test,test,20706,0,Normal,C:\Users\james\OneDrive - Lancaster University\Documents\Projects\MARS-Summer-Research\data\raw\KolektorSDD2\test\20706.png,C:\Users\james\OneDrive - Lancaster University\Documents\Projects\MARS-Summer-Research\data\raw\KolektorSDD2\test\20706_GT.png
test,test,20707,0,Normal,C:\Users\james\OneDrive - Lancaster University\Documents\Projects\MARS-Summer-Research\data\raw\KolektorSDD2\test\20707.png,C:\Users\james\OneDrive - Lancaster University\Documents\Projects\MARS-Summer-Research\data\raw\KolektorSDD2\test\20707_GT.png
test,test,20708,0,Normal,C:\Users\james\OneDrive - Lancaster University\Documents\Projects\MARS-Summer-Research\data\raw\KolektorSDD2\test\20708.png,C:\Users\james\OneDrive - Lancaster University\Documents\Projects\MARS-Summer-Research\data\raw\KolektorSDD2\test\20708_GT.png
test,test,20709,0,Normal,C:\Users\james\OneDrive - Lancaster University\Documents\Projects\MARS-Summer-Research\data\raw\KolektorSDD2\test\20709.png,C:\Users\james\OneDrive - Lancaster University\Documents\Projects\MARS-Summer-Research\data\raw\KolektorSDD2\test\20709_GT.png
test,test,20710,0,Normal,C:\Users\james\OneDrive - Lancaster University\Documents\Projects\MARS-Summer-Research\data\raw\KolektorSDD2\test\20710.png,C:\Users\james\OneDrive - Lancaster University\Documents\Projects\MARS-Summer-Research\data\raw\KolektorSDD2\test\20710_GT.png
test,test,20711,0,Normal,C:\Users\james\OneDrive - Lancaster University\Documents\Projects\MARS-Summer-Research\data\raw\KolektorSDD2\test\20711.png,C:\Users\james\OneDrive - Lancaster University\Documents\Projects\MARS-Summer-Research\data\raw\KolektorSDD2\test\20711_GT.png
test,test,20712,0,Normal,C:\Users\james\OneDrive - Lancaster University\Documents\Projects\MARS-Summer-Research\data\raw\KolektorSDD2\test\20712.png,C:\Users\james\OneDrive - Lancaster University\Documents\Projects\MARS-Summer-Research\data\raw\KolektorSDD2\test\20712_GT.png
test,test,20713,0,Normal,C:\Users\james\OneDrive - Lancaster University\Documents\Projects\MARS-Summer-Research\data\raw\KolektorSDD2\test\20713.png,C:\Users\james\OneDrive - Lancaster University\Documents\Projects\MARS-Summer-Research\data\raw\KolektorSDD2\test\20713_GT.png
test,test,20714,0,Normal,C:\Users\james\OneDrive - Lancaster University\Documents\Projects\MARS-Summer-Research\data\raw\KolektorSDD2\test\20714.png,C:\Users\james\OneDrive - Lancaster University\Documents\Projects\MARS-Summer-Research\data\raw\KolektorSDD2\test\20714_GT.png
test,test,20715,0,Normal,C:\Users\james\OneDrive - Lancaster University\Documents\Projects\MARS-Summer-Research\data\raw\KolektorSDD2\test\20715.png,C:\Users\james\OneDrive - Lancaster University\Documents\Projects\MARS-Summer-Research\data\raw\KolektorSDD2\test\20715_GT.png
test,test,20716,0,Normal,C:\Users\james\OneDrive - Lancaster University\Documents\Projects\MARS-Summer-Research\data\raw\KolektorSDD2\test\20716.png,C:\Users\james\OneDrive - Lancaster University\Documents\Projects\MARS-Summer-Research\data\raw\KolektorSDD2\test\20716_GT.png
test,test,20717,0,Normal,C:\Users\james\OneDrive - Lancaster University\Documents\Projects\MARS-Summer-Research\data\raw\KolektorSDD2\test\20717.png,C:\Users\james\OneDrive - Lancaster University\Documents\Projects\MARS-Summer-Research\data\raw\KolektorSDD2\test\20717_GT.png
test,test,20718,0,Normal,C:\Users\james\OneDrive - Lancaster University\Documents\Projects\MARS-Summer-Research\data\raw\KolektorSDD2\test\20718.png,C:\Users\james\OneDrive - Lancaster University\Documents\Projects\MARS-Summer-Research\data\raw\KolektorSDD2\test\20718_GT.png
test,test,20719,0,Normal,C:\Users\james\OneDrive - Lancaster University\Documents\Projects\MARS-Summer-Research\data\raw\KolektorSDD2\test\20719.png,C:\Users\james\OneDrive - Lancaster University\Documents\Projects\MARS-Summer-Research\data\raw\KolektorSDD2\test\20719_GT.png
test,test,20720,0,Normal,C:\Users\james\OneDrive - Lancaster University\Documents\Projects\MARS-Summer-Research\data\raw\KolektorSDD2\test\20720.png,C:\Users\james\OneDrive - Lancaster University\Documents\Projects\MARS-Summer-Research\data\raw\KolektorSDD2\test\20720_GT.png
test,test,20721,0,Normal,C:\Users\james\OneDrive - Lancaster University\Documents\Projects\MARS-Summer-Research\data\raw\KolektorSDD2\test\20721.png,C:\Users\james\OneDrive - Lancaster University\Documents\Projects\MARS-Summer-Research\data\raw\KolektorSDD2\test\20721_GT.png
test,test,20722,0,Normal,C:\Users\james\OneDrive - Lancaster University\Documents\Projects\MARS-Summer-Research\data\raw\KolektorSDD2\test\20722.png,C:\Users\james\OneDrive - Lancaster University\Documents\Projects\MARS-Summer-Research\data\raw\KolektorSDD2\test\20722_GT.png
test,test,20723,0,Normal,C:\Users\james\OneDrive - Lancaster University\Documents\Projects\MARS-Summer-Research\data\raw\KolektorSDD2\test\20723.png,C:\Users\james\OneDrive - Lancaster University\Documents\Projects\MARS-Summer-Research\data\raw\KolektorSDD2\test\20723_GT.png
test,test,20724,1,Defective,C:\Users\james\OneDrive - Lancaster University\Documents\Projects\MARS-Summer-Research\data\raw\KolektorSDD2\test\20724.png,C:\Users\james\OneDrive - Lancaster University\Documents\Projects\MARS-Summer-Research\data\raw\KolektorSDD2\test\20724_GT.png
test,test,20725,0,Normal,C:\Users\james\OneDrive - Lancaster University\Documents\Projects\MARS-Summer-Research\data\raw\KolektorSDD2\test\20725.png,C:\Users\james\OneDrive - Lancaster University\Documents\Projects\MARS-Summer-Research\data\raw\KolektorSDD2\test\20725_GT.png
test,test,20726,0,Normal,C:\Users\james\OneDrive - Lancaster University\Documents\Projects\MARS-Summer-Research\data\raw\KolektorSDD2\test\20726.png,C:\Users\james\OneDrive - Lancaster University\Documents\Projects\MARS-Summer-Research\data\raw\KolektorSDD2\test\20726_GT.png
test,test,20727,0,Normal,C:\Users\james\OneDrive - Lancaster University\Documents\Projects\MARS-Summer-Research\data\raw\KolektorSDD2\test\20727.png,C:\Users\james\OneDrive - Lancaster University\Documents\Projects\MARS-Summer-Research\data\raw\KolektorSDD2\test\20727_GT.png
test,test,20728,0,Normal,C:\Users\james\OneDrive - Lancaster University\Documents\Projects\MARS-Summer-Research\data\raw\KolektorSDD2\test\20728.png,C:\Users\james\OneDrive - Lancaster University\Documents\Projects\MARS-Summer-Research\data\raw\KolektorSDD2\test\20728_GT.png
test,test,20729,0,Normal,C:\Users\james\OneDrive - Lancaster University\Documents\Projects\MARS-Summer-Research\data\raw\KolektorSDD2\test\20729.png,C:\Users\james\OneDrive - Lancaster University\Documents\Projects\MARS-Summer-Research\data\raw\KolektorSDD2\test\20729_GT.png
test,test,20730,0,Normal,C:\Users\james\OneDrive - Lancaster University\Documents\Projects\MARS-Summer-Research\data\raw\KolektorSDD2\test\20730.png,C:\Users\james\OneDrive - Lancaster University\Documents\Projects\MARS-Summer-Research\data\raw\KolektorSDD2\test\20730_GT.png
test,test,20731,0,Normal,C:\Users\james\OneDrive - Lancaster University\Documents\Projects\MARS-Summer-Research\data\raw\KolektorSDD2\test\20731.png,C:\Users\james\OneDrive - Lancaster University\Documents\Projects\MARS-Summer-Research\data\raw\KolektorSDD2\test\20731_GT.png
test,test,20732,0,Normal,C:\Users\james\OneDrive - Lancaster University\Documents\Projects\MARS-Summer-Research\data\raw\KolektorSDD2\test\20732.png,C:\Users\james\OneDrive - Lancaster University\Documents\Projects\MARS-Summer-Research\data\raw\KolektorSDD2\test\20732_GT.png
test,test,20733,0,Normal,C:\Users\james\OneDrive - Lancaster University\Documents\Projects\MARS-Summer-Research\data\raw\KolektorSDD2\test\20733.png,C:\Users\james\OneDrive - Lancaster University\Documents\Projects\MARS-Summer-Research\data\raw\KolektorSDD2\test\20733_GT.png
test,test,20734,0,Normal,C:\Users\james\OneDrive - Lancaster University\Documents\Projects\MARS-Summer-Research\data\raw\KolektorSDD2\test\20734.png,C:\Users\james\OneDrive - Lancaster University\Documents\Projects\MARS-Summer-Research\data\raw\KolektorSDD2\test\20734_GT.png
test,test,20735,0,Normal,C:\Users\james\OneDrive - Lancaster University\Documents\Projects\MARS-Summer-Research\data\raw\KolektorSDD2\test\20735.png,C:\Users\james\OneDrive - Lancaster University\Documents\Projects\MARS-Summer-Research\data\raw\KolektorSDD2\test\20735_GT.png
test,test,20736,0,Normal,C:\Users\james\OneDrive - Lancaster University\Documents\Projects\MARS-Summer-Research\data\raw\KolektorSDD2\test\20736.png,C:\Users\james\OneDrive - Lancaster University\Documents\Projects\MARS-Summer-Research\data\raw\KolektorSDD2\test\20736_GT.png
test,test,20737,0,Normal,C:\Users\james\OneDrive - Lancaster University\Documents\Projects\MARS-Summer-Research\data\raw\KolektorSDD2\test\20737.png,C:\Users\james\OneDrive - Lancaster University\Documents\Projects\MARS-Summer-Research\data\raw\KolektorSDD2\test\20737_GT.png
test,test,20738,1,Defective,C:\Users\james\OneDrive - Lancaster University\Documents\Projects\MARS-Summer-Research\data\raw\KolektorSDD2\test\20738.png,C:\Users\james\OneDrive - Lancaster University\Documents\Projects\MARS-Summer-Research\data\raw\KolektorSDD2\test\20738_GT.png
test,test,20739,0,Normal,C:\Users\james\OneDrive - Lancaster University\Documents\Projects\MARS-Summer-Research\data\raw\KolektorSDD2\test\20739.png,C:\Users\james\OneDrive - Lancaster University\Documents\Projects\MARS-Summer-Research\data\raw\KolektorSDD2\test\20739_GT.png
test,test,20740,0,Normal,C:\Users\james\OneDrive - Lancaster University\Documents\Projects\MARS-Summer-Research\data\raw\KolektorSDD2\test\20740.png,C:\Users\james\OneDrive - Lancaster University\Documents\Projects\MARS-Summer-Research\data\raw\KolektorSDD2\test\20740_GT.png
test,test,20741,0,Normal,C:\Users\james\OneDrive - Lancaster University\Documents\Projects\MARS-Summer-Research\data\raw\KolektorSDD2\test\20741.png,C:\Users\james\OneDrive - Lancaster University\Documents\Projects\MARS-Summer-Research\data\raw\KolektorSDD2\test\20741_GT.png
test,test,20742,0,Normal,C:\Users\james\OneDrive - Lancaster University\Documents\Projects\MARS-Summer-Research\data\raw\KolektorSDD2\test\20742.png,C:\Users\james\OneDrive - Lancaster University\Documents\Projects\MARS-Summer-Research\data\raw\KolektorSDD2\test\20742_GT.png
test,test,20743,0,Normal,C:\Users\james\OneDrive - Lancaster University\Documents\Projects\MARS-Summer-Research\data\raw\KolektorSDD2\test\20743.png,C:\Users\james\OneDrive - Lancaster University\Documents\Projects\MARS-Summer-Research\data\raw\KolektorSDD2\test\20743_GT.png
test,test,20744,1,Defective,C:\Users\james\OneDrive - Lancaster University\Documents\Projects\MARS-Summer-Research\data\raw\KolektorSDD2\test\20744.png,C:\Users\james\OneDrive - Lancaster University\Documents\Projects\MARS-Summer-Research\data\raw\KolektorSDD2\test\20744_GT.png
test,test,20745,0,Normal,C:\Users\james\OneDrive - Lancaster University\Documents\Projects\MARS-Summer-Research\data\raw\KolektorSDD2\test\20745.png,C:\Users\james\OneDrive - Lancaster University\Documents\Projects\MARS-Summer-Research\data\raw\KolektorSDD2\test\20745_GT.png
test,test,20746,0,Normal,C:\Users\james\OneDrive - Lancaster University\Documents\Projects\MARS-Summer-Research\data\raw\KolektorSDD2\test\20746.png,C:\Users\james\OneDrive - Lancaster University\Documents\Projects\MARS-Summer-Research\data\raw\KolektorSDD2\test\20746_GT.png
test,test,20747,1,Defective,C:\Users\james\OneDrive - Lancaster University\Documents\Projects\MARS-Summer-Research\data\raw\KolektorSDD2\test\20747.png,C:\Users\james\OneDrive - Lancaster University\Documents\Projects\MARS-Summer-Research\data\raw\KolektorSDD2\test\20747_GT.png
test,test,20748,0,Normal,C:\Users\james\OneDrive - Lancaster University\Documents\Projects\MARS-Summer-Research\data\raw\KolektorSDD2\test\20748.png,C:\Users\james\OneDrive - Lancaster University\Documents\Projects\MARS-Summer-Research\data\raw\KolektorSDD2\test\20748_GT.png
test,test,20749,0,Normal,C:\Users\james\OneDrive - Lancaster University\Documents\Projects\MARS-Summer-Research\data\raw\KolektorSDD2\test\20749.png,C:\Users\james\OneDrive - Lancaster University\Documents\Projects\MARS-Summer-Research\data\raw\KolektorSDD2\test\20749_GT.png
test,test,20750,0,Normal,C:\Users\james\OneDrive - Lancaster University\Documents\Projects\MARS-Summer-Research\data\raw\KolektorSDD2\test\20750.png,C:\Users\james\OneDrive - Lancaster University\Documents\Projects\MARS-Summer-Research\data\raw\KolektorSDD2\test\20750_GT.png
test,test,20751,0,Normal,C:\Users\james\OneDrive - Lancaster University\Documents\Projects\MARS-Summer-Research\data\raw\KolektorSDD2\test\20751.png,C:\Users\james\OneDrive - Lancaster University\Documents\Projects\MARS-Summer-Research\data\raw\KolektorSDD2\test\20751_GT.png
test,test,20752,0,Normal,C:\Users\james\OneDrive - Lancaster University\Documents\Projects\MARS-Summer-Research\data\raw\KolektorSDD2\test\20752.png,C:\Users\james\OneDrive - Lancaster University\Documents\Projects\MARS-Summer-Research\data\raw\KolektorSDD2\test\20752_GT.png
test,test,20753,0,Normal,C:\Users\james\OneDrive - Lancaster University\Documents\Projects\MARS-Summer-Research\data\raw\KolektorSDD2\test\20753.png,C:\Users\james\OneDrive - Lancaster University\Documents\Projects\MARS-Summer-Research\data\raw\KolektorSDD2\test\20753_GT.png
test,test,20754,1,Defective,C:\Users\james\OneDrive - Lancaster University\Documents\Projects\MARS-Summer-Research\data\raw\KolektorSDD2\test\20754.png,C:\Users\james\OneDrive - Lancaster University\Documents\Projects\MARS-Summer-Research\data\raw\KolektorSDD2\test\20754_GT.png
test,test,20755,0,Normal,C:\Users\james\OneDrive - Lancaster University\Documents\Projects\MARS-Summer-Research\data\raw\KolektorSDD2\test\20755.png,C:\Users\james\OneDrive - Lancaster University\Documents\Projects\MARS-Summer-Research\data\raw\KolektorSDD2\test\20755_GT.png
test,test,20756,0,Normal,C:\Users\james\OneDrive - Lancaster University\Documents\Projects\MARS-Summer-Research\data\raw\KolektorSDD2\test\20756.png,C:\Users\james\OneDrive - Lancaster University\Documents\Projects\MARS-Summer-Research\data\raw\KolektorSDD2\test\20756_GT.png
test,test,20757,0,Normal,C:\Users\james\OneDrive - Lancaster University\Documents\Projects\MARS-Summer-Research\data\raw\KolektorSDD2\test\20757.png,C:\Users\james\OneDrive - Lancaster University\Documents\Projects\MARS-Summer-Research\data\raw\KolektorSDD2\test\20757_GT.png
test,test,20758,0,Normal,C:\Users\james\OneDrive - Lancaster University\Documents\Projects\MARS-Summer-Research\data\raw\KolektorSDD2\test\20758.png,C:\Users\james\OneDrive - Lancaster University\Documents\Projects\MARS-Summer-Research\data\raw\KolektorSDD2\test\20758_GT.png
test,test,20759,0,Normal,C:\Users\james\OneDrive - Lancaster University\Documents\Projects\MARS-Summer-Research\data\raw\KolektorSDD2\test\20759.png,C:\Users\james\OneDrive - Lancaster University\Documents\Projects\MARS-Summer-Research\data\raw\KolektorSDD2\test\20759_GT.png
test,test,20760,0,Normal,C:\Users\james\OneDrive - Lancaster University\Documents\Projects\MARS-Summer-Research\data\raw\KolektorSDD2\test\20760.png,C:\Users\james\OneDrive - Lancaster University\Documents\Projects\MARS-Summer-Research\data\raw\KolektorSDD2\test\20760_GT.png
test,test,20761,0,Normal,C:\Users\james\OneDrive - Lancaster University\Documents\Projects\MARS-Summer-Research\data\raw\KolektorSDD2\test\20761.png,C:\Users\james\OneDrive - Lancaster University\Documents\Projects\MARS-Summer-Research\data\raw\KolektorSDD2\test\20761_GT.png
test,test,20762,0,Normal,C:\Users\james\OneDrive - Lancaster University\Documents\Projects\MARS-Summer-Research\data\raw\KolektorSDD2\test\20762.png,C:\Users\james\OneDrive - Lancaster University\Documents\Projects\MARS-Summer-Research\data\raw\KolektorSDD2\test\20762_GT.png
test,test,20763,0,Normal,C:\Users\james\OneDrive - Lancaster University\Documents\Projects\MARS-Summer-Research\data\raw\KolektorSDD2\test\20763.png,C:\Users\james\OneDrive - Lancaster University\Documents\Projects\MARS-Summer-Research\data\raw\KolektorSDD2\test\20763_GT.png
test,test,20764,0,Normal,C:\Users\james\OneDrive - Lancaster University\Documents\Projects\MARS-Summer-Research\data\raw\KolektorSDD2\test\20764.png,C:\Users\james\OneDrive - Lancaster University\Documents\Projects\MARS-Summer-Research\data\raw\KolektorSDD2\test\20764_GT.png
test,test,20765,1,Defective,C:\Users\james\OneDrive - Lancaster University\Documents\Projects\MARS-Summer-Research\data\raw\KolektorSDD2\test\20765.png,C:\Users\james\OneDrive - Lancaster University\Documents\Projects\MARS-Summer-Research\data\raw\KolektorSDD2\test\20765_GT.png
test,test,20766,0,Normal,C:\Users\james\OneDrive - Lancaster University\Documents\Projects\MARS-Summer-Research\data\raw\KolektorSDD2\test\20766.png,C:\Users\james\OneDrive - Lancaster University\Documents\Projects\MARS-Summer-Research\data\raw\KolektorSDD2\test\20766_GT.png
test,test,20767,0,Normal,C:\Users\james\OneDrive - Lancaster University\Documents\Projects\MARS-Summer-Research\data\raw\KolektorSDD2\test\20767.png,C:\Users\james\OneDrive - Lancaster University\Documents\Projects\MARS-Summer-Research\data\raw\KolektorSDD2\test\20767_GT.png
test,test,20768,0,Normal,C:\Users\james\OneDrive - Lancaster University\Documents\Projects\MARS-Summer-Research\data\raw\KolektorSDD2\test\20768.png,C:\Users\james\OneDrive - Lancaster University\Documents\Projects\MARS-Summer-Research\data\raw\KolektorSDD2\test\20768_GT.png
test,test,20769,0,Normal,C:\Users\james\OneDrive - Lancaster University\Documents\Projects\MARS-Summer-Research\data\raw\KolektorSDD2\test\20769.png,C:\Users\james\OneDrive - Lancaster University\Documents\Projects\MARS-Summer-Research\data\raw\KolektorSDD2\test\20769_GT.png
test,test,20770,0,Normal,C:\Users\james\OneDrive - Lancaster University\Documents\Projects\MARS-Summer-Research\data\raw\KolektorSDD2\test\20770.png,C:\Users\james\OneDrive - Lancaster University\Documents\Projects\MARS-Summer-Research\data\raw\KolektorSDD2\test\20770_GT.png
test,test,20771,0,Normal,C:\Users\james\OneDrive - Lancaster University\Documents\Projects\MARS-Summer-Research\data\raw\KolektorSDD2\test\20771.png,C:\Users\james\OneDrive - Lancaster University\Documents\Projects\MARS-Summer-Research\data\raw\KolektorSDD2\test\20771_GT.png
test,test,20772,1,Defective,C:\Users\james\OneDrive - Lancaster University\Documents\Projects\MARS-Summer-Research\data\raw\KolektorSDD2\test\20772.png,C:\Users\james\OneDrive - Lancaster University\Documents\Projects\MARS-Summer-Research\data\raw\KolektorSDD2\test\20772_GT.png
test,test,20773,0,Normal,C:\Users\james\OneDrive - Lancaster University\Documents\Projects\MARS-Summer-Research\data\raw\KolektorSDD2\test\20773.png,C:\Users\james\OneDrive - Lancaster University\Documents\Projects\MARS-Summer-Research\data\raw\KolektorSDD2\test\20773_GT.png
test,test,20774,0,Normal,C:\Users\james\OneDrive - Lancaster University\Documents\Projects\MARS-Summer-Research\data\raw\KolektorSDD2\test\20774.png,C:\Users\james\OneDrive - Lancaster University\Documents\Projects\MARS-Summer-Research\data\raw\KolektorSDD2\test\20774_GT.png
test,test,20775,0,Normal,C:\Users\james\OneDrive - Lancaster University\Documents\Projects\MARS-Summer-Research\data\raw\KolektorSDD2\test\20775.png,C:\Users\james\OneDrive - Lancaster University\Documents\Projects\MARS-Summer-Research\data\raw\KolektorSDD2\test\20775_GT.png
test,test,20776,0,Normal,C:\Users\james\OneDrive - Lancaster University\Documents\Projects\MARS-Summer-Research\data\raw\KolektorSDD2\test\20776.png,C:\Users\james\OneDrive - Lancaster University\Documents\Projects\MARS-Summer-Research\data\raw\KolektorSDD2\test\20776_GT.png
test,test,20777,0,Normal,C:\Users\james\OneDrive - Lancaster University\Documents\Projects\MARS-Summer-Research\data\raw\KolektorSDD2\test\20777.png,C:\Users\james\OneDrive - Lancaster University\Documents\Projects\MARS-Summer-Research\data\raw\KolektorSDD2\test\20777_GT.png
test,test,20778,0,Normal,C:\Users\james\OneDrive - Lancaster University\Documents\Projects\MARS-Summer-Research\data\raw\KolektorSDD2\test\20778.png,C:\Users\james\OneDrive - Lancaster University\Documents\Projects\MARS-Summer-Research\data\raw\KolektorSDD2\test\20778_GT.png
test,test,20779,0,Normal,C:\Users\james\OneDrive - Lancaster University\Documents\Projects\MARS-Summer-Research\data\raw\KolektorSDD2\test\20779.png,C:\Users\james\OneDrive - Lancaster University\Documents\Projects\MARS-Summer-Research\data\raw\KolektorSDD2\test\20779_GT.png
test,test,20780,0,Normal,C:\Users\james\OneDrive - Lancaster University\Documents\Projects\MARS-Summer-Research\data\raw\KolektorSDD2\test\20780.png,C:\Users\james\OneDrive - Lancaster University\Documents\Projects\MARS-Summer-Research\data\raw\KolektorSDD2\test\20780_GT.png
test,test,20781,0,Normal,C:\Users\james\OneDrive - Lancaster University\Documents\Projects\MARS-Summer-Research\data\raw\KolektorSDD2\test\20781.png,C:\Users\james\OneDrive - Lancaster University\Documents\Projects\MARS-Summer-Research\data\raw\KolektorSDD2\test\20781_GT.png
test,test,20782,0,Normal,C:\Users\james\OneDrive - Lancaster University\Documents\Projects\MARS-Summer-Research\data\raw\KolektorSDD2\test\20782.png,C:\Users\james\OneDrive - Lancaster University\Documents\Projects\MARS-Summer-Research\data\raw\KolektorSDD2\test\20782_GT.png
test,test,20783,0,Normal,C:\Users\james\OneDrive - Lancaster University\Documents\Projects\MARS-Summer-Research\data\raw\KolektorSDD2\test\20783.png,C:\Users\james\OneDrive - Lancaster University\Documents\Projects\MARS-Summer-Research\data\raw\KolektorSDD2\test\20783_GT.png
test,test,20784,1,Defective,C:\Users\james\OneDrive - Lancaster University\Documents\Projects\MARS-Summer-Research\data\raw\KolektorSDD2\test\20784.png,C:\Users\james\OneDrive - Lancaster University\Documents\Projects\MARS-Summer-Research\data\raw\KolektorSDD2\test\20784_GT.png
test,test,20785,1,Defective,C:\Users\james\OneDrive - Lancaster University\Documents\Projects\MARS-Summer-Research\data\raw\KolektorSDD2\test\20785.png,C:\Users\james\OneDrive - Lancaster University\Documents\Projects\MARS-Summer-Research\data\raw\KolektorSDD2\test\20785_GT.png
test,test,20786,0,Normal,C:\Users\james\OneDrive - Lancaster University\Documents\Projects\MARS-Summer-Research\data\raw\KolektorSDD2\test\20786.png,C:\Users\james\OneDrive - Lancaster University\Documents\Projects\MARS-Summer-Research\data\raw\KolektorSDD2\test\20786_GT.png
test,test,20787,0,Normal,C:\Users\james\OneDrive - Lancaster University\Documents\Projects\MARS-Summer-Research\data\raw\KolektorSDD2\test\20787.png,C:\Users\james\OneDrive - Lancaster University\Documents\Projects\MARS-Summer-Research\data\raw\KolektorSDD2\test\20787_GT.png
test,test,20788,0,Normal,C:\Users\james\OneDrive - Lancaster University\Documents\Projects\MARS-Summer-Research\data\raw\KolektorSDD2\test\20788.png,C:\Users\james\OneDrive - Lancaster University\Documents\Projects\MARS-Summer-Research\data\raw\KolektorSDD2\test\20788_GT.png
test,test,20789,0,Normal,C:\Users\james\OneDrive - Lancaster University\Documents\Projects\MARS-Summer-Research\data\raw\KolektorSDD2\test\20789.png,C:\Users\james\OneDrive - Lancaster University\Documents\Projects\MARS-Summer-Research\data\raw\KolektorSDD2\test\20789_GT.png
test,test,20790,0,Normal,C:\Users\james\OneDrive - Lancaster University\Documents\Projects\MARS-Summer-Research\data\raw\KolektorSDD2\test\20790.png,C:\Users\james\OneDrive - Lancaster University\Documents\Projects\MARS-Summer-Research\data\raw\KolektorSDD2\test\20790_GT.png
test,test,20791,0,Normal,C:\Users\james\OneDrive - Lancaster University\Documents\Projects\MARS-Summer-Research\data\raw\KolektorSDD2\test\20791.png,C:\Users\james\OneDrive - Lancaster University\Documents\Projects\MARS-Summer-Research\data\raw\KolektorSDD2\test\20791_GT.png
test,test,20792,0,Normal,C:\Users\james\OneDrive - Lancaster University\Documents\Projects\MARS-Summer-Research\data\raw\KolektorSDD2\test\20792.png,C:\Users\james\OneDrive - Lancaster University\Documents\Projects\MARS-Summer-Research\data\raw\KolektorSDD2\test\20792_GT.png
test,test,20793,0,Normal,C:\Users\james\OneDrive - Lancaster University\Documents\Projects\MARS-Summer-Research\data\raw\KolektorSDD2\test\20793.png,C:\Users\james\OneDrive - Lancaster University\Documents\Projects\MARS-Summer-Research\data\raw\KolektorSDD2\test\20793_GT.png
test,test,20794,0,Normal,C:\Users\james\OneDrive - Lancaster University\Documents\Projects\MARS-Summer-Research\data\raw\KolektorSDD2\test\20794.png,C:\Users\james\OneDrive - Lancaster University\Documents\Projects\MARS-Summer-Research\data\raw\KolektorSDD2\test\20794_GT.png
test,test,20795,0,Normal,C:\Users\james\OneDrive - Lancaster University\Documents\Projects\MARS-Summer-Research\data\raw\KolektorSDD2\test\20795.png,C:\Users\james\OneDrive - Lancaster University\Documents\Projects\MARS-Summer-Research\data\raw\KolektorSDD2\test\20795_GT.png
test,test,20796,0,Normal,C:\Users\james\OneDrive - Lancaster University\Documents\Projects\MARS-Summer-Research\data\raw\KolektorSDD2\test\20796.png,C:\Users\james\OneDrive - Lancaster University\Documents\Projects\MARS-Summer-Research\data\raw\KolektorSDD2\test\20796_GT.png
test,test,20797,0,Normal,C:\Users\james\OneDrive - Lancaster University\Documents\Projects\MARS-Summer-Research\data\raw\KolektorSDD2\test\20797.png,C:\Users\james\OneDrive - Lancaster University\Documents\Projects\MARS-Summer-Research\data\raw\KolektorSDD2\test\20797_GT.png
test,test,20798,0,Normal,C:\Users\james\OneDrive - Lancaster University\Documents\Projects\MARS-Summer-Research\data\raw\KolektorSDD2\test\20798.png,C:\Users\james\OneDrive - Lancaster University\Documents\Projects\MARS-Summer-Research\data\raw\KolektorSDD2\test\20798_GT.png
test,test,20799,0,Normal,C:\Users\james\OneDrive - Lancaster University\Documents\Projects\MARS-Summer-Research\data\raw\KolektorSDD2\test\20799.png,C:\Users\james\OneDrive - Lancaster University\Documents\Projects\MARS-Summer-Research\data\raw\KolektorSDD2\test\20799_GT.png
test,test,20800,0,Normal,C:\Users\james\OneDrive - Lancaster University\Documents\Projects\MARS-Summer-Research\data\raw\KolektorSDD2\test\20800.png,C:\Users\james\OneDrive - Lancaster University\Documents\Projects\MARS-Summer-Research\data\raw\KolektorSDD2\test\20800_GT.png
test,test,20801,1,Defective,C:\Users\james\OneDrive - Lancaster University\Documents\Projects\MARS-Summer-Research\data\raw\KolektorSDD2\test\20801.png,C:\Users\james\OneDrive - Lancaster University\Documents\Projects\MARS-Summer-Research\data\raw\KolektorSDD2\test\20801_GT.png
test,test,20802,0,Normal,C:\Users\james\OneDrive - Lancaster University\Documents\Projects\MARS-Summer-Research\data\raw\KolektorSDD2\test\20802.png,C:\Users\james\OneDrive - Lancaster University\Documents\Projects\MARS-Summer-Research\data\raw\KolektorSDD2\test\20802_GT.png
test,test,20803,0,Normal,C:\Users\james\OneDrive - Lancaster University\Documents\Projects\MARS-Summer-Research\data\raw\KolektorSDD2\test\20803.png,C:\Users\james\OneDrive - Lancaster University\Documents\Projects\MARS-Summer-Research\data\raw\KolektorSDD2\test\20803_GT.png
test,test,20804,1,Defective,C:\Users\james\OneDrive - Lancaster University\Documents\Projects\MARS-Summer-Research\data\raw\KolektorSDD2\test\20804.png,C:\Users\james\OneDrive - Lancaster University\Documents\Projects\MARS-Summer-Research\data\raw\KolektorSDD2\test\20804_GT.png
test,test,20805,0,Normal,C:\Users\james\OneDrive - Lancaster University\Documents\Projects\MARS-Summer-Research\data\raw\KolektorSDD2\test\20805.png,C:\Users\james\OneDrive - Lancaster University\Documents\Projects\MARS-Summer-Research\data\raw\KolektorSDD2\test\20805_GT.png
test,test,20806,0,Normal,C:\Users\james\OneDrive - Lancaster University\Documents\Projects\MARS-Summer-Research\data\raw\KolektorSDD2\test\20806.png,C:\Users\james\OneDrive - Lancaster University\Documents\Projects\MARS-Summer-Research\data\raw\KolektorSDD2\test\20806_GT.png
test,test,20807,0,Normal,C:\Users\james\OneDrive - Lancaster University\Documents\Projects\MARS-Summer-Research\data\raw\KolektorSDD2\test\20807.png,C:\Users\james\OneDrive - Lancaster University\Documents\Projects\MARS-Summer-Research\data\raw\KolektorSDD2\test\20807_GT.png
test,test,20808,0,Normal,C:\Users\james\OneDrive - Lancaster University\Documents\Projects\MARS-Summer-Research\data\raw\KolektorSDD2\test\20808.png,C:\Users\james\OneDrive - Lancaster University\Documents\Projects\MARS-Summer-Research\data\raw\KolektorSDD2\test\20808_GT.png
test,test,20809,0,Normal,C:\Users\james\OneDrive - Lancaster University\Documents\Projects\MARS-Summer-Research\data\raw\KolektorSDD2\test\20809.png,C:\Users\james\OneDrive - Lancaster University\Documents\Projects\MARS-Summer-Research\data\raw\KolektorSDD2\test\20809_GT.png
test,test,20810,0,Normal,C:\Users\james\OneDrive - Lancaster University\Documents\Projects\MARS-Summer-Research\data\raw\KolektorSDD2\test\20810.png,C:\Users\james\OneDrive - Lancaster University\Documents\Projects\MARS-Summer-Research\data\raw\KolektorSDD2\test\20810_GT.png
test,test,20811,0,Normal,C:\Users\james\OneDrive - Lancaster University\Documents\Projects\MARS-Summer-Research\data\raw\KolektorSDD2\test\20811.png,C:\Users\james\OneDrive - Lancaster University\Documents\Projects\MARS-Summer-Research\data\raw\KolektorSDD2\test\20811_GT.png
test,test,20812,0,Normal,C:\Users\james\OneDrive - Lancaster University\Documents\Projects\MARS-Summer-Research\data\raw\KolektorSDD2\test\20812.png,C:\Users\james\OneDrive - Lancaster University\Documents\Projects\MARS-Summer-Research\data\raw\KolektorSDD2\test\20812_GT.png
test,test,20813,0,Normal,C:\Users\james\OneDrive - Lancaster University\Documents\Projects\MARS-Summer-Research\data\raw\KolektorSDD2\test\20813.png,C:\Users\james\OneDrive - Lancaster University\Documents\Projects\MARS-Summer-Research\data\raw\KolektorSDD2\test\20813_GT.png
test,test,20814,0,Normal,C:\Users\james\OneDrive - Lancaster University\Documents\Projects\MARS-Summer-Research\data\raw\KolektorSDD2\test\20814.png,C:\Users\james\OneDrive - Lancaster University\Documents\Projects\MARS-Summer-Research\data\raw\KolektorSDD2\test\20814_GT.png
test,test,20815,0,Normal,C:\Users\james\OneDrive - Lancaster University\Documents\Projects\MARS-Summer-Research\data\raw\KolektorSDD2\test\20815.png,C:\Users\james\OneDrive - Lancaster University\Documents\Projects\MARS-Summer-Research\data\raw\KolektorSDD2\test\20815_GT.png
test,test,20816,1,Defective,C:\Users\james\OneDrive - Lancaster University\Documents\Projects\MARS-Summer-Research\data\raw\KolektorSDD2\test\20816.png,C:\Users\james\OneDrive - Lancaster University\Documents\Projects\MARS-Summer-Research\data\raw\KolektorSDD2\test\20816_GT.png
test,test,20817,0,Normal,C:\Users\james\OneDrive - Lancaster University\Documents\Projects\MARS-Summer-Research\data\raw\KolektorSDD2\test\20817.png,C:\Users\james\OneDrive - Lancaster University\Documents\Projects\MARS-Summer-Research\data\raw\KolektorSDD2\test\20817_GT.png
test,test,20818,0,Normal,C:\Users\james\OneDrive - Lancaster University\Documents\Projects\MARS-Summer-Research\data\raw\KolektorSDD2\test\20818.png,C:\Users\james\OneDrive - Lancaster University\Documents\Projects\MARS-Summer-Research\data\raw\KolektorSDD2\test\20818_GT.png
test,test,20819,0,Normal,C:\Users\james\OneDrive - Lancaster University\Documents\Projects\MARS-Summer-Research\data\raw\KolektorSDD2\test\20819.png,C:\Users\james\OneDrive - Lancaster University\Documents\Projects\MARS-Summer-Research\data\raw\KolektorSDD2\test\20819_GT.png
test,test,20820,0,Normal,C:\Users\james\OneDrive - Lancaster University\Documents\Projects\MARS-Summer-Research\data\raw\KolektorSDD2\test\20820.png,C:\Users\james\OneDrive - Lancaster University\Documents\Projects\MARS-Summer-Research\data\raw\KolektorSDD2\test\20820_GT.png
test,test,20821,1,Defective,C:\Users\james\OneDrive - Lancaster University\Documents\Projects\MARS-Summer-Research\data\raw\KolektorSDD2\test\20821.png,C:\Users\james\OneDrive - Lancaster University\Documents\Projects\MARS-Summer-Research\data\raw\KolektorSDD2\test\20821_GT.png
test,test,20822,0,Normal,C:\Users\james\OneDrive - Lancaster University\Documents\Projects\MARS-Summer-Research\data\raw\KolektorSDD2\test\20822.png,C:\Users\james\OneDrive - Lancaster University\Documents\Projects\MARS-Summer-Research\data\raw\KolektorSDD2\test\20822_GT.png
test,test,20823,0,Normal,C:\Users\james\OneDrive - Lancaster University\Documents\Projects\MARS-Summer-Research\data\raw\KolektorSDD2\test\20823.png,C:\Users\james\OneDrive - Lancaster University\Documents\Projects\MARS-Summer-Research\data\raw\KolektorSDD2\test\20823_GT.png
test,test,20824,0,Normal,C:\Users\james\OneDrive - Lancaster University\Documents\Projects\MARS-Summer-Research\data\raw\KolektorSDD2\test\20824.png,C:\Users\james\OneDrive - Lancaster University\Documents\Projects\MARS-Summer-Research\data\raw\KolektorSDD2\test\20824_GT.png
test,test,20825,0,Normal,C:\Users\james\OneDrive - Lancaster University\Documents\Projects\MARS-Summer-Research\data\raw\KolektorSDD2\test\20825.png,C:\Users\james\OneDrive - Lancaster University\Documents\Projects\MARS-Summer-Research\data\raw\KolektorSDD2\test\20825_GT.png
test,test,20826,0,Normal,C:\Users\james\OneDrive - Lancaster University\Documents\Projects\MARS-Summer-Research\data\raw\KolektorSDD2\test\20826.png,C:\Users\james\OneDrive - Lancaster University\Documents\Projects\MARS-Summer-Research\data\raw\KolektorSDD2\test\20826_GT.png
test,test,20827,1,Defective,C:\Users\james\OneDrive - Lancaster University\Documents\Projects\MARS-Summer-Research\data\raw\KolektorSDD2\test\20827.png,C:\Users\james\OneDrive - Lancaster University\Documents\Projects\MARS-Summer-Research\data\raw\KolektorSDD2\test\20827_GT.png
test,test,20828,0,Normal,C:\Users\james\OneDrive - Lancaster University\Documents\Projects\MARS-Summer-Research\data\raw\KolektorSDD2\test\20828.png,C:\Users\james\OneDrive - Lancaster University\Documents\Projects\MARS-Summer-Research\data\raw\KolektorSDD2\test\20828_GT.png
test,test,20829,1,Defective,C:\Users\james\OneDrive - Lancaster University\Documents\Projects\MARS-Summer-Research\data\raw\KolektorSDD2\test\20829.png,C:\Users\james\OneDrive - Lancaster University\Documents\Projects\MARS-Summer-Research\data\raw\KolektorSDD2\test\20829_GT.png
test,test,20830,0,Normal,C:\Users\james\OneDrive - Lancaster University\Documents\Projects\MARS-Summer-Research\data\raw\KolektorSDD2\test\20830.png,C:\Users\james\OneDrive - Lancaster University\Documents\Projects\MARS-Summer-Research\data\raw\KolektorSDD2\test\20830_GT.png
test,test,20831,0,Normal,C:\Users\james\OneDrive - Lancaster University\Documents\Projects\MARS-Summer-Research\data\raw\KolektorSDD2\test\20831.png,C:\Users\james\OneDrive - Lancaster University\Documents\Projects\MARS-Summer-Research\data\raw\KolektorSDD2\test\20831_GT.png
test,test,20832,0,Normal,C:\Users\james\OneDrive - Lancaster University\Documents\Projects\MARS-Summer-Research\data\raw\KolektorSDD2\test\20832.png,C:\Users\james\OneDrive - Lancaster University\Documents\Projects\MARS-Summer-Research\data\raw\KolektorSDD2\test\20832_GT.png
test,test,20833,0,Normal,C:\Users\james\OneDrive - Lancaster University\Documents\Projects\MARS-Summer-Research\data\raw\KolektorSDD2\test\20833.png,C:\Users\james\OneDrive - Lancaster University\Documents\Projects\MARS-Summer-Research\data\raw\KolektorSDD2\test\20833_GT.png
test,test,20834,1,Defective,C:\Users\james\OneDrive - Lancaster University\Documents\Projects\MARS-Summer-Research\data\raw\KolektorSDD2\test\20834.png,C:\Users\james\OneDrive - Lancaster University\Documents\Projects\MARS-Summer-Research\data\raw\KolektorSDD2\test\20834_GT.png
test,test,20835,0,Normal,C:\Users\james\OneDrive - Lancaster University\Documents\Projects\MARS-Summer-Research\data\raw\KolektorSDD2\test\20835.png,C:\Users\james\OneDrive - Lancaster University\Documents\Projects\MARS-Summer-Research\data\raw\KolektorSDD2\test\20835_GT.png
test,test,20836,0,Normal,C:\Users\james\OneDrive - Lancaster University\Documents\Projects\MARS-Summer-Research\data\raw\KolektorSDD2\test\20836.png,C:\Users\james\OneDrive - Lancaster University\Documents\Projects\MARS-Summer-Research\data\raw\KolektorSDD2\test\20836_GT.png
test,test,20837,0,Normal,C:\Users\james\OneDrive - Lancaster University\Documents\Projects\MARS-Summer-Research\data\raw\KolektorSDD2\test\20837.png,C:\Users\james\OneDrive - Lancaster University\Documents\Projects\MARS-Summer-Research\data\raw\KolektorSDD2\test\20837_GT.png
test,test,20838,0,Normal,C:\Users\james\OneDrive - Lancaster University\Documents\Projects\MARS-Summer-Research\data\raw\KolektorSDD2\test\20838.png,C:\Users\james\OneDrive - Lancaster University\Documents\Projects\MARS-Summer-Research\data\raw\KolektorSDD2\test\20838_GT.png
test,test,20839,0,Normal,C:\Users\james\OneDrive - Lancaster University\Documents\Projects\MARS-Summer-Research\data\raw\KolektorSDD2\test\20839.png,C:\Users\james\OneDrive - Lancaster University\Documents\Projects\MARS-Summer-Research\data\raw\KolektorSDD2\test\20839_GT.png
test,test,20840,0,Normal,C:\Users\james\OneDrive - Lancaster University\Documents\Projects\MARS-Summer-Research\data\raw\KolektorSDD2\test\20840.png,C:\Users\james\OneDrive - Lancaster University\Documents\Projects\MARS-Summer-Research\data\raw\KolektorSDD2\test\20840_GT.png
test,test,20841,0,Normal,C:\Users\james\OneDrive - Lancaster University\Documents\Projects\MARS-Summer-Research\data\raw\KolektorSDD2\test\20841.png,C:\Users\james\OneDrive - Lancaster University\Documents\Projects\MARS-Summer-Research\data\raw\KolektorSDD2\test\20841_GT.png
test,test,20842,0,Normal,C:\Users\james\OneDrive - Lancaster University\Documents\Projects\MARS-Summer-Research\data\raw\KolektorSDD2\test\20842.png,C:\Users\james\OneDrive - Lancaster University\Documents\Projects\MARS-Summer-Research\data\raw\KolektorSDD2\test\20842_GT.png
test,test,20843,0,Normal,C:\Users\james\OneDrive - Lancaster University\Documents\Projects\MARS-Summer-Research\data\raw\KolektorSDD2\test\20843.png,C:\Users\james\OneDrive - Lancaster University\Documents\Projects\MARS-Summer-Research\data\raw\KolektorSDD2\test\20843_GT.png
test,test,20844,0,Normal,C:\Users\james\OneDrive - Lancaster University\Documents\Projects\MARS-Summer-Research\data\raw\KolektorSDD2\test\20844.png,C:\Users\james\OneDrive - Lancaster University\Documents\Projects\MARS-Summer-Research\data\raw\KolektorSDD2\test\20844_GT.png
test,test,20845,0,Normal,C:\Users\james\OneDrive - Lancaster University\Documents\Projects\MARS-Summer-Research\data\raw\KolektorSDD2\test\20845.png,C:\Users\james\OneDrive - Lancaster University\Documents\Projects\MARS-Summer-Research\data\raw\KolektorSDD2\test\20845_GT.png
test,test,20846,0,Normal,C:\Users\james\OneDrive - Lancaster University\Documents\Projects\MARS-Summer-Research\data\raw\KolektorSDD2\test\20846.png,C:\Users\james\OneDrive - Lancaster University\Documents\Projects\MARS-Summer-Research\data\raw\KolektorSDD2\test\20846_GT.png
test,test,20847,0,Normal,C:\Users\james\OneDrive - Lancaster University\Documents\Projects\MARS-Summer-Research\data\raw\KolektorSDD2\test\20847.png,C:\Users\james\OneDrive - Lancaster University\Documents\Projects\MARS-Summer-Research\data\raw\KolektorSDD2\test\20847_GT.png
test,test,20848,1,Defective,C:\Users\james\OneDrive - Lancaster University\Documents\Projects\MARS-Summer-Research\data\raw\KolektorSDD2\test\20848.png,C:\Users\james\OneDrive - Lancaster University\Documents\Projects\MARS-Summer-Research\data\raw\KolektorSDD2\test\20848_GT.png
test,test,20849,0,Normal,C:\Users\james\OneDrive - Lancaster University\Documents\Projects\MARS-Summer-Research\data\raw\KolektorSDD2\test\20849.png,C:\Users\james\OneDrive - Lancaster University\Documents\Projects\MARS-Summer-Research\data\raw\KolektorSDD2\test\20849_GT.png
test,test,20850,0,Normal,C:\Users\james\OneDrive - Lancaster University\Documents\Projects\MARS-Summer-Research\data\raw\KolektorSDD2\test\20850.png,C:\Users\james\OneDrive - Lancaster University\Documents\Projects\MARS-Summer-Research\data\raw\KolektorSDD2\test\20850_GT.png
test,test,20851,0,Normal,C:\Users\james\OneDrive - Lancaster University\Documents\Projects\MARS-Summer-Research\data\raw\KolektorSDD2\test\20851.png,C:\Users\james\OneDrive - Lancaster University\Documents\Projects\MARS-Summer-Research\data\raw\KolektorSDD2\test\20851_GT.png
test,test,20852,0,Normal,C:\Users\james\OneDrive - Lancaster University\Documents\Projects\MARS-Summer-Research\data\raw\KolektorSDD2\test\20852.png,C:\Users\james\OneDrive - Lancaster University\Documents\Projects\MARS-Summer-Research\data\raw\KolektorSDD2\test\20852_GT.png
test,test,20853,0,Normal,C:\Users\james\OneDrive - Lancaster University\Documents\Projects\MARS-Summer-Research\data\raw\KolektorSDD2\test\20853.png,C:\Users\james\OneDrive - Lancaster University\Documents\Projects\MARS-Summer-Research\data\raw\KolektorSDD2\test\20853_GT.png
test,test,20854,0,Normal,C:\Users\james\OneDrive - Lancaster University\Documents\Projects\MARS-Summer-Research\data\raw\KolektorSDD2\test\20854.png,C:\Users\james\OneDrive - Lancaster University\Documents\Projects\MARS-Summer-Research\data\raw\KolektorSDD2\test\20854_GT.png
test,test,20855,0,Normal,C:\Users\james\OneDrive - Lancaster University\Documents\Projects\MARS-Summer-Research\data\raw\KolektorSDD2\test\20855.png,C:\Users\james\OneDrive - Lancaster University\Documents\Projects\MARS-Summer-Research\data\raw\KolektorSDD2\test\20855_GT.png
test,test,20856,0,Normal,C:\Users\james\OneDrive - Lancaster University\Documents\Projects\MARS-Summer-Research\data\raw\KolektorSDD2\test\20856.png,C:\Users\james\OneDrive - Lancaster University\Documents\Projects\MARS-Summer-Research\data\raw\KolektorSDD2\test\20856_GT.png
test,test,20857,1,Defective,C:\Users\james\OneDrive - Lancaster University\Documents\Projects\MARS-Summer-Research\data\raw\KolektorSDD2\test\20857.png,C:\Users\james\OneDrive - Lancaster University\Documents\Projects\MARS-Summer-Research\data\raw\KolektorSDD2\test\20857_GT.png
test,test,20858,0,Normal,C:\Users\james\OneDrive - Lancaster University\Documents\Projects\MARS-Summer-Research\data\raw\KolektorSDD2\test\20858.png,C:\Users\james\OneDrive - Lancaster University\Documents\Projects\MARS-Summer-Research\data\raw\KolektorSDD2\test\20858_GT.png
test,test,20859,0,Normal,C:\Users\james\OneDrive - Lancaster University\Documents\Projects\MARS-Summer-Research\data\raw\KolektorSDD2\test\20859.png,C:\Users\james\OneDrive - Lancaster University\Documents\Projects\MARS-Summer-Research\data\raw\KolektorSDD2\test\20859_GT.png
test,test,20860,0,Normal,C:\Users\james\OneDrive - Lancaster University\Documents\Projects\MARS-Summer-Research\data\raw\KolektorSDD2\test\20860.png,C:\Users\james\OneDrive - Lancaster University\Documents\Projects\MARS-Summer-Research\data\raw\KolektorSDD2\test\20860_GT.png
test,test,20861,0,Normal,C:\Users\james\OneDrive - Lancaster University\Documents\Projects\MARS-Summer-Research\data\raw\KolektorSDD2\test\20861.png,C:\Users\james\OneDrive - Lancaster University\Documents\Projects\MARS-Summer-Research\data\raw\KolektorSDD2\test\20861_GT.png
test,test,20862,0,Normal,C:\Users\james\OneDrive - Lancaster University\Documents\Projects\MARS-Summer-Research\data\raw\KolektorSDD2\test\20862.png,C:\Users\james\OneDrive - Lancaster University\Documents\Projects\MARS-Summer-Research\data\raw\KolektorSDD2\test\20862_GT.png
test,test,20863,0,Normal,C:\Users\james\OneDrive - Lancaster University\Documents\Projects\MARS-Summer-Research\data\raw\KolektorSDD2\test\20863.png,C:\Users\james\OneDrive - Lancaster University\Documents\Projects\MARS-Summer-Research\data\raw\KolektorSDD2\test\20863_GT.png
test,test,20864,0,Normal,C:\Users\james\OneDrive - Lancaster University\Documents\Projects\MARS-Summer-Research\data\raw\KolektorSDD2\test\20864.png,C:\Users\james\OneDrive - Lancaster University\Documents\Projects\MARS-Summer-Research\data\raw\KolektorSDD2\test\20864_GT.png
test,test,20865,0,Normal,C:\Users\james\OneDrive - Lancaster University\Documents\Projects\MARS-Summer-Research\data\raw\KolektorSDD2\test\20865.png,C:\Users\james\OneDrive - Lancaster University\Documents\Projects\MARS-Summer-Research\data\raw\KolektorSDD2\test\20865_GT.png
test,test,20866,0,Normal,C:\Users\james\OneDrive - Lancaster University\Documents\Projects\MARS-Summer-Research\data\raw\KolektorSDD2\test\20866.png,C:\Users\james\OneDrive - Lancaster University\Documents\Projects\MARS-Summer-Research\data\raw\KolektorSDD2\test\20866_GT.png
test,test,20867,0,Normal,C:\Users\james\OneDrive - Lancaster University\Documents\Projects\MARS-Summer-Research\data\raw\KolektorSDD2\test\20867.png,C:\Users\james\OneDrive - Lancaster University\Documents\Projects\MARS-Summer-Research\data\raw\KolektorSDD2\test\20867_GT.png
test,test,20868,0,Normal,C:\Users\james\OneDrive - Lancaster University\Documents\Projects\MARS-Summer-Research\data\raw\KolektorSDD2\test\20868.png,C:\Users\james\OneDrive - Lancaster University\Documents\Projects\MARS-Summer-Research\data\raw\KolektorSDD2\test\20868_GT.png
test,test,20869,0,Normal,C:\Users\james\OneDrive - Lancaster University\Documents\Projects\MARS-Summer-Research\data\raw\KolektorSDD2\test\20869.png,C:\Users\james\OneDrive - Lancaster University\Documents\Projects\MARS-Summer-Research\data\raw\KolektorSDD2\test\20869_GT.png
test,test,20870,1,Defective,C:\Users\james\OneDrive - Lancaster University\Documents\Projects\MARS-Summer-Research\data\raw\KolektorSDD2\test\20870.png,C:\Users\james\OneDrive - Lancaster University\Documents\Projects\MARS-Summer-Research\data\raw\KolektorSDD2\test\20870_GT.png
test,test,20871,0,Normal,C:\Users\james\OneDrive - Lancaster University\Documents\Projects\MARS-Summer-Research\data\raw\KolektorSDD2\test\20871.png,C:\Users\james\OneDrive - Lancaster University\Documents\Projects\MARS-Summer-Research\data\raw\KolektorSDD2\test\20871_GT.png
test,test,20872,0,Normal,C:\Users\james\OneDrive - Lancaster University\Documents\Projects\MARS-Summer-Research\data\raw\KolektorSDD2\test\20872.png,C:\Users\james\OneDrive - Lancaster University\Documents\Projects\MARS-Summer-Research\data\raw\KolektorSDD2\test\20872_GT.png
test,test,20873,0,Normal,C:\Users\james\OneDrive - Lancaster University\Documents\Projects\MARS-Summer-Research\data\raw\KolektorSDD2\test\20873.png,C:\Users\james\OneDrive - Lancaster University\Documents\Projects\MARS-Summer-Research\data\raw\KolektorSDD2\test\20873_GT.png
test,test,20874,0,Normal,C:\Users\james\OneDrive - Lancaster University\Documents\Projects\MARS-Summer-Research\data\raw\KolektorSDD2\test\20874.png,C:\Users\james\OneDrive - Lancaster University\Documents\Projects\MARS-Summer-Research\data\raw\KolektorSDD2\test\20874_GT.png
test,test,20875,0,Normal,C:\Users\james\OneDrive - Lancaster University\Documents\Projects\MARS-Summer-Research\data\raw\KolektorSDD2\test\20875.png,C:\Users\james\OneDrive - Lancaster University\Documents\Projects\MARS-Summer-Research\data\raw\KolektorSDD2\test\20875_GT.png
test,test,20876,0,Normal,C:\Users\james\OneDrive - Lancaster University\Documents\Projects\MARS-Summer-Research\data\raw\KolektorSDD2\test\20876.png,C:\Users\james\OneDrive - Lancaster University\Documents\Projects\MARS-Summer-Research\data\raw\KolektorSDD2\test\20876_GT.png
test,test,20877,0,Normal,C:\Users\james\OneDrive - Lancaster University\Documents\Projects\MARS-Summer-Research\data\raw\KolektorSDD2\test\20877.png,C:\Users\james\OneDrive - Lancaster University\Documents\Projects\MARS-Summer-Research\data\raw\KolektorSDD2\test\20877_GT.png
test,test,20878,0,Normal,C:\Users\james\OneDrive - Lancaster University\Documents\Projects\MARS-Summer-Research\data\raw\KolektorSDD2\test\20878.png,C:\Users\james\OneDrive - Lancaster University\Documents\Projects\MARS-Summer-Research\data\raw\KolektorSDD2\test\20878_GT.png
test,test,20879,0,Normal,C:\Users\james\OneDrive - Lancaster University\Documents\Projects\MARS-Summer-Research\data\raw\KolektorSDD2\test\20879.png,C:\Users\james\OneDrive - Lancaster University\Documents\Projects\MARS-Summer-Research\data\raw\KolektorSDD2\test\20879_GT.png
test,test,20880,0,Normal,C:\Users\james\OneDrive - Lancaster University\Documents\Projects\MARS-Summer-Research\data\raw\KolektorSDD2\test\20880.png,C:\Users\james\OneDrive - Lancaster University\Documents\Projects\MARS-Summer-Research\data\raw\KolektorSDD2\test\20880_GT.png
test,test,20881,1,Defective,C:\Users\james\OneDrive - Lancaster University\Documents\Projects\MARS-Summer-Research\data\raw\KolektorSDD2\test\20881.png,C:\Users\james\OneDrive - Lancaster University\Documents\Projects\MARS-Summer-Research\data\raw\KolektorSDD2\test\20881_GT.png
test,test,20882,1,Defective,C:\Users\james\OneDrive - Lancaster University\Documents\Projects\MARS-Summer-Research\data\raw\KolektorSDD2\test\20882.png,C:\Users\james\OneDrive - Lancaster University\Documents\Projects\MARS-Summer-Research\data\raw\KolektorSDD2\test\20882_GT.png
test,test,20883,0,Normal,C:\Users\james\OneDrive - Lancaster University\Documents\Projects\MARS-Summer-Research\data\raw\KolektorSDD2\test\20883.png,C:\Users\james\OneDrive - Lancaster University\Documents\Projects\MARS-Summer-Research\data\raw\KolektorSDD2\test\20883_GT.png
test,test,20884,1,Defective,C:\Users\james\OneDrive - Lancaster University\Documents\Projects\MARS-Summer-Research\data\raw\KolektorSDD2\test\20884.png,C:\Users\james\OneDrive - Lancaster University\Documents\Projects\MARS-Summer-Research\data\raw\KolektorSDD2\test\20884_GT.png
test,test,20885,0,Normal,C:\Users\james\OneDrive - Lancaster University\Documents\Projects\MARS-Summer-Research\data\raw\KolektorSDD2\test\20885.png,C:\Users\james\OneDrive - Lancaster University\Documents\Projects\MARS-Summer-Research\data\raw\KolektorSDD2\test\20885_GT.png
test,test,20886,0,Normal,C:\Users\james\OneDrive - Lancaster University\Documents\Projects\MARS-Summer-Research\data\raw\KolektorSDD2\test\20886.png,C:\Users\james\OneDrive - Lancaster University\Documents\Projects\MARS-Summer-Research\data\raw\KolektorSDD2\test\20886_GT.png
test,test,20887,0,Normal,C:\Users\james\OneDrive - Lancaster University\Documents\Projects\MARS-Summer-Research\data\raw\KolektorSDD2\test\20887.png,C:\Users\james\OneDrive - Lancaster University\Documents\Projects\MARS-Summer-Research\data\raw\KolektorSDD2\test\20887_GT.png
test,test,20888,0,Normal,C:\Users\james\OneDrive - Lancaster University\Documents\Projects\MARS-Summer-Research\data\raw\KolektorSDD2\test\20888.png,C:\Users\james\OneDrive - Lancaster University\Documents\Projects\MARS-Summer-Research\data\raw\KolektorSDD2\test\20888_GT.png
test,test,20889,0,Normal,C:\Users\james\OneDrive - Lancaster University\Documents\Projects\MARS-Summer-Research\data\raw\KolektorSDD2\test\20889.png,C:\Users\james\OneDrive - Lancaster University\Documents\Projects\MARS-Summer-Research\data\raw\KolektorSDD2\test\20889_GT.png
test,test,20890,0,Normal,C:\Users\james\OneDrive - Lancaster University\Documents\Projects\MARS-Summer-Research\data\raw\KolektorSDD2\test\20890.png,C:\Users\james\OneDrive - Lancaster University\Documents\Projects\MARS-Summer-Research\data\raw\KolektorSDD2\test\20890_GT.png
test,test,20891,1,Defective,C:\Users\james\OneDrive - Lancaster University\Documents\Projects\MARS-Summer-Research\data\raw\KolektorSDD2\test\20891.png,C:\Users\james\OneDrive - Lancaster University\Documents\Projects\MARS-Summer-Research\data\raw\KolektorSDD2\test\20891_GT.png
test,test,20892,1,Defective,C:\Users\james\OneDrive - Lancaster University\Documents\Projects\MARS-Summer-Research\data\raw\KolektorSDD2\test\20892.png,C:\Users\james\OneDrive - Lancaster University\Documents\Projects\MARS-Summer-Research\data\raw\KolektorSDD2\test\20892_GT.png
test,test,20893,0,Normal,C:\Users\james\OneDrive - Lancaster University\Documents\Projects\MARS-Summer-Research\data\raw\KolektorSDD2\test\20893.png,C:\Users\james\OneDrive - Lancaster University\Documents\Projects\MARS-Summer-Research\data\raw\KolektorSDD2\test\20893_GT.png
test,test,20894,0,Normal,C:\Users\james\OneDrive - Lancaster University\Documents\Projects\MARS-Summer-Research\data\raw\KolektorSDD2\test\20894.png,C:\Users\james\OneDrive - Lancaster University\Documents\Projects\MARS-Summer-Research\data\raw\KolektorSDD2\test\20894_GT.png
test,test,20895,1,Defective,C:\Users\james\OneDrive - Lancaster University\Documents\Projects\MARS-Summer-Research\data\raw\KolektorSDD2\test\20895.png,C:\Users\james\OneDrive - Lancaster University\Documents\Projects\MARS-Summer-Research\data\raw\KolektorSDD2\test\20895_GT.png
test,test,20896,0,Normal,C:\Users\james\OneDrive - Lancaster University\Documents\Projects\MARS-Summer-Research\data\raw\KolektorSDD2\test\20896.png,C:\Users\james\OneDrive - Lancaster University\Documents\Projects\MARS-Summer-Research\data\raw\KolektorSDD2\test\20896_GT.png
test,test,20897,0,Normal,C:\Users\james\OneDrive - Lancaster University\Documents\Projects\MARS-Summer-Research\data\raw\KolektorSDD2\test\20897.png,C:\Users\james\OneDrive - Lancaster University\Documents\Projects\MARS-Summer-Research\data\raw\KolektorSDD2\test\20897_GT.png
test,test,20898,0,Normal,C:\Users\james\OneDrive - Lancaster University\Documents\Projects\MARS-Summer-Research\data\raw\KolektorSDD2\test\20898.png,C:\Users\james\OneDrive - Lancaster University\Documents\Projects\MARS-Summer-Research\data\raw\KolektorSDD2\test\20898_GT.png
test,test,20899,0,Normal,C:\Users\james\OneDrive - Lancaster University\Documents\Projects\MARS-Summer-Research\data\raw\KolektorSDD2\test\20899.png,C:\Users\james\OneDrive - Lancaster University\Documents\Projects\MARS-Summer-Research\data\raw\KolektorSDD2\test\20899_GT.png
test,test,20900,0,Normal,C:\Users\james\OneDrive - Lancaster University\Documents\Projects\MARS-Summer-Research\data\raw\KolektorSDD2\test\20900.png,C:\Users\james\OneDrive - Lancaster University\Documents\Projects\MARS-Summer-Research\data\raw\KolektorSDD2\test\20900_GT.png
test,test,20901,0,Normal,C:\Users\james\OneDrive - Lancaster University\Documents\Projects\MARS-Summer-Research\data\raw\KolektorSDD2\test\20901.png,C:\Users\james\OneDrive - Lancaster University\Documents\Projects\MARS-Summer-Research\data\raw\KolektorSDD2\test\20901_GT.png
test,test,20902,1,Defective,C:\Users\james\OneDrive - Lancaster University\Documents\Projects\MARS-Summer-Research\data\raw\KolektorSDD2\test\20902.png,C:\Users\james\OneDrive - Lancaster University\Documents\Projects\MARS-Summer-Research\data\raw\KolektorSDD2\test\20902_GT.png
test,test,20903,0,Normal,C:\Users\james\OneDrive - Lancaster University\Documents\Projects\MARS-Summer-Research\data\raw\KolektorSDD2\test\20903.png,C:\Users\james\OneDrive - Lancaster University\Documents\Projects\MARS-Summer-Research\data\raw\KolektorSDD2\test\20903_GT.png
test,test,20904,0,Normal,C:\Users\james\OneDrive - Lancaster University\Documents\Projects\MARS-Summer-Research\data\raw\KolektorSDD2\test\20904.png,C:\Users\james\OneDrive - Lancaster University\Documents\Projects\MARS-Summer-Research\data\raw\KolektorSDD2\test\20904_GT.png
test,test,20905,0,Normal,C:\Users\james\OneDrive - Lancaster University\Documents\Projects\MARS-Summer-Research\data\raw\KolektorSDD2\test\20905.png,C:\Users\james\OneDrive - Lancaster University\Documents\Projects\MARS-Summer-Research\data\raw\KolektorSDD2\test\20905_GT.png
test,test,20906,0,Normal,C:\Users\james\OneDrive - Lancaster University\Documents\Projects\MARS-Summer-Research\data\raw\KolektorSDD2\test\20906.png,C:\Users\james\OneDrive - Lancaster University\Documents\Projects\MARS-Summer-Research\data\raw\KolektorSDD2\test\20906_GT.png
test,test,20907,0,Normal,C:\Users\james\OneDrive - Lancaster University\Documents\Projects\MARS-Summer-Research\data\raw\KolektorSDD2\test\20907.png,C:\Users\james\OneDrive - Lancaster University\Documents\Projects\MARS-Summer-Research\data\raw\KolektorSDD2\test\20907_GT.png
test,test,20908,0,Normal,C:\Users\james\OneDrive - Lancaster University\Documents\Projects\MARS-Summer-Research\data\raw\KolektorSDD2\test\20908.png,C:\Users\james\OneDrive - Lancaster University\Documents\Projects\MARS-Summer-Research\data\raw\KolektorSDD2\test\20908_GT.png
test,test,20909,0,Normal,C:\Users\james\OneDrive - Lancaster University\Documents\Projects\MARS-Summer-Research\data\raw\KolektorSDD2\test\20909.png,C:\Users\james\OneDrive - Lancaster University\Documents\Projects\MARS-Summer-Research\data\raw\KolektorSDD2\test\20909_GT.png
test,test,20910,0,Normal,C:\Users\james\OneDrive - Lancaster University\Documents\Projects\MARS-Summer-Research\data\raw\KolektorSDD2\test\20910.png,C:\Users\james\OneDrive - Lancaster University\Documents\Projects\MARS-Summer-Research\data\raw\KolektorSDD2\test\20910_GT.png
test,test,20911,0,Normal,C:\Users\james\OneDrive - Lancaster University\Documents\Projects\MARS-Summer-Research\data\raw\KolektorSDD2\test\20911.png,C:\Users\james\OneDrive - Lancaster University\Documents\Projects\MARS-Summer-Research\data\raw\KolektorSDD2\test\20911_GT.png
test,test,20912,1,Defective,C:\Users\james\OneDrive - Lancaster University\Documents\Projects\MARS-Summer-Research\data\raw\KolektorSDD2\test\20912.png,C:\Users\james\OneDrive - Lancaster University\Documents\Projects\MARS-Summer-Research\data\raw\KolektorSDD2\test\20912_GT.png
test,test,20913,0,Normal,C:\Users\james\OneDrive - Lancaster University\Documents\Projects\MARS-Summer-Research\data\raw\KolektorSDD2\test\20913.png,C:\Users\james\OneDrive - Lancaster University\Documents\Projects\MARS-Summer-Research\data\raw\KolektorSDD2\test\20913_GT.png
test,test,20914,0,Normal,C:\Users\james\OneDrive - Lancaster University\Documents\Projects\MARS-Summer-Research\data\raw\KolektorSDD2\test\20914.png,C:\Users\james\OneDrive - Lancaster University\Documents\Projects\MARS-Summer-Research\data\raw\KolektorSDD2\test\20914_GT.png
test,test,20915,0,Normal,C:\Users\james\OneDrive - Lancaster University\Documents\Projects\MARS-Summer-Research\data\raw\KolektorSDD2\test\20915.png,C:\Users\james\OneDrive - Lancaster University\Documents\Projects\MARS-Summer-Research\data\raw\KolektorSDD2\test\20915_GT.png
test,test,20916,0,Normal,C:\Users\james\OneDrive - Lancaster University\Documents\Projects\MARS-Summer-Research\data\raw\KolektorSDD2\test\20916.png,C:\Users\james\OneDrive - Lancaster University\Documents\Projects\MARS-Summer-Research\data\raw\KolektorSDD2\test\20916_GT.png
test,test,20917,0,Normal,C:\Users\james\OneDrive - Lancaster University\Documents\Projects\MARS-Summer-Research\data\raw\KolektorSDD2\test\20917.png,C:\Users\james\OneDrive - Lancaster University\Documents\Projects\MARS-Summer-Research\data\raw\KolektorSDD2\test\20917_GT.png
test,test,20918,0,Normal,C:\Users\james\OneDrive - Lancaster University\Documents\Projects\MARS-Summer-Research\data\raw\KolektorSDD2\test\20918.png,C:\Users\james\OneDrive - Lancaster University\Documents\Projects\MARS-Summer-Research\data\raw\KolektorSDD2\test\20918_GT.png
test,test,20919,0,Normal,C:\Users\james\OneDrive - Lancaster University\Documents\Projects\MARS-Summer-Research\data\raw\KolektorSDD2\test\20919.png,C:\Users\james\OneDrive - Lancaster University\Documents\Projects\MARS-Summer-Research\data\raw\KolektorSDD2\test\20919_GT.png
test,test,20920,0,Normal,C:\Users\james\OneDrive - Lancaster University\Documents\Projects\MARS-Summer-Research\data\raw\KolektorSDD2\test\20920.png,C:\Users\james\OneDrive - Lancaster University\Documents\Projects\MARS-Summer-Research\data\raw\KolektorSDD2\test\20920_GT.png
test,test,20921,0,Normal,C:\Users\james\OneDrive - Lancaster University\Documents\Projects\MARS-Summer-Research\data\raw\KolektorSDD2\test\20921.png,C:\Users\james\OneDrive - Lancaster University\Documents\Projects\MARS-Summer-Research\data\raw\KolektorSDD2\test\20921_GT.png
test,test,20922,1,Defective,C:\Users\james\OneDrive - Lancaster University\Documents\Projects\MARS-Summer-Research\data\raw\KolektorSDD2\test\20922.png,C:\Users\james\OneDrive - Lancaster University\Documents\Projects\MARS-Summer-Research\data\raw\KolektorSDD2\test\20922_GT.png
test,test,20923,0,Normal,C:\Users\james\OneDrive - Lancaster University\Documents\Projects\MARS-Summer-Research\data\raw\KolektorSDD2\test\20923.png,C:\Users\james\OneDrive - Lancaster University\Documents\Projects\MARS-Summer-Research\data\raw\KolektorSDD2\test\20923_GT.png
test,test,20924,0,Normal,C:\Users\james\OneDrive - Lancaster University\Documents\Projects\MARS-Summer-Research\data\raw\KolektorSDD2\test\20924.png,C:\Users\james\OneDrive - Lancaster University\Documents\Projects\MARS-Summer-Research\data\raw\KolektorSDD2\test\20924_GT.png
test,test,20925,0,Normal,C:\Users\james\OneDrive - Lancaster University\Documents\Projects\MARS-Summer-Research\data\raw\KolektorSDD2\test\20925.png,C:\Users\james\OneDrive - Lancaster University\Documents\Projects\MARS-Summer-Research\data\raw\KolektorSDD2\test\20925_GT.png
test,test,20926,0,Normal,C:\Users\james\OneDrive - Lancaster University\Documents\Projects\MARS-Summer-Research\data\raw\KolektorSDD2\test\20926.png,C:\Users\james\OneDrive - Lancaster University\Documents\Projects\MARS-Summer-Research\data\raw\KolektorSDD2\test\20926_GT.png
test,test,20927,0,Normal,C:\Users\james\OneDrive - Lancaster University\Documents\Projects\MARS-Summer-Research\data\raw\KolektorSDD2\test\20927.png,C:\Users\james\OneDrive - Lancaster University\Documents\Projects\MARS-Summer-Research\data\raw\KolektorSDD2\test\20927_GT.png
test,test,20928,0,Normal,C:\Users\james\OneDrive - Lancaster University\Documents\Projects\MARS-Summer-Research\data\raw\KolektorSDD2\test\20928.png,C:\Users\james\OneDrive - Lancaster University\Documents\Projects\MARS-Summer-Research\data\raw\KolektorSDD2\test\20928_GT.png
test,test,20929,0,Normal,C:\Users\james\OneDrive - Lancaster University\Documents\Projects\MARS-Summer-Research\data\raw\KolektorSDD2\test\20929.png,C:\Users\james\OneDrive - Lancaster University\Documents\Projects\MARS-Summer-Research\data\raw\KolektorSDD2\test\20929_GT.png
test,test,20930,0,Normal,C:\Users\james\OneDrive - Lancaster University\Documents\Projects\MARS-Summer-Research\data\raw\KolektorSDD2\test\20930.png,C:\Users\james\OneDrive - Lancaster University\Documents\Projects\MARS-Summer-Research\data\raw\KolektorSDD2\test\20930_GT.png
test,test,20931,0,Normal,C:\Users\james\OneDrive - Lancaster University\Documents\Projects\MARS-Summer-Research\data\raw\KolektorSDD2\test\20931.png,C:\Users\james\OneDrive - Lancaster University\Documents\Projects\MARS-Summer-Research\data\raw\KolektorSDD2\test\20931_GT.png
test,test,20932,0,Normal,C:\Users\james\OneDrive - Lancaster University\Documents\Projects\MARS-Summer-Research\data\raw\KolektorSDD2\test\20932.png,C:\Users\james\OneDrive - Lancaster University\Documents\Projects\MARS-Summer-Research\data\raw\KolektorSDD2\test\20932_GT.png
test,test,20933,0,Normal,C:\Users\james\OneDrive - Lancaster University\Documents\Projects\MARS-Summer-Research\data\raw\KolektorSDD2\test\20933.png,C:\Users\james\OneDrive - Lancaster University\Documents\Projects\MARS-Summer-Research\data\raw\KolektorSDD2\test\20933_GT.png
test,test,20934,0,Normal,C:\Users\james\OneDrive - Lancaster University\Documents\Projects\MARS-Summer-Research\data\raw\KolektorSDD2\test\20934.png,C:\Users\james\OneDrive - Lancaster University\Documents\Projects\MARS-Summer-Research\data\raw\KolektorSDD2\test\20934_GT.png
test,test,20935,0,Normal,C:\Users\james\OneDrive - Lancaster University\Documents\Projects\MARS-Summer-Research\data\raw\KolektorSDD2\test\20935.png,C:\Users\james\OneDrive - Lancaster University\Documents\Projects\MARS-Summer-Research\data\raw\KolektorSDD2\test\20935_GT.png
test,test,20936,0,Normal,C:\Users\james\OneDrive - Lancaster University\Documents\Projects\MARS-Summer-Research\data\raw\KolektorSDD2\test\20936.png,C:\Users\james\OneDrive - Lancaster University\Documents\Projects\MARS-Summer-Research\data\raw\KolektorSDD2\test\20936_GT.png
test,test,20937,0,Normal,C:\Users\james\OneDrive - Lancaster University\Documents\Projects\MARS-Summer-Research\data\raw\KolektorSDD2\test\20937.png,C:\Users\james\OneDrive - Lancaster University\Documents\Projects\MARS-Summer-Research\data\raw\KolektorSDD2\test\20937_GT.png
test,test,20938,0,Normal,C:\Users\james\OneDrive - Lancaster University\Documents\Projects\MARS-Summer-Research\data\raw\KolektorSDD2\test\20938.png,C:\Users\james\OneDrive - Lancaster University\Documents\Projects\MARS-Summer-Research\data\raw\KolektorSDD2\test\20938_GT.png
test,test,20939,0,Normal,C:\Users\james\OneDrive - Lancaster University\Documents\Projects\MARS-Summer-Research\data\raw\KolektorSDD2\test\20939.png,C:\Users\james\OneDrive - Lancaster University\Documents\Projects\MARS-Summer-Research\data\raw\KolektorSDD2\test\20939_GT.png
test,test,20940,0,Normal,C:\Users\james\OneDrive - Lancaster University\Documents\Projects\MARS-Summer-Research\data\raw\KolektorSDD2\test\20940.png,C:\Users\james\OneDrive - Lancaster University\Documents\Projects\MARS-Summer-Research\data\raw\KolektorSDD2\test\20940_GT.png
test,test,20941,1,Defective,C:\Users\james\OneDrive - Lancaster University\Documents\Projects\MARS-Summer-Research\data\raw\KolektorSDD2\test\20941.png,C:\Users\james\OneDrive - Lancaster University\Documents\Projects\MARS-Summer-Research\data\raw\KolektorSDD2\test\20941_GT.png
test,test,20942,1,Defective,C:\Users\james\OneDrive - Lancaster University\Documents\Projects\MARS-Summer-Research\data\raw\KolektorSDD2\test\20942.png,C:\Users\james\OneDrive - Lancaster University\Documents\Projects\MARS-Summer-Research\data\raw\KolektorSDD2\test\20942_GT.png
test,test,20943,0,Normal,C:\Users\james\OneDrive - Lancaster University\Documents\Projects\MARS-Summer-Research\data\raw\KolektorSDD2\test\20943.png,C:\Users\james\OneDrive - Lancaster University\Documents\Projects\MARS-Summer-Research\data\raw\KolektorSDD2\test\20943_GT.png
test,test,20944,0,Normal,C:\Users\james\OneDrive - Lancaster University\Documents\Projects\MARS-Summer-Research\data\raw\KolektorSDD2\test\20944.png,C:\Users\james\OneDrive - Lancaster University\Documents\Projects\MARS-Summer-Research\data\raw\KolektorSDD2\test\20944_GT.png
test,test,20945,0,Normal,C:\Users\james\OneDrive - Lancaster University\Documents\Projects\MARS-Summer-Research\data\raw\KolektorSDD2\test\20945.png,C:\Users\james\OneDrive - Lancaster University\Documents\Projects\MARS-Summer-Research\data\raw\KolektorSDD2\test\20945_GT.png
test,test,20946,0,Normal,C:\Users\james\OneDrive - Lancaster University\Documents\Projects\MARS-Summer-Research\data\raw\KolektorSDD2\test\20946.png,C:\Users\james\OneDrive - Lancaster University\Documents\Projects\MARS-Summer-Research\data\raw\KolektorSDD2\test\20946_GT.png
test,test,20947,0,Normal,C:\Users\james\OneDrive - Lancaster University\Documents\Projects\MARS-Summer-Research\data\raw\KolektorSDD2\test\20947.png,C:\Users\james\OneDrive - Lancaster University\Documents\Projects\MARS-Summer-Research\data\raw\KolektorSDD2\test\20947_GT.png
test,test,20948,0,Normal,C:\Users\james\OneDrive - Lancaster University\Documents\Projects\MARS-Summer-Research\data\raw\KolektorSDD2\test\20948.png,C:\Users\james\OneDrive - Lancaster University\Documents\Projects\MARS-Summer-Research\data\raw\KolektorSDD2\test\20948_GT.png
test,test,20949,0,Normal,C:\Users\james\OneDrive - Lancaster University\Documents\Projects\MARS-Summer-Research\data\raw\KolektorSDD2\test\20949.png,C:\Users\james\OneDrive - Lancaster University\Documents\Projects\MARS-Summer-Research\data\raw\KolektorSDD2\test\20949_GT.png
test,test,20950,0,Normal,C:\Users\james\OneDrive - Lancaster University\Documents\Projects\MARS-Summer-Research\data\raw\KolektorSDD2\test\20950.png,C:\Users\james\OneDrive - Lancaster University\Documents\Projects\MARS-Summer-Research\data\raw\KolektorSDD2\test\20950_GT.png
test,test,20951,0,Normal,C:\Users\james\OneDrive - Lancaster University\Documents\Projects\MARS-Summer-Research\data\raw\KolektorSDD2\test\20951.png,C:\Users\james\OneDrive - Lancaster University\Documents\Projects\MARS-Summer-Research\data\raw\KolektorSDD2\test\20951_GT.png
test,test,20952,1,Defective,C:\Users\james\OneDrive - Lancaster University\Documents\Projects\MARS-Summer-Research\data\raw\KolektorSDD2\test\20952.png,C:\Users\james\OneDrive - Lancaster University\Documents\Projects\MARS-Summer-Research\data\raw\KolektorSDD2\test\20952_GT.png
test,test,20953,0,Normal,C:\Users\james\OneDrive - Lancaster University\Documents\Projects\MARS-Summer-Research\data\raw\KolektorSDD2\test\20953.png,C:\Users\james\OneDrive - Lancaster University\Documents\Projects\MARS-Summer-Research\data\raw\KolektorSDD2\test\20953_GT.png
test,test,20954,0,Normal,C:\Users\james\OneDrive - Lancaster University\Documents\Projects\MARS-Summer-Research\data\raw\KolektorSDD2\test\20954.png,C:\Users\james\OneDrive - Lancaster University\Documents\Projects\MARS-Summer-Research\data\raw\KolektorSDD2\test\20954_GT.png
test,test,20955,0,Normal,C:\Users\james\OneDrive - Lancaster University\Documents\Projects\MARS-Summer-Research\data\raw\KolektorSDD2\test\20955.png,C:\Users\james\OneDrive - Lancaster University\Documents\Projects\MARS-Summer-Research\data\raw\KolektorSDD2\test\20955_GT.png
test,test,20956,1,Defective,C:\Users\james\OneDrive - Lancaster University\Documents\Projects\MARS-Summer-Research\data\raw\KolektorSDD2\test\20956.png,C:\Users\james\OneDrive - Lancaster University\Documents\Projects\MARS-Summer-Research\data\raw\KolektorSDD2\test\20956_GT.png
test,test,20957,0,Normal,C:\Users\james\OneDrive - Lancaster University\Documents\Projects\MARS-Summer-Research\data\raw\KolektorSDD2\test\20957.png,C:\Users\james\OneDrive - Lancaster University\Documents\Projects\MARS-Summer-Research\data\raw\KolektorSDD2\test\20957_GT.png
test,test,20958,0,Normal,C:\Users\james\OneDrive - Lancaster University\Documents\Projects\MARS-Summer-Research\data\raw\KolektorSDD2\test\20958.png,C:\Users\james\OneDrive - Lancaster University\Documents\Projects\MARS-Summer-Research\data\raw\KolektorSDD2\test\20958_GT.png
test,test,20959,1,Defective,C:\Users\james\OneDrive - Lancaster University\Documents\Projects\MARS-Summer-Research\data\raw\KolektorSDD2\test\20959.png,C:\Users\james\OneDrive - Lancaster University\Documents\Projects\MARS-Summer-Research\data\raw\KolektorSDD2\test\20959_GT.png
test,test,20960,0,Normal,C:\Users\james\OneDrive - Lancaster University\Documents\Projects\MARS-Summer-Research\data\raw\KolektorSDD2\test\20960.png,C:\Users\james\OneDrive - Lancaster University\Documents\Projects\MARS-Summer-Research\data\raw\KolektorSDD2\test\20960_GT.png
test,test,20961,0,Normal,C:\Users\james\OneDrive - Lancaster University\Documents\Projects\MARS-Summer-Research\data\raw\KolektorSDD2\test\20961.png,C:\Users\james\OneDrive - Lancaster University\Documents\Projects\MARS-Summer-Research\data\raw\KolektorSDD2\test\20961_GT.png
test,test,20962,0,Normal,C:\Users\james\OneDrive - Lancaster University\Documents\Projects\MARS-Summer-Research\data\raw\KolektorSDD2\test\20962.png,C:\Users\james\OneDrive - Lancaster University\Documents\Projects\MARS-Summer-Research\data\raw\KolektorSDD2\test\20962_GT.png
test,test,20963,0,Normal,C:\Users\james\OneDrive - Lancaster University\Documents\Projects\MARS-Summer-Research\data\raw\KolektorSDD2\test\20963.png,C:\Users\james\OneDrive - Lancaster University\Documents\Projects\MARS-Summer-Research\data\raw\KolektorSDD2\test\20963_GT.png
test,test,20964,0,Normal,C:\Users\james\OneDrive - Lancaster University\Documents\Projects\MARS-Summer-Research\data\raw\KolektorSDD2\test\20964.png,C:\Users\james\OneDrive - Lancaster University\Documents\Projects\MARS-Summer-Research\data\raw\KolektorSDD2\test\20964_GT.png
test,test,20965,0,Normal,C:\Users\james\OneDrive - Lancaster University\Documents\Projects\MARS-Summer-Research\data\raw\KolektorSDD2\test\20965.png,C:\Users\james\OneDrive - Lancaster University\Documents\Projects\MARS-Summer-Research\data\raw\KolektorSDD2\test\20965_GT.png
test,test,20966,0,Normal,C:\Users\james\OneDrive - Lancaster University\Documents\Projects\MARS-Summer-Research\data\raw\KolektorSDD2\test\20966.png,C:\Users\james\OneDrive - Lancaster University\Documents\Projects\MARS-Summer-Research\data\raw\KolektorSDD2\test\20966_GT.png
test,test,20967,0,Normal,C:\Users\james\OneDrive - Lancaster University\Documents\Projects\MARS-Summer-Research\data\raw\KolektorSDD2\test\20967.png,C:\Users\james\OneDrive - Lancaster University\Documents\Projects\MARS-Summer-Research\data\raw\KolektorSDD2\test\20967_GT.png
test,test,20968,0,Normal,C:\Users\james\OneDrive - Lancaster University\Documents\Projects\MARS-Summer-Research\data\raw\KolektorSDD2\test\20968.png,C:\Users\james\OneDrive - Lancaster University\Documents\Projects\MARS-Summer-Research\data\raw\KolektorSDD2\test\20968_GT.png
test,test,20969,1,Defective,C:\Users\james\OneDrive - Lancaster University\Documents\Projects\MARS-Summer-Research\data\raw\KolektorSDD2\test\20969.png,C:\Users\james\OneDrive - Lancaster University\Documents\Projects\MARS-Summer-Research\data\raw\KolektorSDD2\test\20969_GT.png
test,test,20970,0,Normal,C:\Users\james\OneDrive - Lancaster University\Documents\Projects\MARS-Summer-Research\data\raw\KolektorSDD2\test\20970.png,C:\Users\james\OneDrive - Lancaster University\Documents\Projects\MARS-Summer-Research\data\raw\KolektorSDD2\test\20970_GT.png
test,test,20971,0,Normal,C:\Users\james\OneDrive - Lancaster University\Documents\Projects\MARS-Summer-Research\data\raw\KolektorSDD2\test\20971.png,C:\Users\james\OneDrive - Lancaster University\Documents\Projects\MARS-Summer-Research\data\raw\KolektorSDD2\test\20971_GT.png
test,test,20972,0,Normal,C:\Users\james\OneDrive - Lancaster University\Documents\Projects\MARS-Summer-Research\data\raw\KolektorSDD2\test\20972.png,C:\Users\james\OneDrive - Lancaster University\Documents\Projects\MARS-Summer-Research\data\raw\KolektorSDD2\test\20972_GT.png
test,test,20973,0,Normal,C:\Users\james\OneDrive - Lancaster University\Documents\Projects\MARS-Summer-Research\data\raw\KolektorSDD2\test\20973.png,C:\Users\james\OneDrive - Lancaster University\Documents\Projects\MARS-Summer-Research\data\raw\KolektorSDD2\test\20973_GT.png
test,test,20974,0,Normal,C:\Users\james\OneDrive - Lancaster University\Documents\Projects\MARS-Summer-Research\data\raw\KolektorSDD2\test\20974.png,C:\Users\james\OneDrive - Lancaster University\Documents\Projects\MARS-Summer-Research\data\raw\KolektorSDD2\test\20974_GT.png
test,test,20975,0,Normal,C:\Users\james\OneDrive - Lancaster University\Documents\Projects\MARS-Summer-Research\data\raw\KolektorSDD2\test\20975.png,C:\Users\james\OneDrive - Lancaster University\Documents\Projects\MARS-Summer-Research\data\raw\KolektorSDD2\test\20975_GT.png
test,test,20976,0,Normal,C:\Users\james\OneDrive - Lancaster University\Documents\Projects\MARS-Summer-Research\data\raw\KolektorSDD2\test\20976.png,C:\Users\james\OneDrive - Lancaster University\Documents\Projects\MARS-Summer-Research\data\raw\KolektorSDD2\test\20976_GT.png
test,test,20977,0,Normal,C:\Users\james\OneDrive - Lancaster University\Documents\Projects\MARS-Summer-Research\data\raw\KolektorSDD2\test\20977.png,C:\Users\james\OneDrive - Lancaster University\Documents\Projects\MARS-Summer-Research\data\raw\KolektorSDD2\test\20977_GT.png
test,test,20978,0,Normal,C:\Users\james\OneDrive - Lancaster University\Documents\Projects\MARS-Summer-Research\data\raw\KolektorSDD2\test\20978.png,C:\Users\james\OneDrive - Lancaster University\Documents\Projects\MARS-Summer-Research\data\raw\KolektorSDD2\test\20978_GT.png
test,test,20979,0,Normal,C:\Users\james\OneDrive - Lancaster University\Documents\Projects\MARS-Summer-Research\data\raw\KolektorSDD2\test\20979.png,C:\Users\james\OneDrive - Lancaster University\Documents\Projects\MARS-Summer-Research\data\raw\KolektorSDD2\test\20979_GT.png
test,test,20980,0,Normal,C:\Users\james\OneDrive - Lancaster University\Documents\Projects\MARS-Summer-Research\data\raw\KolektorSDD2\test\20980.png,C:\Users\james\OneDrive - Lancaster University\Documents\Projects\MARS-Summer-Research\data\raw\KolektorSDD2\test\20980_GT.png
test,test,20981,0,Normal,C:\Users\james\OneDrive - Lancaster University\Documents\Projects\MARS-Summer-Research\data\raw\KolektorSDD2\test\20981.png,C:\Users\james\OneDrive - Lancaster University\Documents\Projects\MARS-Summer-Research\data\raw\KolektorSDD2\test\20981_GT.png
test,test,20982,0,Normal,C:\Users\james\OneDrive - Lancaster University\Documents\Projects\MARS-Summer-Research\data\raw\KolektorSDD2\test\20982.png,C:\Users\james\OneDrive - Lancaster University\Documents\Projects\MARS-Summer-Research\data\raw\KolektorSDD2\test\20982_GT.png
test,test,20983,0,Normal,C:\Users\james\OneDrive - Lancaster University\Documents\Projects\MARS-Summer-Research\data\raw\KolektorSDD2\test\20983.png,C:\Users\james\OneDrive - Lancaster University\Documents\Projects\MARS-Summer-Research\data\raw\KolektorSDD2\test\20983_GT.png
test,test,20984,0,Normal,C:\Users\james\OneDrive - Lancaster University\Documents\Projects\MARS-Summer-Research\data\raw\KolektorSDD2\test\20984.png,C:\Users\james\OneDrive - Lancaster University\Documents\Projects\MARS-Summer-Research\data\raw\KolektorSDD2\test\20984_GT.png
test,test,20985,0,Normal,C:\Users\james\OneDrive - Lancaster University\Documents\Projects\MARS-Summer-Research\data\raw\KolektorSDD2\test\20985.png,C:\Users\james\OneDrive - Lancaster University\Documents\Projects\MARS-Summer-Research\data\raw\KolektorSDD2\test\20985_GT.png
test,test,20986,0,Normal,C:\Users\james\OneDrive - Lancaster University\Documents\Projects\MARS-Summer-Research\data\raw\KolektorSDD2\test\20986.png,C:\Users\james\OneDrive - Lancaster University\Documents\Projects\MARS-Summer-Research\data\raw\KolektorSDD2\test\20986_GT.png
test,test,20987,0,Normal,C:\Users\james\OneDrive - Lancaster University\Documents\Projects\MARS-Summer-Research\data\raw\KolektorSDD2\test\20987.png,C:\Users\james\OneDrive - Lancaster University\Documents\Projects\MARS-Summer-Research\data\raw\KolektorSDD2\test\20987_GT.png
test,test,20988,0,Normal,C:\Users\james\OneDrive - Lancaster University\Documents\Projects\MARS-Summer-Research\data\raw\KolektorSDD2\test\20988.png,C:\Users\james\OneDrive - Lancaster University\Documents\Projects\MARS-Summer-Research\data\raw\KolektorSDD2\test\20988_GT.png
test,test,20989,0,Normal,C:\Users\james\OneDrive - Lancaster University\Documents\Projects\MARS-Summer-Research\data\raw\KolektorSDD2\test\20989.png,C:\Users\james\OneDrive - Lancaster University\Documents\Projects\MARS-Summer-Research\data\raw\KolektorSDD2\test\20989_GT.png
test,test,20990,0,Normal,C:\Users\james\OneDrive - Lancaster University\Documents\Projects\MARS-Summer-Research\data\raw\KolektorSDD2\test\20990.png,C:\Users\james\OneDrive - Lancaster University\Documents\Projects\MARS-Summer-Research\data\raw\KolektorSDD2\test\20990_GT.png
test,test,20991,0,Normal,C:\Users\james\OneDrive - Lancaster University\Documents\Projects\MARS-Summer-Research\data\raw\KolektorSDD2\test\20991.png,C:\Users\james\OneDrive - Lancaster University\Documents\Projects\MARS-Summer-Research\data\raw\KolektorSDD2\test\20991_GT.png
test,test,20992,0,Normal,C:\Users\james\OneDrive - Lancaster University\Documents\Projects\MARS-Summer-Research\data\raw\KolektorSDD2\test\20992.png,C:\Users\james\OneDrive - Lancaster University\Documents\Projects\MARS-Summer-Research\data\raw\KolektorSDD2\test\20992_GT.png
test,test,20993,0,Normal,C:\Users\james\OneDrive - Lancaster University\Documents\Projects\MARS-Summer-Research\data\raw\KolektorSDD2\test\20993.png,C:\Users\james\OneDrive - Lancaster University\Documents\Projects\MARS-Summer-Research\data\raw\KolektorSDD2\test\20993_GT.png
test,test,20994,0,Normal,C:\Users\james\OneDrive - Lancaster University\Documents\Projects\MARS-Summer-Research\data\raw\KolektorSDD2\test\20994.png,C:\Users\james\OneDrive - Lancaster University\Documents\Projects\MARS-Summer-Research\data\raw\KolektorSDD2\test\20994_GT.png
test,test,20995,0,Normal,C:\Users\james\OneDrive - Lancaster University\Documents\Projects\MARS-Summer-Research\data\raw\KolektorSDD2\test\20995.png,C:\Users\james\OneDrive - Lancaster University\Documents\Projects\MARS-Summer-Research\data\raw\KolektorSDD2\test\20995_GT.png
test,test,20996,0,Normal,C:\Users\james\OneDrive - Lancaster University\Documents\Projects\MARS-Summer-Research\data\raw\KolektorSDD2\test\20996.png,C:\Users\james\OneDrive - Lancaster University\Documents\Projects\MARS-Summer-Research\data\raw\KolektorSDD2\test\20996_GT.png
test,test,20997,0,Normal,C:\Users\james\OneDrive - Lancaster University\Documents\Projects\MARS-Summer-Research\data\raw\KolektorSDD2\test\20997.png,C:\Users\james\OneDrive - Lancaster University\Documents\Projects\MARS-Summer-Research\data\raw\KolektorSDD2\test\20997_GT.png
test,test,20998,0,Normal,C:\Users\james\OneDrive - Lancaster University\Documents\Projects\MARS-Summer-Research\data\raw\KolektorSDD2\test\20998.png,C:\Users\james\OneDrive - Lancaster University\Documents\Projects\MARS-Summer-Research\data\raw\KolektorSDD2\test\20998_GT.png
test,test,20999,0,Normal,C:\Users\james\OneDrive - Lancaster University\Documents\Projects\MARS-Summer-Research\data\raw\KolektorSDD2\test\20999.png,C:\Users\james\OneDrive - Lancaster University\Documents\Projects\MARS-Summer-Research\data\raw\KolektorSDD2\test\20999_GT.png
test,test,21000,0,Normal,C:\Users\james\OneDrive - Lancaster University\Documents\Projects\MARS-Summer-Research\data\raw\KolektorSDD2\test\21000.png,C:\Users\james\OneDrive - Lancaster University\Documents\Projects\MARS-Summer-Research\data\raw\KolektorSDD2\test\21000_GT.png
test,test,21001,0,Normal,C:\Users\james\OneDrive - Lancaster University\Documents\Projects\MARS-Summer-Research\data\raw\KolektorSDD2\test\21001.png,C:\Users\james\OneDrive - Lancaster University\Documents\Projects\MARS-Summer-Research\data\raw\KolektorSDD2\test\21001_GT.png
test,test,21002,0,Normal,C:\Users\james\OneDrive - Lancaster University\Documents\Projects\MARS-Summer-Research\data\raw\KolektorSDD2\test\21002.png,C:\Users\james\OneDrive - Lancaster University\Documents\Projects\MARS-Summer-Research\data\raw\KolektorSDD2\test\21002_GT.png
test,test,21003,0,Normal,C:\Users\james\OneDrive - Lancaster University\Documents\Projects\MARS-Summer-Research\data\raw\KolektorSDD2\test\21003.png,C:\Users\james\OneDrive - Lancaster University\Documents\Projects\MARS-Summer-Research\data\raw\KolektorSDD2\test\21003_GT.png
